leg_id,origin,destination,connection,edge_mode,carrier_mode,carrier,inferred,mixed_edge_component,distance_miles,max_load_lb,speed_miles_per_day,travel_days,full_load_base_cost_gp,base_cost_gp_per_ton_mile
LEG-000001,Airspur,Alaghôn,Sea of Fallen Stars coasting run,sea,sea,Coasting cog,False,False,292.424486,100000,60.2,4.86,598.39,0.041
LEG-000001,Airspur,Alaghôn,Sea of Fallen Stars coasting run,sea,sea,Merchant caravel,False,False,292.424486,180000,71.8,4.07,997.32,0.038
LEG-000001,Airspur,Alaghôn,Sea of Fallen Stars coasting run,sea,sea,Deep-water galleon,False,False,292.424486,400000,65.0,4.5,1905.99,0.033
LEG-000002,Airspur,Arrabar,The Vilhon Passage,sea,sea,Coasting cog,False,False,478.272266,100000,66.5,7.19,885.49,0.037
LEG-000002,Airspur,Arrabar,The Vilhon Passage,sea,sea,Merchant caravel,False,False,478.272266,180000,79.4,6.03,1475.81,0.034
LEG-000002,Airspur,Arrabar,The Vilhon Passage,sea,sea,Deep-water galleon,False,False,478.272266,400000,71.8,6.66,2820.44,0.029
LEG-000003,Airspur,Cimbar,The Vilhon Passage,sea,sea,Coasting cog,False,False,96.66235,100000,66.5,1.45,178.96,0.037
LEG-000003,Airspur,Cimbar,The Vilhon Passage,sea,sea,Merchant caravel,False,False,96.66235,180000,79.4,1.22,298.27,0.034
LEG-000003,Airspur,Cimbar,The Vilhon Passage,sea,sea,Deep-water galleon,False,False,96.66235,400000,71.8,1.35,570.03,0.029
LEG-000004,Airspur,Hlath,caravan track,track,track,Camel caravan,True,False,162.287553,3000,14.5,11.2,54.46,0.224
LEG-000004,Airspur,Hlath,caravan track,track,track,Mule caravan,True,False,162.287553,2400,12.6,12.88,48.41,0.249
LEG-000004,Airspur,Hlath,caravan track,track,track,Ox caravan,True,False,162.287553,5000,8.8,18.4,82.7,0.204
LEG-000005,Airspur,Luthcheq,caravan track,track,track,Camel caravan,True,False,225.718852,3000,17.6,12.83,62.38,0.184
LEG-000005,Airspur,Luthcheq,caravan track,track,track,Mule caravan,True,False,225.718852,2400,15.3,14.75,55.45,0.205
LEG-000005,Airspur,Luthcheq,caravan track,track,track,Ox caravan,True,False,225.718852,5000,10.7,21.08,94.72,0.168
LEG-000006,Airspur,Lyrabar,Sea of Fallen Stars coasting run,sea,sea,Coasting cog,False,False,450.38811,100000,60.2,7.48,921.64,0.041
LEG-000006,Airspur,Lyrabar,Sea of Fallen Stars coasting run,sea,sea,Merchant caravel,False,False,450.38811,180000,71.8,6.27,1536.06,0.038
LEG-000006,Airspur,Lyrabar,Sea of Fallen Stars coasting run,sea,sea,Deep-water galleon,False,False,450.38811,400000,65.0,6.93,2935.58,0.033
LEG-000007,Airspur,Reth,Airspur through Cimbar and Soorenar to Mordulkin,road,road,Ox freight wagon,False,False,63.611634,6000,14.7,4.33,22.09,0.116
LEG-000007,Airspur,Reth,Airspur through Cimbar and Soorenar to Mordulkin,road,road,Horse freight wagon,False,False,63.611634,4000,20.4,3.12,17.96,0.141
LEG-000007,Airspur,Reth,Airspur through Cimbar and Soorenar to Mordulkin,road,road,Mule cart,False,False,63.611634,2000,18.4,3.46,7.9,0.124
LEG-000008,Airspur,Velprintalar,Sea of Fallen Stars coasting run,sea,sea,Coasting cog,False,False,300.31292,100000,60.2,4.99,614.54,0.041
LEG-000008,Airspur,Velprintalar,Sea of Fallen Stars coasting run,sea,sea,Merchant caravel,False,False,300.31292,180000,71.8,4.18,1024.23,0.038
LEG-000008,Airspur,Velprintalar,Sea of Fallen Stars coasting run,sea,sea,Deep-water galleon,False,False,300.31292,400000,65.0,4.62,1957.41,0.033
LEG-000009,Akanax,Soorenar,Soorenar to Akanax trail,trail,trail,Pack pony string,False,False,111.900517,1200,14.0,8.01,14.21,0.212
LEG-000009,Akanax,Soorenar,Soorenar to Akanax trail,trail,trail,Mule train,False,False,111.900517,2400,13.3,8.41,26.93,0.201
LEG-000009,Akanax,Soorenar,Soorenar to Akanax trail,trail,trail,Porter company,False,False,111.900517,1000,10.4,10.79,14.96,0.267
LEG-000010,Alaghôn,Airspur,Sea of Fallen Stars coasting run,sea,sea,Coasting cog,False,False,292.424486,100000,60.2,4.86,598.39,0.041
LEG-000010,Alaghôn,Airspur,Sea of Fallen Stars coasting run,sea,sea,Merchant caravel,False,False,292.424486,180000,71.8,4.07,997.32,0.038
LEG-000010,Alaghôn,Airspur,Sea of Fallen Stars coasting run,sea,sea,Deep-water galleon,False,False,292.424486,400000,65.0,4.5,1905.99,0.033
LEG-000011,Alaghôn,Arrabar,The Vilhon Passage,sea,sea,Coasting cog,False,False,327.863203,100000,66.5,4.93,607.02,0.037
LEG-000011,Alaghôn,Arrabar,The Vilhon Passage,sea,sea,Merchant caravel,False,False,327.863203,180000,79.4,4.13,1011.69,0.034
LEG-000011,Alaghôn,Arrabar,The Vilhon Passage,sea,sea,Deep-water galleon,False,False,327.863203,400000,71.8,4.57,1933.46,0.029
LEG-000012,Alaghôn,Hlath,caravan track,track,track,Camel caravan,True,False,186.007124,3000,14.5,12.84,62.42,0.224
LEG-000012,Alaghôn,Hlath,caravan track,track,track,Mule caravan,True,False,186.007124,2400,12.6,14.76,55.48,0.249
LEG-000012,Alaghôn,Hlath,caravan track,track,track,Ox caravan,True,False,186.007124,5000,8.8,21.09,94.78,0.204
LEG-000013,Alaghôn,Ironfang,local market trail,trail,trail,Pack pony string,True,False,130.979846,1200,13.0,10.1,17.92,0.228
LEG-000013,Alaghôn,Ironfang,local market trail,trail,trail,Mule train,True,False,130.979846,2400,12.3,10.61,33.95,0.216
LEG-000013,Alaghôn,Ironfang,local market trail,trail,trail,Porter company,True,False,130.979846,1000,9.6,13.6,18.86,0.288
LEG-000014,Alaghôn,Morningstar Hollows,Alaghon through Turmish to Hlondeth,road,road,Ox freight wagon,False,False,41.179555,6000,14.7,2.8,14.3,0.116
LEG-000014,Alaghôn,Morningstar Hollows,Alaghon through Turmish to Hlondeth,road,road,Horse freight wagon,False,False,41.179555,4000,20.4,2.02,11.63,0.141
LEG-000014,Alaghôn,Morningstar Hollows,Alaghon through Turmish to Hlondeth,road,road,Mule cart,False,False,41.179555,2000,18.4,2.24,5.12,0.124
LEG-000015,Alaghôn,Procampur,Sea of Fallen Stars coasting run,sea,sea,Coasting cog,False,False,353.380036,100000,60.2,5.87,723.13,0.041
LEG-000015,Alaghôn,Procampur,Sea of Fallen Stars coasting run,sea,sea,Merchant caravel,False,False,353.380036,180000,71.8,4.92,1205.21,0.038
LEG-000015,Alaghôn,Procampur,Sea of Fallen Stars coasting run,sea,sea,Deep-water galleon,False,False,353.380036,400000,65.0,5.44,2303.29,0.033
LEG-000016,Alaghôn,Selgaunt,Sea of Fallen Stars coasting run,sea,sea,Coasting cog,False,False,362.070725,100000,60.2,6.02,740.91,0.041
LEG-000016,Alaghôn,Selgaunt,Sea of Fallen Stars coasting run,sea,sea,Merchant caravel,False,False,362.070725,180000,71.8,5.04,1234.85,0.038
LEG-000016,Alaghôn,Selgaunt,Sea of Fallen Stars coasting run,sea,sea,Deep-water galleon,False,False,362.070725,400000,65.0,5.57,2359.94,0.033
LEG-000017,Alaghôn,Westgate,The Vilhon Passage,sea,sea,Coasting cog,False,False,454.087789,100000,66.5,6.83,840.71,0.037
LEG-000017,Alaghôn,Westgate,The Vilhon Passage,sea,sea,Merchant caravel,False,False,454.087789,180000,79.4,5.72,1401.19,0.034
LEG-000017,Alaghôn,Westgate,The Vilhon Passage,sea,sea,Deep-water galleon,False,False,454.087789,400000,71.8,6.32,2677.82,0.029
LEG-000018,Almorel,Delhumide,local market trail,trail,trail,Pack pony string,True,False,265.438675,1200,13.0,20.47,36.31,0.228
LEG-000018,Almorel,Delhumide,local market trail,trail,trail,Mule train,True,False,265.438675,2400,12.3,21.49,68.8,0.216
LEG-000018,Almorel,Delhumide,local market trail,trail,trail,Porter company,True,False,265.438675,1000,9.6,27.56,38.22,0.288
LEG-000019,Almraiven,Calimport,The Shining Sea Run,sea,sea,Coasting cog,False,False,387.343943,100000,63.4,6.11,753.0,0.039
LEG-000019,Almraiven,Calimport,The Shining Sea Run,sea,sea,Merchant caravel,False,False,387.343943,180000,75.6,5.12,1254.99,0.036
LEG-000019,Almraiven,Calimport,The Shining Sea Run,sea,sea,Deep-water galleon,False,False,387.343943,400000,68.4,5.66,2398.43,0.031
LEG-000020,Almraiven,Memnon,The Shining Sea Run,sea,sea,Coasting cog,False,False,456.640712,100000,63.4,7.21,887.71,0.039
LEG-000020,Almraiven,Memnon,The Shining Sea Run,sea,sea,Merchant caravel,False,False,456.640712,180000,75.6,6.04,1479.52,0.036
LEG-000020,Almraiven,Memnon,The Shining Sea Run,sea,sea,Deep-water galleon,False,False,456.640712,400000,68.4,6.68,2827.52,0.031
LEG-000021,Almraiven,Schamedar,Manshaka through Schamedar toward Almraiven,trail,trail,Pack pony string,False,False,247.80292,1200,14.0,17.74,31.48,0.212
LEG-000021,Almraiven,Schamedar,Manshaka through Schamedar toward Almraiven,trail,trail,Mule train,False,False,247.80292,2400,13.3,18.63,59.64,0.201
LEG-000021,Almraiven,Schamedar,Manshaka through Schamedar toward Almraiven,trail,trail,Porter company,False,False,247.80292,1000,10.4,23.89,33.13,0.267
LEG-000022,Almraiven,Suldolphor,Chult-Tashalar Coastal Run,sea,sea,Sword Coast Coasters,False,False,196.914626,100000,66.5,2.96,364.57,0.037
LEG-000022,Almraiven,Suldolphor,Chult-Tashalar Coastal Run,sea,sea,Merchant caravel,False,False,196.914626,180000,79.4,2.48,607.62,0.034
LEG-000022,Almraiven,Suldolphor,Chult-Tashalar Coastal Run,sea,sea,Deep-water galleon,False,False,196.914626,400000,71.8,2.74,1161.23,0.029
LEG-000023,Almraiven,Tashluta,Chult-Tashalar Coastal Run,sea,sea,Sword Coast Coasters,False,False,428.736119,100000,66.5,6.44,793.77,0.037
LEG-000023,Almraiven,Tashluta,Chult-Tashalar Coastal Run,sea,sea,Merchant caravel,False,False,428.736119,180000,79.4,5.4,1322.96,0.034
LEG-000023,Almraiven,Tashluta,Chult-Tashalar Coastal Run,sea,sea,Deep-water galleon,False,False,428.736119,400000,71.8,5.97,2528.32,0.029
LEG-000024,Almraiven,Tulmon,Almraiven to western Lake of Steam trail,trail,trail,Pack pony string,False,False,181.449817,1200,14.0,12.99,23.05,0.212
LEG-000024,Almraiven,Tulmon,Almraiven to western Lake of Steam trail,trail,trail,Mule train,False,False,181.449817,2400,13.3,13.64,43.67,0.201
LEG-000024,Almraiven,Tulmon,Almraiven to western Lake of Steam trail,trail,trail,Porter company,False,False,181.449817,1000,10.4,17.49,24.26,0.267
LEG-000025,Almraiven,Urbreth,Sea of Swords coasting run,sea,sea,Coasting cog,False,False,188.159294,100000,60.2,3.13,385.03,0.041
LEG-000025,Almraiven,Urbreth,Sea of Swords coasting run,sea,sea,Merchant caravel,False,False,188.159294,180000,71.8,2.62,641.72,0.038
LEG-000025,Almraiven,Urbreth,Sea of Swords coasting run,sea,sea,Deep-water galleon,False,False,188.159294,400000,65.0,2.9,1226.4,0.033
LEG-000026,Amphail,Daggerford,caravan track,track,track,Camel caravan,True,False,162.419334,3000,14.5,11.21,54.5,0.224
LEG-000026,Amphail,Daggerford,caravan track,track,track,Mule caravan,True,False,162.419334,2400,12.6,12.89,48.45,0.249
LEG-000026,Amphail,Daggerford,caravan track,track,track,Ox caravan,True,False,162.419334,5000,8.8,18.41,82.76,0.204
LEG-000027,Amphail,Goldenfields,Long Road: Mirabar to Waterdeep,road,road,Ox freight wagon,False,False,51.264303,6000,14.7,3.49,17.8,0.116
LEG-000027,Amphail,Goldenfields,Long Road: Mirabar to Waterdeep,road,road,Horse freight wagon,False,False,51.264303,4000,20.4,2.51,14.47,0.141
LEG-000027,Amphail,Goldenfields,Long Road: Mirabar to Waterdeep,road,road,Mule cart,False,False,51.264303,2000,18.4,2.79,6.37,0.124
LEG-000028,Amphail,Phandalin,caravan track,track,track,Camel caravan,True,False,102.858058,3000,14.5,7.1,34.52,0.224
LEG-000028,Amphail,Phandalin,caravan track,track,track,Mule caravan,True,False,102.858058,2400,12.6,8.16,30.68,0.249
LEG-000028,Amphail,Phandalin,caravan track,track,track,Ox caravan,True,False,102.858058,5000,8.8,11.66,52.41,0.204
LEG-000029,Amphail,Red Larch,The Long Road,road,road,Ox freight wagon,False,False,47.614476,6000,19.0,2.5,12.78,0.089
LEG-000029,Amphail,Red Larch,The Long Road,road,road,Horse freight wagon,False,False,47.614476,4000,26.4,1.8,10.39,0.109
LEG-000029,Amphail,Red Larch,The Long Road,road,road,Mule cart,False,False,47.614476,2000,23.8,2.0,4.57,0.096
LEG-000030,Amphail,Stone Bridge,Red Larch and Goldenfields branch toward Secomber,trail,trail,Pack pony string,False,False,106.958474,1200,14.0,7.66,13.59,0.212
LEG-000030,Amphail,Stone Bridge,Red Larch and Goldenfields branch toward Secomber,trail,trail,Mule train,False,False,106.958474,2400,13.3,8.04,25.74,0.201
LEG-000030,Amphail,Stone Bridge,Red Larch and Goldenfields branch toward Secomber,trail,trail,Porter company,False,False,106.958474,1000,10.4,10.31,14.3,0.267
LEG-000031,Amphail,Triboar,caravan track,track,track,Camel caravan,True,False,78.440105,3000,17.6,4.46,21.68,0.184
LEG-000031,Amphail,Triboar,caravan track,track,track,Mule caravan,True,False,78.440105,2400,15.3,5.13,19.27,0.205
LEG-000031,Amphail,Triboar,caravan track,track,track,Ox caravan,True,False,78.440105,5000,10.7,7.32,32.92,0.168
LEG-000032,Amphail,Waterdeep,The Long Road,road,road,Ox freight wagon,False,False,89.657842,6000,19.0,4.72,24.06,0.089
LEG-000032,Amphail,Waterdeep,The Long Road,road,road,Horse freight wagon,False,False,89.657842,4000,26.4,3.4,19.56,0.109
LEG-000032,Amphail,Waterdeep,The Long Road,road,road,Mule cart,False,False,89.657842,2000,23.8,3.77,8.61,0.096
LEG-000033,Amphail,Yartar,caravan track,track,track,Camel caravan,True,False,137.372632,3000,17.6,7.81,37.96,0.184
LEG-000033,Amphail,Yartar,caravan track,track,track,Mule caravan,True,False,137.372632,2400,15.3,8.98,33.75,0.205
LEG-000033,Amphail,Yartar,caravan track,track,track,Ox caravan,True,False,137.372632,5000,10.7,12.83,57.65,0.168
LEG-000034,Amruthar,Nethjet,Nethjet through Amruthar to Pyarados,road,road,Ox freight wagon,False,False,115.034766,6000,14.7,7.83,39.95,0.116
LEG-000034,Amruthar,Nethjet,Nethjet through Amruthar to Pyarados,road,road,Horse freight wagon,False,False,115.034766,4000,20.4,5.64,32.48,0.141
LEG-000034,Amruthar,Nethjet,Nethjet through Amruthar to Pyarados,road,road,Mule cart,False,False,115.034766,2000,18.4,6.27,14.29,0.124
LEG-000035,Amruthar,Tyraturos,Nethjet through Amruthar to Pyarados,road,road,Ox freight wagon,False,False,93.269248,6000,14.7,6.35,32.39,0.116
LEG-000035,Amruthar,Tyraturos,Nethjet through Amruthar to Pyarados,road,road,Horse freight wagon,False,False,93.269248,4000,20.4,4.57,26.33,0.141
LEG-000035,Amruthar,Tyraturos,Nethjet through Amruthar to Pyarados,road,road,Mule cart,False,False,93.269248,2000,18.4,5.08,11.59,0.124
LEG-000036,Anchoril,Port Nyanzaru,local market ferry,ferry,ferry,Cargo ferry,True,False,233.690607,30000,17.6,13.32,430.35,0.123
LEG-000036,Anchoril,Port Nyanzaru,local market ferry,ferry,ferry,Fast packet,True,False,233.690607,8000,24.4,9.59,157.04,0.168
LEG-000037,Ankhapur,Dalelost,Ankhapur to Yhep trail,trail,trail,Pack pony string,False,False,177.082409,1200,14.0,12.68,22.49,0.212
LEG-000037,Ankhapur,Dalelost,Ankhapur to Yhep trail,trail,trail,Mule train,False,False,177.082409,2400,13.3,13.31,42.62,0.201
LEG-000037,Ankhapur,Dalelost,Ankhapur to Yhep trail,trail,trail,Porter company,False,False,177.082409,1000,10.4,17.07,23.68,0.267
LEG-000038,Ankhapur,Kagarr,Ankhapur to Kagarr trail,trail,trail,Pack pony string,False,False,284.453312,1200,14.0,20.37,36.13,0.212
LEG-000038,Ankhapur,Kagarr,Ankhapur to Kagarr trail,trail,trail,Mule train,False,False,284.453312,2400,13.3,21.39,68.46,0.201
LEG-000038,Ankhapur,Kagarr,Ankhapur to Kagarr trail,trail,trail,Porter company,False,False,284.453312,1000,10.4,27.42,38.04,0.267
LEG-000039,Ankhapur,Saelmur,Saradush through Mintar to Ankhapur,trail,trail,Pack pony string,False,False,139.154468,1200,14.0,9.96,17.68,0.212
LEG-000039,Ankhapur,Saelmur,Saradush through Mintar to Ankhapur,trail,trail,Mule train,False,False,139.154468,2400,13.3,10.46,33.49,0.201
LEG-000039,Ankhapur,Saelmur,Saradush through Mintar to Ankhapur,trail,trail,Porter company,False,False,139.154468,1000,10.4,13.41,18.61,0.267
LEG-000040,Arabel,Highmoon,Arabel via Highmoon road to Ordulin,road,road,Ox freight wagon,False,False,212.794704,6000,14.7,14.49,73.9,0.116
LEG-000040,Arabel,Highmoon,Arabel via Highmoon road to Ordulin,road,road,Horse freight wagon,False,False,212.794704,4000,20.4,10.43,60.08,0.141
LEG-000040,Arabel,Highmoon,Arabel via Highmoon road to Ordulin,road,road,Mule cart,False,False,212.794704,2000,18.4,11.59,26.44,0.124
LEG-000041,Arabel,Marsember,Arabel to Suzail,road,road,Ox freight wagon,False,False,109.856979,6000,14.7,7.48,38.15,0.116
LEG-000041,Arabel,Marsember,Arabel to Suzail,road,road,Horse freight wagon,False,False,109.856979,4000,20.4,5.39,31.02,0.141
LEG-000041,Arabel,Marsember,Arabel to Suzail,road,road,Mule cart,False,False,109.856979,2000,18.4,5.98,13.65,0.124
LEG-000042,Arabel,Proskur,Proskur through the western Cormyr road junction to Arabel,road,road,Ox freight wagon,False,False,348.522751,6000,14.7,23.73,121.04,0.116
LEG-000042,Arabel,Proskur,Proskur through the western Cormyr road junction to Arabel,road,road,Horse freight wagon,False,False,348.522751,4000,20.4,17.08,98.41,0.141
LEG-000042,Arabel,Proskur,Proskur through the western Cormyr road junction to Arabel,road,road,Mule cart,False,False,348.522751,2000,18.4,18.98,43.3,0.124
LEG-000043,Arabel,Suzail,The Calantar's Way,road,road,Ox freight wagon,False,False,115.454646,6000,22.5,5.14,26.22,0.076
LEG-000043,Arabel,Suzail,The Calantar's Way,road,road,Horse freight wagon,False,False,115.454646,4000,31.2,3.7,21.31,0.092
LEG-000043,Arabel,Suzail,The Calantar's Way,road,road,Mule cart,False,False,115.454646,2000,28.1,4.11,9.38,0.081
LEG-000044,Arabel,Tilverton,The Moonsea Ride,road,road,Ox freight wagon,False,False,102.255027,6000,18.1,5.64,28.75,0.094
LEG-000044,Arabel,Tilverton,The Moonsea Ride,road,road,Horse freight wagon,False,False,102.255027,4000,25.2,4.06,23.37,0.114
LEG-000044,Arabel,Tilverton,The Moonsea Ride,road,road,Mule cart,False,False,102.255027,2000,22.7,4.51,10.28,0.101
LEG-000045,Arabel,Wheloon,caravan track,track,track,Camel caravan,True,False,201.945438,3000,17.6,11.48,55.81,0.184
LEG-000045,Arabel,Wheloon,caravan track,track,track,Mule caravan,True,False,201.945438,2400,15.3,13.2,49.61,0.205
LEG-000045,Arabel,Wheloon,caravan track,track,track,Ox caravan,True,False,201.945438,5000,10.7,18.86,84.75,0.168
LEG-000046,Archenbridge,Ashabenford,The Way of the Manticore,road,road,Ox freight wagon,False,False,204.2,6000,17.3,11.82,60.28,0.098
LEG-000046,Archenbridge,Ashabenford,The Way of the Manticore,road,road,Horse freight wagon,False,False,204.2,4000,24.0,8.51,49.01,0.12
LEG-000046,Archenbridge,Ashabenford,The Way of the Manticore,road,road,Mule cart,False,False,204.2,2000,21.6,9.45,21.56,0.106
LEG-000047,Archenbridge,Highmoon,Arabel via Highmoon road to Ordulin,road,road,Ox freight wagon,False,False,92.145448,6000,14.7,6.27,32.0,0.116
LEG-000047,Archenbridge,Highmoon,Arabel via Highmoon road to Ordulin,road,road,Horse freight wagon,False,False,92.145448,4000,20.4,4.52,26.02,0.141
LEG-000047,Archenbridge,Highmoon,Arabel via Highmoon road to Ordulin,road,road,Mule cart,False,False,92.145448,2000,18.4,5.02,11.45,0.124
LEG-000048,Archenbridge,Ordulin,Arabel via Highmoon road to Ordulin,road,road,Ox freight wagon,False,False,176.957521,6000,14.7,12.05,61.46,0.116
LEG-000048,Archenbridge,Ordulin,Arabel via Highmoon road to Ordulin,road,road,Horse freight wagon,False,False,176.957521,4000,20.4,8.67,49.96,0.141
LEG-000048,Archenbridge,Ordulin,Arabel via Highmoon road to Ordulin,road,road,Mule cart,False,False,176.957521,2000,18.4,9.64,21.98,0.124
LEG-000049,Archenbridge,Saerloon,caravan track,track,track,Camel caravan,True,False,90.217349,3000,14.5,6.23,30.27,0.224
LEG-000049,Archenbridge,Saerloon,caravan track,track,track,Mule caravan,True,False,90.217349,2400,12.6,7.16,26.91,0.249
LEG-000049,Archenbridge,Saerloon,caravan track,track,track,Ox caravan,True,False,90.217349,5000,8.8,10.23,45.97,0.204
LEG-000050,Archenbridge,Selgaunt,caravan track,track,track,Camel caravan,True,False,114.590794,3000,14.5,7.91,38.45,0.224
LEG-000050,Archenbridge,Selgaunt,caravan track,track,track,Mule caravan,True,False,114.590794,2400,12.6,9.09,34.18,0.249
LEG-000050,Archenbridge,Selgaunt,caravan track,track,track,Ox caravan,True,False,114.590794,5000,8.8,12.99,58.39,0.204
LEG-000051,Archenbridge,Urmlaspyr,caravan track,track,track,Camel caravan,True,False,131.360915,3000,14.5,9.07,44.08,0.224
LEG-000051,Archenbridge,Urmlaspyr,caravan track,track,track,Mule caravan,True,False,131.360915,2400,12.6,10.43,39.18,0.249
LEG-000051,Archenbridge,Urmlaspyr,caravan track,track,track,Ox caravan,True,False,131.360915,5000,8.8,14.89,66.94,0.204
LEG-000052,Archenbridge,Wheloon,The Way of the Manticore,road,road,Ox freight wagon,False,False,63.630496,6000,17.3,3.68,18.78,0.098
LEG-000052,Archenbridge,Wheloon,The Way of the Manticore,road,road,Horse freight wagon,False,False,63.630496,4000,24.0,2.65,15.27,0.12
LEG-000052,Archenbridge,Wheloon,The Way of the Manticore,road,road,Mule cart,False,False,63.630496,2000,21.6,2.95,6.72,0.106
LEG-000053,Arrabar,Airspur,The Vilhon Passage,sea,sea,Coasting cog,False,False,478.272266,100000,66.5,7.19,885.49,0.037
LEG-000053,Arrabar,Airspur,The Vilhon Passage,sea,sea,Merchant caravel,False,False,478.272266,180000,79.4,6.03,1475.81,0.034
LEG-000053,Arrabar,Airspur,The Vilhon Passage,sea,sea,Deep-water galleon,False,False,478.272266,400000,71.8,6.66,2820.44,0.029
LEG-000054,Arrabar,Alaghôn,The Vilhon Passage,sea,sea,Coasting cog,False,False,327.863203,100000,66.5,4.93,607.02,0.037
LEG-000054,Arrabar,Alaghôn,The Vilhon Passage,sea,sea,Merchant caravel,False,False,327.863203,180000,79.4,4.13,1011.69,0.034
LEG-000054,Arrabar,Alaghôn,The Vilhon Passage,sea,sea,Deep-water galleon,False,False,327.863203,400000,71.8,4.57,1933.46,0.029
LEG-000055,Arrabar,Fort Arran,The Vilhon Road,road,road,Vilhon Reach Milk Run,False,False,41.743959,6000,14.7,2.84,14.5,0.116
LEG-000055,Arrabar,Fort Arran,The Vilhon Road,road,road,Horse freight wagon,False,False,41.743959,4000,20.4,2.05,11.79,0.141
LEG-000055,Arrabar,Fort Arran,The Vilhon Road,road,road,Mule cart,False,False,41.743959,2000,18.4,2.27,5.19,0.124
LEG-000056,Arrabar,Hlath,The Vilhon Road,road,road,Vilhon Reach Milk Run,False,False,395.942639,6000,17.3,22.91,116.88,0.098
LEG-000056,Arrabar,Hlath,The Vilhon Road,road,road,Horse freight wagon,False,False,395.942639,4000,24.0,16.5,95.03,0.12
LEG-000056,Arrabar,Hlath,The Vilhon Road,road,road,Mule cart,False,False,395.942639,2000,21.6,18.33,41.81,0.106
LEG-000057,Arrabar,Mimph,The Vilhon Road,road,road,Vilhon Reach Milk Run,False,False,24.285181,6000,14.7,1.65,8.43,0.116
LEG-000057,Arrabar,Mimph,The Vilhon Road,road,road,Horse freight wagon,False,False,24.285181,4000,20.4,1.19,6.86,0.141
LEG-000057,Arrabar,Mimph,The Vilhon Road,road,road,Mule cart,False,False,24.285181,2000,18.4,1.32,3.02,0.124
LEG-000058,Arrabar,Ormpetarr,The Vilhon Road,road,road,Vilhon Reach Milk Run,False,False,87.73212,6000,17.3,5.08,25.9,0.098
LEG-000058,Arrabar,Ormpetarr,The Vilhon Road,road,road,Horse freight wagon,False,False,87.73212,4000,24.0,3.66,21.06,0.12
LEG-000058,Arrabar,Ormpetarr,The Vilhon Road,road,road,Mule cart,False,False,87.73212,2000,21.6,4.06,9.26,0.106
LEG-000059,Arrabar,Surkh,local market trail,trail,trail,Pack pony string,True,False,291.225565,1200,13.0,22.46,39.84,0.228
LEG-000059,Arrabar,Surkh,local market trail,trail,trail,Mule train,True,False,291.225565,2400,12.3,23.58,75.49,0.216
LEG-000059,Arrabar,Surkh,local market trail,trail,trail,Porter company,True,False,291.225565,1000,9.6,30.23,41.94,0.288
LEG-000060,Arrabar,Urmlaspyr,Sea of Fallen Stars coasting run,sea,sea,Coasting cog,False,False,555.608648,100000,60.2,9.23,1136.95,0.041
LEG-000060,Arrabar,Urmlaspyr,Sea of Fallen Stars coasting run,sea,sea,Merchant caravel,False,False,555.608648,180000,71.8,7.74,1894.92,0.038
LEG-000060,Arrabar,Urmlaspyr,Sea of Fallen Stars coasting run,sea,sea,Deep-water galleon,False,False,555.608648,400000,65.0,8.55,3621.4,0.033
LEG-000061,Arrabar,Westgate,Sea of Fallen Stars coasting run,sea,sea,Coasting cog,False,False,540.750959,100000,60.2,8.98,1106.55,0.041
LEG-000061,Arrabar,Westgate,Sea of Fallen Stars coasting run,sea,sea,Merchant caravel,False,False,540.750959,180000,71.8,7.53,1844.25,0.038
LEG-000061,Arrabar,Westgate,Sea of Fallen Stars coasting run,sea,sea,Deep-water galleon,False,False,540.750959,400000,65.0,8.32,3524.56,0.033
LEG-000062,Asbravn,Easting,Scornubel through Asbravn toward Iriaebor,trail,trail,Pack pony string,False,False,102.34558,1200,14.0,7.33,13.0,0.212
LEG-000062,Asbravn,Easting,Scornubel through Asbravn toward Iriaebor,trail,trail,Mule train,False,False,102.34558,2400,13.3,7.7,24.63,0.201
LEG-000062,Asbravn,Easting,Scornubel through Asbravn toward Iriaebor,trail,trail,Porter company,False,False,102.34558,1000,10.4,9.87,13.69,0.267
LEG-000063,Asbravn,Hluthvar,Scornubel through Asbravn toward Iriaebor,trail,trail,Pack pony string,False,False,93.156021,1200,14.0,6.67,11.83,0.212
LEG-000063,Asbravn,Hluthvar,Scornubel through Asbravn toward Iriaebor,trail,trail,Mule train,False,False,93.156021,2400,13.3,7.0,22.42,0.201
LEG-000063,Asbravn,Hluthvar,Scornubel through Asbravn toward Iriaebor,trail,trail,Porter company,False,False,93.156021,1000,10.4,8.98,12.46,0.267
LEG-000064,Asbravn,Iriaebor,Iriaebor to Proskur,road,road,Ox freight wagon,False,False,58.539986,6000,14.7,3.99,20.33,0.116
LEG-000064,Asbravn,Iriaebor,Iriaebor to Proskur,road,road,Horse freight wagon,False,False,58.539986,4000,20.4,2.87,16.53,0.141
LEG-000064,Asbravn,Iriaebor,Iriaebor to Proskur,road,road,Mule cart,False,False,58.539986,2000,18.4,3.19,7.27,0.124
LEG-000065,Ascore,Hlaungadath,Sundabar to Ascore,road,road,Ox freight wagon,False,False,47.46051,6000,14.7,3.23,16.48,0.116
LEG-000065,Ascore,Hlaungadath,Sundabar to Ascore,road,road,Horse freight wagon,False,False,47.46051,4000,20.4,2.33,13.4,0.141
LEG-000065,Ascore,Hlaungadath,Sundabar to Ascore,road,road,Mule cart,False,False,47.46051,2000,18.4,2.58,5.9,0.124
LEG-000066,Ascore,Sundabar,Sundabar to Ascore,road,road,Ox freight wagon,False,False,195.022842,6000,14.7,13.28,67.73,0.116
LEG-000066,Ascore,Sundabar,Sundabar to Ascore,road,road,Horse freight wagon,False,False,195.022842,4000,20.4,9.56,55.07,0.141
LEG-000066,Ascore,Sundabar,Sundabar to Ascore,road,road,Mule cart,False,False,195.022842,2000,18.4,10.62,24.23,0.124
LEG-000067,Ashabenford,Archenbridge,The Way of the Manticore,road,road,Ox freight wagon,False,False,204.2,6000,17.3,11.82,60.28,0.098
LEG-000067,Ashabenford,Archenbridge,The Way of the Manticore,road,road,Horse freight wagon,False,False,204.2,4000,24.0,8.51,49.01,0.12
LEG-000067,Ashabenford,Archenbridge,The Way of the Manticore,road,road,Mule cart,False,False,204.2,2000,21.6,9.45,21.56,0.106
LEG-000068,Ashabenford,Essembra,The Way of the Manticore,road,road,Ox freight wagon,False,False,61.06446,6000,17.3,3.53,18.03,0.098
LEG-000068,Ashabenford,Essembra,The Way of the Manticore,road,road,Horse freight wagon,False,False,61.06446,4000,24.0,2.54,14.66,0.12
LEG-000068,Ashabenford,Essembra,The Way of the Manticore,road,road,Mule cart,False,False,61.06446,2000,21.6,2.83,6.45,0.106
LEG-000069,Ashabenford,Harrowdale Town,Moonsea Ride junction via Essembra to Scardale,road,road,Ox freight wagon,False,False,212.113854,6000,14.7,14.44,73.67,0.116
LEG-000069,Ashabenford,Harrowdale Town,Moonsea Ride junction via Essembra to Scardale,road,road,Horse freight wagon,False,False,212.113854,4000,20.4,10.4,59.89,0.141
LEG-000069,Ashabenford,Harrowdale Town,Moonsea Ride junction via Essembra to Scardale,road,road,Mule cart,False,False,212.113854,2000,18.4,11.55,26.35,0.124
LEG-000070,Ashabenford,Highmoon,caravan track,track,track,Camel caravan,True,False,149.040162,3000,17.6,8.47,41.19,0.184
LEG-000070,Ashabenford,Highmoon,caravan track,track,track,Mule caravan,True,False,149.040162,2400,15.3,9.74,36.61,0.205
LEG-000070,Ashabenford,Highmoon,caravan track,track,track,Ox caravan,True,False,149.040162,5000,10.7,13.92,62.54,0.168
LEG-000071,Ashabenford,Myth Drannor,caravan track,track,track,Camel caravan,True,False,72.180468,3000,17.6,4.1,19.95,0.184
LEG-000071,Ashabenford,Myth Drannor,caravan track,track,track,Mule caravan,True,False,72.180468,2400,15.3,4.72,17.73,0.205
LEG-000071,Ashabenford,Myth Drannor,caravan track,track,track,Ox caravan,True,False,72.180468,5000,10.7,6.74,30.29,0.168
LEG-000072,Ashabenford,Shadowdale,The Dalelands Trail,trail,trail,Pack pony string,False,False,105.900944,1200,18.0,5.9,10.46,0.165
LEG-000072,Ashabenford,Shadowdale,The Dalelands Trail,trail,trail,Mule train,False,False,105.900944,2400,17.1,6.19,19.82,0.156
LEG-000072,Ashabenford,Shadowdale,The Dalelands Trail,trail,trail,Porter company,False,False,105.900944,1000,13.3,7.94,11.01,0.208
LEG-000073,Ashabenford,Tilverton,Tilverton via Ashabenford junction to Hillsfar,road,road,Ox freight wagon,False,False,250.799597,6000,14.7,17.08,87.1,0.116
LEG-000073,Ashabenford,Tilverton,Tilverton via Ashabenford junction to Hillsfar,road,road,Horse freight wagon,False,False,250.799597,4000,20.4,12.29,70.81,0.141
LEG-000073,Ashabenford,Tilverton,Tilverton via Ashabenford junction to Hillsfar,road,road,Mule cart,False,False,250.799597,2000,18.4,13.66,31.16,0.124
LEG-000074,Assam,Nathlekh,Ormath through Assam to Nathlekh,trail,trail,Pack pony string,False,False,99.563345,1200,14.0,7.13,12.65,0.212
LEG-000074,Assam,Nathlekh,Ormath through Assam to Nathlekh,trail,trail,Mule train,False,False,99.563345,2400,13.3,7.49,23.96,0.201
LEG-000074,Assam,Nathlekh,Ormath through Assam to Nathlekh,trail,trail,Porter company,False,False,99.563345,1000,10.4,9.6,13.31,0.267
LEG-000075,Assam,Ormath,Ormath through Assam to Nathlekh,trail,trail,Pack pony string,False,False,108.56811,1200,14.0,7.77,13.79,0.212
LEG-000075,Assam,Ormath,Ormath through Assam to Nathlekh,trail,trail,Mule train,False,False,108.56811,2400,13.3,8.16,26.13,0.201
LEG-000075,Assam,Ormath,Ormath through Assam to Nathlekh,trail,trail,Porter company,False,False,108.56811,1000,10.4,10.47,14.52,0.267
LEG-000076,Assur,Chavyondat,Ormpе through Vaelan and Assur toward Shoun,trail,trail,Pack pony string,False,False,277.2681,1200,14.0,19.85,35.22,0.212
LEG-000076,Assur,Chavyondat,Ormpе through Vaelan and Assur toward Shoun,trail,trail,Mule train,False,False,277.2681,2400,13.3,20.85,66.73,0.201
LEG-000076,Assur,Chavyondat,Ormpе through Vaelan and Assur toward Shoun,trail,trail,Porter company,False,False,277.2681,1000,10.4,26.73,37.07,0.267
LEG-000077,Assur,Vaelan,Ormpе through Vaelan and Assur toward Shoun,trail,trail,Pack pony string,False,False,36.925168,1200,14.0,2.64,4.69,0.212
LEG-000077,Assur,Vaelan,Ormpе through Vaelan and Assur toward Shoun,trail,trail,Mule train,False,False,36.925168,2400,13.3,2.78,8.89,0.201
LEG-000077,Assur,Vaelan,Ormpе through Vaelan and Assur toward Shoun,trail,trail,Porter company,False,False,36.925168,1000,10.4,3.56,4.94,0.267
LEG-000078,Athkatla,Baldur's Gate,The Sword Coast Run,sea,sea,Coasting cog,False,False,302.203193,100000,76.0,3.97,489.57,0.032
LEG-000078,Athkatla,Baldur's Gate,The Sword Coast Run,sea,sea,Merchant caravel,False,False,302.203193,180000,90.7,3.33,815.95,0.03
LEG-000078,Athkatla,Baldur's Gate,The Sword Coast Run,sea,sea,Deep-water galleon,False,False,302.203193,400000,82.1,3.68,1559.37,0.026
LEG-000079,Athkatla,Beregost,caravan track,track,track,Camel caravan,True,False,160.997205,3000,14.5,11.11,54.03,0.224
LEG-000079,Athkatla,Beregost,caravan track,track,track,Mule caravan,True,False,160.997205,2400,12.6,12.78,48.02,0.249
LEG-000079,Athkatla,Beregost,caravan track,track,track,Ox caravan,True,False,160.997205,5000,8.8,18.25,82.04,0.204
LEG-000080,Athkatla,Candlekeep,Sea of Swords coasting run,sea,sea,Coasting cog,False,False,168.496795,100000,60.2,2.8,344.8,0.041
LEG-000080,Athkatla,Candlekeep,Sea of Swords coasting run,sea,sea,Merchant caravel,False,False,168.496795,180000,71.8,2.35,574.66,0.038
LEG-000080,Athkatla,Candlekeep,Sea of Swords coasting run,sea,sea,Deep-water galleon,False,False,168.496795,400000,65.0,2.59,1098.24,0.033
LEG-000081,Athkatla,Crimmor,The Amnian Coast Road,road,road,Ox freight wagon,False,False,75.60159,6000,19.0,3.98,20.29,0.089
LEG-000081,Athkatla,Crimmor,The Amnian Coast Road,road,road,Horse freight wagon,False,False,75.60159,4000,26.4,2.86,16.49,0.109
LEG-000081,Athkatla,Crimmor,The Amnian Coast Road,road,road,Mule cart,False,False,75.60159,2000,23.8,3.18,7.26,0.096
LEG-000082,Athkatla,Esmeltaran,caravan track,track,track,Camel caravan,True,False,243.027262,3000,17.6,13.81,67.16,0.184
LEG-000082,Athkatla,Esmeltaran,caravan track,track,track,Mule caravan,True,False,243.027262,2400,15.3,15.88,59.7,0.205
LEG-000082,Athkatla,Esmeltaran,caravan track,track,track,Ox caravan,True,False,243.027262,5000,10.7,22.69,101.99,0.168
LEG-000083,Athkatla,Murann,The Sword Coast Run,sea,sea,Coasting cog,False,False,158.814766,100000,76.0,2.09,257.28,0.032
LEG-000083,Athkatla,Murann,The Sword Coast Run,sea,sea,Merchant caravel,False,False,158.814766,180000,90.7,1.75,428.8,0.03
LEG-000083,Athkatla,Murann,The Sword Coast Run,sea,sea,Deep-water galleon,False,False,158.814766,400000,82.1,1.93,819.48,0.026
LEG-000084,Athkatla,Nashkel,The Trade Way,road,road,Ox freight wagon,False,False,118.526157,6000,22.5,5.28,26.91,0.076
LEG-000084,Athkatla,Nashkel,The Trade Way,road,road,Horse freight wagon,False,False,118.526157,4000,31.2,3.8,21.88,0.092
LEG-000084,Athkatla,Nashkel,The Trade Way,road,road,Mule cart,False,False,118.526157,2000,28.1,4.22,9.63,0.081
LEG-000085,Athkatla,Purskul,Athkatla to Crimmor,road,road,Ox freight wagon,False,False,88.813396,6000,14.7,6.05,30.84,0.116
LEG-000085,Athkatla,Purskul,Athkatla to Crimmor,road,road,Horse freight wagon,False,False,88.813396,4000,20.4,4.35,25.08,0.141
LEG-000085,Athkatla,Purskul,Athkatla to Crimmor,road,road,Mule cart,False,False,88.813396,2000,18.4,4.84,11.03,0.124
LEG-000086,Athkatla,Velen,Sea of Swords coasting run,sea,sea,Coasting cog,False,False,256.062649,100000,60.2,4.25,523.99,0.041
LEG-000086,Athkatla,Velen,Sea of Swords coasting run,sea,sea,Merchant caravel,False,False,256.062649,180000,71.8,3.57,873.31,0.038
LEG-000086,Athkatla,Velen,Sea of Swords coasting run,sea,sea,Deep-water galleon,False,False,256.062649,400000,65.0,3.94,1668.99,0.033
LEG-000087,Athkatla,Zazesspur,The Trade Way,road,road,Ox freight wagon,False,False,366.46506,6000,22.5,16.31,83.22,0.076
LEG-000087,Athkatla,Zazesspur,The Trade Way,road,road,Horse freight wagon,False,False,366.46506,4000,31.2,11.75,67.66,0.092
LEG-000087,Athkatla,Zazesspur,The Trade Way,road,road,Mule cart,False,False,366.46506,2000,28.1,13.05,29.77,0.081
LEG-000088,Baldur's Gate,Athkatla,The Sword Coast Run,sea,sea,Coasting cog,False,False,302.203193,100000,76.0,3.97,489.57,0.032
LEG-000088,Baldur's Gate,Athkatla,The Sword Coast Run,sea,sea,Merchant caravel,False,False,302.203193,180000,90.7,3.33,815.95,0.03
LEG-000088,Baldur's Gate,Athkatla,The Sword Coast Run,sea,sea,Deep-water galleon,False,False,302.203193,400000,82.1,3.68,1559.37,0.026
LEG-000089,Baldur's Gate,Beregost,The Trade Way,road,road,Ox freight wagon,False,False,142.20407,6000,22.5,6.33,32.29,0.076
LEG-000089,Baldur's Gate,Beregost,The Trade Way,road,road,Horse freight wagon,False,False,142.20407,4000,31.2,4.56,26.25,0.092
LEG-000089,Baldur's Gate,Beregost,The Trade Way,road,road,Mule cart,False,False,142.20407,2000,28.1,5.06,11.55,0.081
LEG-000090,Baldur's Gate,Boareskyr Bridge,Trade Way: Daggerford junction to Baldur's Gate,road,road,Ox freight wagon,False,False,203.087698,6000,14.7,13.83,70.53,0.116
LEG-000090,Baldur's Gate,Boareskyr Bridge,Trade Way: Daggerford junction to Baldur's Gate,road,road,Horse freight wagon,False,False,203.087698,4000,20.4,9.96,57.34,0.141
LEG-000090,Baldur's Gate,Boareskyr Bridge,Trade Way: Daggerford junction to Baldur's Gate,road,road,Mule cart,False,False,203.087698,2000,18.4,11.06,25.23,0.124
LEG-000091,Baldur's Gate,Caer Corwell,The Moonshae Crossing,sea+ferry,sea,Coasting cog,False,True,556.733419,100000,60.2,9.25,1139.25,0.041
LEG-000091,Baldur's Gate,Caer Corwell,The Moonshae Crossing,sea+ferry,sea,Merchant caravel,False,True,556.733419,180000,71.8,7.75,1898.75,0.038
LEG-000091,Baldur's Gate,Caer Corwell,The Moonshae Crossing,sea+ferry,sea,Deep-water galleon,False,True,556.733419,400000,65.0,8.57,3628.73,0.033
LEG-000091,Baldur's Gate,Caer Corwell,The Moonshae Crossing,sea+ferry,ferry,Cargo ferry,False,True,556.733419,30000,25.6,21.71,701.48,0.084
LEG-000091,Baldur's Gate,Caer Corwell,The Moonshae Crossing,sea+ferry,ferry,Fast packet,False,True,556.733419,8000,35.6,15.63,255.98,0.115
LEG-000092,Baldur's Gate,Candlekeep,Sea of Swords coasting run,sea,sea,Coasting cog,False,False,142.182418,100000,60.2,2.36,290.95,0.041
LEG-000092,Baldur's Gate,Candlekeep,Sea of Swords coasting run,sea,sea,Merchant caravel,False,False,142.182418,180000,71.8,1.98,484.92,0.038
LEG-000092,Baldur's Gate,Candlekeep,Sea of Swords coasting run,sea,sea,Deep-water galleon,False,False,142.182418,400000,65.0,2.19,926.73,0.033
LEG-000093,Baldur's Gate,Daggerford,The Trade Way,road,road,Ox freight wagon,False,False,515.981982,6000,22.5,22.97,117.17,0.076
LEG-000093,Baldur's Gate,Daggerford,The Trade Way,road,road,Horse freight wagon,False,False,515.981982,4000,31.2,16.54,95.26,0.092
LEG-000093,Baldur's Gate,Daggerford,The Trade Way,road,road,Mule cart,False,False,515.981982,2000,28.1,18.38,41.91,0.081
LEG-000094,Baldur's Gate,Elturel,The Chionthar,river+barge,river,Keelboat,False,True,210.779174,30000,50.4,4.18,173.89,0.055
LEG-000094,Baldur's Gate,Elturel,The Chionthar,river+barge,river,River barge,False,True,210.779174,80000,34.6,6.1,380.25,0.045
LEG-000094,Baldur's Gate,Elturel,The Chionthar,river+barge,river,Shallow-draft wherry,False,True,210.779174,12000,56.6,3.72,79.99,0.063
LEG-000094,Baldur's Gate,Elturel,The Chionthar,river+barge,barge,Canal barge,False,True,210.779174,100000,26.2,8.04,369.92,0.035
LEG-000094,Baldur's Gate,Elturel,The Chionthar,river+barge,barge,Horse-drawn barge,False,True,210.779174,70000,33.6,6.27,298.78,0.041
LEG-000095,Baldur's Gate,Mintarn,The Nelanther Passage,sea,sea,Coasting cog,False,False,310.809138,100000,63.4,4.91,604.21,0.039
LEG-000095,Baldur's Gate,Mintarn,The Nelanther Passage,sea,sea,Merchant caravel,False,False,310.809138,180000,75.6,4.11,1007.02,0.036
LEG-000095,Baldur's Gate,Mintarn,The Nelanther Passage,sea,sea,Deep-water galleon,False,False,310.809138,400000,68.4,4.54,1924.53,0.031
LEG-000096,Baldur's Gate,Orlumbor,Sea of Swords coasting run,sea,sea,Coasting cog,False,False,203.807802,100000,60.2,3.39,417.06,0.041
LEG-000096,Baldur's Gate,Orlumbor,Sea of Swords coasting run,sea,sea,Merchant caravel,False,False,203.807802,180000,71.8,2.84,695.09,0.038
LEG-000096,Baldur's Gate,Orlumbor,Sea of Swords coasting run,sea,sea,Deep-water galleon,False,False,203.807802,400000,65.0,3.14,1328.4,0.033
LEG-000097,Baldur's Gate,Soubar,The Dusk Road,road,road,Ox freight wagon,False,False,212.952295,6000,14.7,14.5,73.96,0.116
LEG-000097,Baldur's Gate,Soubar,The Dusk Road,road,road,Horse freight wagon,False,False,212.952295,4000,20.4,10.44,60.13,0.141
LEG-000097,Baldur's Gate,Soubar,The Dusk Road,road,road,Mule cart,False,False,212.952295,2000,18.4,11.6,26.46,0.124
LEG-000098,Baldur's Gate,Waterdeep,The Sword Coast Run,sea,sea,Coasting cog,False,False,466.667955,100000,76.0,6.14,756.0,0.032
LEG-000098,Baldur's Gate,Waterdeep,The Sword Coast Run,sea,sea,Merchant caravel,False,False,466.667955,180000,90.7,5.14,1260.0,0.03
LEG-000098,Baldur's Gate,Waterdeep,The Sword Coast Run,sea,sea,Deep-water galleon,False,False,466.667955,400000,82.1,5.69,2408.01,0.026
LEG-000099,Bell in the Deep,Thentia,local market trail,trail,trail,Pack pony string,True,False,54.007499,1200,13.0,4.16,7.39,0.228
LEG-000099,Bell in the Deep,Thentia,local market trail,trail,trail,Mule train,True,False,54.007499,2400,12.3,4.37,14.0,0.216
LEG-000099,Bell in the Deep,Thentia,local market trail,trail,trail,Porter company,True,False,54.007499,1000,9.6,5.61,7.78,0.288
LEG-000100,Beluir,Chethel,Delzimmer to Beluir road,road,road,Ox freight wagon,False,False,57.427868,6000,14.7,3.91,19.94,0.116
LEG-000100,Beluir,Chethel,Delzimmer to Beluir road,road,road,Horse freight wagon,False,False,57.427868,4000,20.4,2.82,16.21,0.141
LEG-000100,Beluir,Chethel,Delzimmer to Beluir road,road,road,Mule cart,False,False,57.427868,2000,18.4,3.13,7.13,0.124
LEG-000101,Berdusk,Easting,Iriaebor to Eshpurta trail,trail,trail,Pack pony string,False,False,115.069539,1200,14.0,8.24,14.62,0.212
LEG-000101,Berdusk,Easting,Iriaebor to Eshpurta trail,trail,trail,Mule train,False,False,115.069539,2400,13.3,8.65,27.7,0.201
LEG-000101,Berdusk,Easting,Iriaebor to Eshpurta trail,trail,trail,Porter company,False,False,115.069539,1000,10.4,11.09,15.39,0.267
LEG-000102,Berdusk,Elturel,caravan track,track,track,Camel caravan,True,False,165.013363,3000,17.6,9.38,45.6,0.184
LEG-000102,Berdusk,Elturel,caravan track,track,track,Mule caravan,True,False,165.013363,2400,15.3,10.79,40.54,0.205
LEG-000102,Berdusk,Elturel,caravan track,track,track,Ox caravan,True,False,165.013363,5000,10.7,15.41,69.25,0.168
LEG-000103,Berdusk,Eshpurta,Iriaebor to Eshpurta trail,trail,trail,Pack pony string,False,False,280.658088,1200,14.0,20.1,35.65,0.212
LEG-000103,Berdusk,Eshpurta,Iriaebor to Eshpurta trail,trail,trail,Mule train,False,False,280.658088,2400,13.3,21.1,67.55,0.201
LEG-000103,Berdusk,Eshpurta,Iriaebor to Eshpurta trail,trail,trail,Porter company,False,False,280.658088,1000,10.4,27.05,37.53,0.267
LEG-000104,Berdusk,Greenest,Uldoon Trail from Nashkel toward Greenest and Berdusk,trail,trail,Pack pony string,False,False,99.895237,1200,14.0,7.15,12.69,0.212
LEG-000104,Berdusk,Greenest,Uldoon Trail from Nashkel toward Greenest and Berdusk,trail,trail,Mule train,False,False,99.895237,2400,13.3,7.51,24.04,0.201
LEG-000104,Berdusk,Greenest,Uldoon Trail from Nashkel toward Greenest and Berdusk,trail,trail,Porter company,False,False,99.895237,1000,10.4,9.63,13.36,0.267
LEG-000105,Berdusk,Hill's Edge,The Chionthar Road,road,road,Ox freight wagon,False,False,171.586596,6000,19.9,8.63,44.05,0.086
LEG-000105,Berdusk,Hill's Edge,The Chionthar Road,road,road,Horse freight wagon,False,False,171.586596,4000,27.6,6.22,35.81,0.104
LEG-000105,Berdusk,Hill's Edge,The Chionthar Road,road,road,Mule cart,False,False,171.586596,2000,24.8,6.91,15.76,0.092
LEG-000106,Berdusk,Iriaebor,The Chionthar Road,road,road,Ox freight wagon,False,False,70.998944,6000,19.9,3.57,18.23,0.086
LEG-000106,Berdusk,Iriaebor,The Chionthar Road,road,road,Horse freight wagon,False,False,70.998944,4000,27.6,2.57,14.82,0.104
LEG-000106,Berdusk,Iriaebor,The Chionthar Road,road,road,Mule cart,False,False,70.998944,2000,24.8,2.86,6.52,0.092
LEG-000107,Berdusk,Scornubel,The Chionthar,river+barge,river,Keelboat,False,True,110.851838,30000,50.4,2.2,91.45,0.055
LEG-000107,Berdusk,Scornubel,The Chionthar,river+barge,river,River barge,False,True,110.851838,80000,34.6,3.21,199.98,0.045
LEG-000107,Berdusk,Scornubel,The Chionthar,river+barge,river,Shallow-draft wherry,False,True,110.851838,12000,56.6,1.96,42.07,0.063
LEG-000107,Berdusk,Scornubel,The Chionthar,river+barge,barge,Canal barge,False,True,110.851838,100000,26.2,4.23,194.54,0.035
LEG-000107,Berdusk,Scornubel,The Chionthar,river+barge,barge,Horse-drawn barge,False,True,110.851838,70000,33.6,3.3,157.13,0.041
LEG-000108,Berdusk,Triel,caravan track,track,track,Camel caravan,True,False,150.332964,3000,17.6,8.54,41.54,0.184
LEG-000108,Berdusk,Triel,caravan track,track,track,Mule caravan,True,False,150.332964,2400,15.3,9.83,36.93,0.205
LEG-000108,Berdusk,Triel,caravan track,track,track,Ox caravan,True,False,150.332964,5000,10.7,14.04,63.09,0.168
LEG-000109,Beregost,Athkatla,caravan track,track,track,Camel caravan,True,False,160.997205,3000,14.5,11.11,54.03,0.224
LEG-000109,Beregost,Athkatla,caravan track,track,track,Mule caravan,True,False,160.997205,2400,12.6,12.78,48.02,0.249
LEG-000109,Beregost,Athkatla,caravan track,track,track,Ox caravan,True,False,160.997205,5000,8.8,18.25,82.04,0.204
LEG-000110,Beregost,Baldur's Gate,The Trade Way,road,road,Ox freight wagon,False,False,142.20407,6000,22.5,6.33,32.29,0.076
LEG-000110,Beregost,Baldur's Gate,The Trade Way,road,road,Horse freight wagon,False,False,142.20407,4000,31.2,4.56,26.25,0.092
LEG-000110,Beregost,Baldur's Gate,The Trade Way,road,road,Mule cart,False,False,142.20407,2000,28.1,5.06,11.55,0.081
LEG-000111,Beregost,Candlekeep,The Coast Way,road,road,Ox freight wagon,False,False,41.776668,6000,18.1,2.3,11.75,0.094
LEG-000111,Beregost,Candlekeep,The Coast Way,road,road,Horse freight wagon,False,False,41.776668,4000,25.2,1.66,9.55,0.114
LEG-000111,Beregost,Candlekeep,The Coast Way,road,road,Mule cart,False,False,41.776668,2000,22.7,1.84,4.2,0.101
LEG-000112,Beregost,Nashkel,The Trade Way,road,road,Ox freight wagon,False,False,101.783918,6000,22.5,4.53,23.11,0.076
LEG-000112,Beregost,Nashkel,The Trade Way,road,road,Horse freight wagon,False,False,101.783918,4000,31.2,3.26,18.79,0.092
LEG-000112,Beregost,Nashkel,The Trade Way,road,road,Mule cart,False,False,101.783918,2000,28.1,3.62,8.27,0.081
LEG-000113,Bezantur,Cimbar,Sea of Fallen Stars coasting run,sea,sea,Coasting cog,False,False,512.89769,100000,60.2,8.52,1049.55,0.041
LEG-000113,Bezantur,Cimbar,Sea of Fallen Stars coasting run,sea,sea,Merchant caravel,False,False,512.89769,180000,71.8,7.14,1749.25,0.038
LEG-000113,Bezantur,Cimbar,Sea of Fallen Stars coasting run,sea,sea,Deep-water galleon,False,False,512.89769,400000,65.0,7.89,3343.01,0.033
LEG-000114,Bezantur,Eltabbar,caravan track,track,track,Camel caravan,True,False,231.097079,3000,17.6,13.13,63.86,0.184
LEG-000114,Bezantur,Eltabbar,caravan track,track,track,Mule caravan,True,False,231.097079,2400,15.3,15.1,56.77,0.205
LEG-000114,Bezantur,Eltabbar,caravan track,track,track,Ox caravan,True,False,231.097079,5000,10.7,21.58,96.98,0.168
LEG-000115,Bezantur,Escalant,local market trail,trail,trail,Pack pony string,True,False,201.740849,1200,13.0,15.56,27.6,0.228
LEG-000115,Bezantur,Escalant,local market trail,trail,trail,Mule train,True,False,201.740849,2400,12.3,16.34,52.29,0.216
LEG-000115,Bezantur,Escalant,local market trail,trail,trail,Porter company,True,False,201.740849,1000,9.6,20.94,29.05,0.288
LEG-000116,Bezantur,Messemprar,The Vilhon Passage,sea,sea,Coasting cog,False,False,243.46815,100000,66.5,3.66,450.76,0.037
LEG-000116,Bezantur,Messemprar,The Vilhon Passage,sea,sea,Merchant caravel,False,False,243.46815,180000,79.4,3.07,751.27,0.034
LEG-000116,Bezantur,Messemprar,The Vilhon Passage,sea,sea,Deep-water galleon,False,False,243.46815,400000,71.8,3.39,1435.77,0.029
LEG-000117,Bezantur,Telflamm,The Inner Sea Run,sea,sea,Coasting cog,False,False,543.641095,100000,76.0,7.15,880.7,0.032
LEG-000117,Bezantur,Telflamm,The Inner Sea Run,sea,sea,Merchant caravel,False,False,543.641095,180000,90.7,5.99,1467.83,0.03
LEG-000117,Bezantur,Telflamm,The Inner Sea Run,sea,sea,Deep-water galleon,False,False,543.641095,400000,82.1,6.62,2805.19,0.026
LEG-000118,Bezantur,Tyraturos,Eltabbar through Tyraturos to Bezantur,road,road,Ox freight wagon,False,False,127.753373,6000,14.7,8.7,44.37,0.116
LEG-000118,Bezantur,Tyraturos,Eltabbar through Tyraturos to Bezantur,road,road,Horse freight wagon,False,False,127.753373,4000,20.4,6.26,36.07,0.141
LEG-000118,Bezantur,Tyraturos,Eltabbar through Tyraturos to Bezantur,road,road,Mule cart,False,False,127.753373,2000,18.4,6.96,15.87,0.124
LEG-000119,Bezantur,Velprintalar,The Inner Sea Run,sea,sea,Coasting cog,False,False,450.346467,100000,76.0,5.92,729.56,0.032
LEG-000119,Bezantur,Velprintalar,The Inner Sea Run,sea,sea,Merchant caravel,False,False,450.346467,180000,90.7,4.96,1215.94,0.03
LEG-000119,Bezantur,Velprintalar,The Inner Sea Run,sea,sea,Deep-water galleon,False,False,450.346467,400000,82.1,5.49,2323.79,0.026
LEG-000120,Bezantur,Winterkeep,The Winterkeep-Bezantur Circle,teleport,teleport,Licensed portal transfer,False,False,954.34007,2000,4750.0,0.2,964.39,1.011
LEG-000120,Bezantur,Winterkeep,The Winterkeep-Bezantur Circle,teleport,teleport,Priority circle transfer,False,False,954.34007,500,5462.5,0.17,325.48,1.364
LEG-000121,Bezentil,Clymph Tower,Uthmere through the Great Dale to Kront,road,road,Ox freight wagon,False,False,71.375004,6000,14.7,4.86,24.79,0.116
LEG-000121,Bezentil,Clymph Tower,Uthmere through the Great Dale to Kront,road,road,Horse freight wagon,False,False,71.375004,4000,20.4,3.5,20.15,0.141
LEG-000121,Bezentil,Clymph Tower,Uthmere through the Great Dale to Kront,road,road,Mule cart,False,False,71.375004,2000,18.4,3.89,8.87,0.124
LEG-000122,Bezentil,Mauberg's Oak,Uthmere through the Great Dale to Kront,road,road,Ox freight wagon,False,False,217.189031,6000,14.7,14.79,75.43,0.116
LEG-000122,Bezentil,Mauberg's Oak,Uthmere through the Great Dale to Kront,road,road,Horse freight wagon,False,False,217.189031,4000,20.4,10.65,61.32,0.141
LEG-000122,Bezentil,Mauberg's Oak,Uthmere through the Great Dale to Kront,road,road,Mule cart,False,False,217.189031,2000,18.4,11.83,26.98,0.124
LEG-000123,Bildoobaris,Jiyyd,Narfell Long Road from Impiltur junction to N'Jast,trail,trail,Pack pony string,False,False,117.899279,1200,14.0,8.44,14.98,0.212
LEG-000123,Bildoobaris,Jiyyd,Narfell Long Road from Impiltur junction to N'Jast,trail,trail,Mule train,False,False,117.899279,2400,13.3,8.86,28.38,0.201
LEG-000123,Bildoobaris,Jiyyd,Narfell Long Road from Impiltur junction to N'Jast,trail,trail,Porter company,False,False,117.899279,1000,10.4,11.36,15.76,0.267
LEG-000124,Bildoobaris,N'Jast,Narfell Long Road from Impiltur junction to N'Jast,trail,trail,Pack pony string,False,False,35.537304,1200,14.0,2.54,4.51,0.212
LEG-000124,Bildoobaris,N'Jast,Narfell Long Road from Impiltur junction to N'Jast,trail,trail,Mule train,False,False,35.537304,2400,13.3,2.67,8.55,0.201
LEG-000124,Bildoobaris,N'Jast,Narfell Long Road from Impiltur junction to N'Jast,trail,trail,Porter company,False,False,35.537304,1000,10.4,3.43,4.75,0.267
LEG-000125,Bildoobaris,Nathoud,N'Jast to Nathoud,trail,trail,Pack pony string,False,False,415.524131,1200,14.0,29.75,52.78,0.212
LEG-000125,Bildoobaris,Nathoud,N'Jast to Nathoud,trail,trail,Mule train,False,False,415.524131,2400,13.3,31.24,100.01,0.201
LEG-000125,Bildoobaris,Nathoud,N'Jast to Nathoud,trail,trail,Porter company,False,False,415.524131,1000,10.4,40.05,55.56,0.267
LEG-000126,Blingdenstone,Gracklstugh,Underdark passage,tunnel,tunnel,Rothe caravan,True,False,22.662965,4000,8.4,2.71,10.33,0.228
LEG-000126,Blingdenstone,Gracklstugh,Underdark passage,tunnel,tunnel,Deep mule train,True,False,22.662965,1800,10.2,2.22,5.47,0.268
LEG-000126,Blingdenstone,Gracklstugh,Underdark passage,tunnel,tunnel,Porter company,True,False,22.662965,900,8.2,2.78,3.28,0.322
LEG-000127,Blingdenstone,Mantol-Derith,Underdark passage,tunnel,tunnel,Rothe caravan,True,False,31.228513,4000,8.4,3.73,14.24,0.228
LEG-000127,Blingdenstone,Mantol-Derith,Underdark passage,tunnel,tunnel,Deep mule train,True,False,31.228513,1800,10.2,3.06,7.54,0.268
LEG-000127,Blingdenstone,Mantol-Derith,Underdark passage,tunnel,tunnel,Porter company,True,False,31.228513,900,8.2,3.83,4.52,0.322
LEG-000128,Blingdenstone,Menzoberranzan,Underdark passage,tunnel,tunnel,Rothe caravan,True,False,17.854971,4000,8.4,2.13,8.14,0.228
LEG-000128,Blingdenstone,Menzoberranzan,Underdark passage,tunnel,tunnel,Deep mule train,True,False,17.854971,1800,10.2,1.75,4.31,0.268
LEG-000128,Blingdenstone,Menzoberranzan,Underdark passage,tunnel,tunnel,Porter company,True,False,17.854971,900,8.2,2.19,2.59,0.322
LEG-000129,Blingdenstone,Silverymoon,Blingdenstone Trail,tunnel+trail,tunnel,Rothe caravan,True,True,113.009247,4000,4.4,25.52,97.34,0.431
LEG-000129,Blingdenstone,Silverymoon,Blingdenstone Trail,tunnel+trail,tunnel,Deep mule train,True,True,113.009247,1800,5.4,20.93,51.53,0.507
LEG-000129,Blingdenstone,Silverymoon,Blingdenstone Trail,tunnel+trail,tunnel,Porter company,True,True,113.009247,900,4.3,26.16,30.92,0.608
LEG-000129,Blingdenstone,Silverymoon,Blingdenstone Trail,tunnel+trail,trail,Pack pony string,True,True,113.009247,1200,9.0,12.59,22.33,0.329
LEG-000129,Blingdenstone,Silverymoon,Blingdenstone Trail,tunnel+trail,trail,Mule train,True,True,113.009247,2400,8.6,13.22,42.31,0.312
LEG-000129,Blingdenstone,Silverymoon,Blingdenstone Trail,tunnel+trail,trail,Porter company,True,True,113.009247,1000,6.7,16.95,23.51,0.416
LEG-000130,Bloodstone Village,Darmshall,Ilinvur through Vaasa to Darmshall,trail,trail,Pack pony string,False,False,59.194932,1200,14.0,4.24,7.52,0.212
LEG-000130,Bloodstone Village,Darmshall,Ilinvur through Vaasa to Darmshall,trail,trail,Mule train,False,False,59.194932,2400,13.3,4.45,14.25,0.201
LEG-000130,Bloodstone Village,Darmshall,Ilinvur through Vaasa to Darmshall,trail,trail,Porter company,False,False,59.194932,1000,10.4,5.71,7.92,0.267
LEG-000131,Bloodstone Village,Talagbar,Ilinvur through Vaasa to Darmshall,trail,trail,Pack pony string,False,False,108.278673,1200,14.0,7.75,13.75,0.212
LEG-000131,Bloodstone Village,Talagbar,Ilinvur through Vaasa to Darmshall,trail,trail,Mule train,False,False,108.278673,2400,13.3,8.14,26.06,0.201
LEG-000131,Bloodstone Village,Talagbar,Ilinvur through Vaasa to Darmshall,trail,trail,Porter company,False,False,108.278673,1000,10.4,10.44,14.48,0.267
LEG-000132,Bloodstone Village,Valls,Darmshall through Bloodstone Pass to Valls,trail,trail,Pack pony string,False,False,102.380622,1200,14.0,7.33,13.01,0.212
LEG-000132,Bloodstone Village,Valls,Darmshall through Bloodstone Pass to Valls,trail,trail,Mule train,False,False,102.380622,2400,13.3,7.7,24.64,0.201
LEG-000132,Bloodstone Village,Valls,Darmshall through Bloodstone Pass to Valls,trail,trail,Porter company,False,False,102.380622,1000,10.4,9.87,13.69,0.267
LEG-000133,Boareskyr Bridge,Baldur's Gate,Trade Way: Daggerford junction to Baldur's Gate,road,road,Ox freight wagon,False,False,203.087698,6000,14.7,13.83,70.53,0.116
LEG-000133,Boareskyr Bridge,Baldur's Gate,Trade Way: Daggerford junction to Baldur's Gate,road,road,Horse freight wagon,False,False,203.087698,4000,20.4,9.96,57.34,0.141
LEG-000133,Boareskyr Bridge,Baldur's Gate,Trade Way: Daggerford junction to Baldur's Gate,road,road,Mule cart,False,False,203.087698,2000,18.4,11.06,25.23,0.124
LEG-000134,Boareskyr Bridge,Dragonspear Castle,Trade Way: Daggerford junction to Baldur's Gate,road,road,Ox freight wagon,False,False,200.259664,6000,14.7,13.63,69.55,0.116
LEG-000134,Boareskyr Bridge,Dragonspear Castle,Trade Way: Daggerford junction to Baldur's Gate,road,road,Horse freight wagon,False,False,200.259664,4000,20.4,9.82,56.54,0.141
LEG-000134,Boareskyr Bridge,Dragonspear Castle,Trade Way: Daggerford junction to Baldur's Gate,road,road,Mule cart,False,False,200.259664,2000,18.4,10.91,24.88,0.124
LEG-000135,Boareskyr Bridge,Elturel,caravan track,track,track,Camel caravan,True,False,113.488149,3000,17.6,6.45,31.36,0.184
LEG-000135,Boareskyr Bridge,Elturel,caravan track,track,track,Mule caravan,True,False,113.488149,2400,15.3,7.42,27.88,0.205
LEG-000135,Boareskyr Bridge,Elturel,caravan track,track,track,Ox caravan,True,False,113.488149,5000,10.7,10.6,47.62,0.168
LEG-000136,Boareskyr Bridge,Scornubel,caravan track,track,track,Camel caravan,True,False,165.870371,3000,17.6,9.43,45.84,0.184
LEG-000136,Boareskyr Bridge,Scornubel,caravan track,track,track,Mule caravan,True,False,165.870371,2400,15.3,10.84,40.75,0.205
LEG-000136,Boareskyr Bridge,Scornubel,caravan track,track,track,Ox caravan,True,False,165.870371,5000,10.7,15.49,69.61,0.168
LEG-000137,Boareskyr Bridge,Soubar,The Dusk Road,road,road,Ox freight wagon,False,False,37.734296,6000,14.7,2.57,13.1,0.116
LEG-000137,Boareskyr Bridge,Soubar,The Dusk Road,road,road,Horse freight wagon,False,False,37.734296,4000,20.4,1.85,10.65,0.141
LEG-000137,Boareskyr Bridge,Soubar,The Dusk Road,road,road,Mule cart,False,False,37.734296,2000,18.4,2.06,4.69,0.124
LEG-000138,Boareskyr Bridge,Triel,The Dusk Road,road,road,Ox freight wagon,False,False,123.172164,6000,14.7,8.39,42.78,0.116
LEG-000138,Boareskyr Bridge,Triel,The Dusk Road,road,road,Horse freight wagon,False,False,123.172164,4000,20.4,6.04,34.78,0.141
LEG-000138,Boareskyr Bridge,Triel,The Dusk Road,road,road,Mule cart,False,False,123.172164,2000,18.4,6.71,15.3,0.124
LEG-000139,Brost,Imnescar,Murann to Brost,road,road,Ox freight wagon,False,False,203.620092,6000,14.7,13.86,70.72,0.116
LEG-000139,Brost,Imnescar,Murann to Brost,road,road,Horse freight wagon,False,False,203.620092,4000,20.4,9.98,57.49,0.141
LEG-000139,Brost,Imnescar,Murann to Brost,road,road,Mule cart,False,False,203.620092,2000,18.4,11.09,25.3,0.124
LEG-000140,Brost,Riatavin,Brost to Riatavin,road,road,Ox freight wagon,False,False,301.246237,6000,14.7,20.51,104.62,0.116
LEG-000140,Brost,Riatavin,Brost to Riatavin,road,road,Horse freight wagon,False,False,301.246237,4000,20.4,14.77,85.06,0.141
LEG-000140,Brost,Riatavin,Brost to Riatavin,road,road,Mule cart,False,False,301.246237,2000,18.4,16.41,37.43,0.124
LEG-000141,Bryn Shander,Easthaven,caravan track,track,track,Camel caravan,True,False,32.415428,3000,14.5,2.24,10.88,0.224
LEG-000141,Bryn Shander,Easthaven,caravan track,track,track,Mule caravan,True,False,32.415428,2400,12.6,2.57,9.67,0.249
LEG-000141,Bryn Shander,Easthaven,caravan track,track,track,Ox caravan,True,False,32.415428,5000,8.8,3.68,16.52,0.204
LEG-000142,Bryn Shander,Good Mead,caravan track,track,track,Camel caravan,True,False,28.651352,3000,14.5,1.98,9.61,0.224
LEG-000142,Bryn Shander,Good Mead,caravan track,track,track,Mule caravan,True,False,28.651352,2400,12.6,2.27,8.55,0.249
LEG-000142,Bryn Shander,Good Mead,caravan track,track,track,Ox caravan,True,False,28.651352,5000,8.8,3.25,14.6,0.204
LEG-000143,Bryn Shander,Lonelywood,caravan track,track,track,Camel caravan,True,False,29.873902,3000,17.6,1.7,8.26,0.184
LEG-000143,Bryn Shander,Lonelywood,caravan track,track,track,Mule caravan,True,False,29.873902,2400,15.3,1.95,7.34,0.205
LEG-000143,Bryn Shander,Lonelywood,caravan track,track,track,Ox caravan,True,False,29.873902,5000,10.7,2.79,12.54,0.168
LEG-000144,Bryn Shander,Luskan,The Ten Trail,trail+ferry,trail,Pack pony string,False,True,589.730523,1200,11.0,53.75,95.34,0.269
LEG-000144,Bryn Shander,Luskan,The Ten Trail,trail+ferry,trail,Mule train,False,True,589.730523,2400,10.5,56.43,180.65,0.255
LEG-000144,Bryn Shander,Luskan,The Ten Trail,trail+ferry,trail,Porter company,False,True,589.730523,1000,8.2,72.35,100.36,0.34
LEG-000144,Bryn Shander,Luskan,The Ten Trail,trail+ferry,ferry,Cargo ferry,False,True,589.730523,30000,14.9,39.71,1283.47,0.145
LEG-000144,Bryn Shander,Luskan,The Ten Trail,trail+ferry,ferry,Fast packet,False,True,589.730523,8000,20.6,28.59,468.35,0.199
LEG-000145,Bryn Shander,Targos,The Ten Towns Track,trail,trail,Pack pony string,False,False,20.05642,1200,14.0,1.44,2.55,0.212
LEG-000145,Bryn Shander,Targos,The Ten Towns Track,trail,trail,Mule train,False,False,20.05642,2400,13.3,1.51,4.83,0.201
LEG-000145,Bryn Shander,Targos,The Ten Towns Track,trail,trail,Porter company,False,False,20.05642,1000,10.4,1.93,2.68,0.267
LEG-000146,Bryn Shander,Termalaine,caravan track,track,track,Camel caravan,True,False,20.2608,3000,14.5,1.4,6.8,0.224
LEG-000146,Bryn Shander,Termalaine,caravan track,track,track,Mule caravan,True,False,20.2608,2400,12.6,1.61,6.04,0.249
LEG-000146,Bryn Shander,Termalaine,caravan track,track,track,Ox caravan,True,False,20.2608,5000,8.8,2.3,10.32,0.204
LEG-000147,Caer Calidyrr,Caer Corwell,Sea of Swords coasting run,sea,sea,Coasting cog,False,False,247.449086,100000,60.2,4.11,506.36,0.041
LEG-000147,Caer Calidyrr,Caer Corwell,Sea of Swords coasting run,sea,sea,Merchant caravel,False,False,247.449086,180000,71.8,3.45,843.93,0.038
LEG-000147,Caer Calidyrr,Caer Corwell,Sea of Swords coasting run,sea,sea,Deep-water galleon,False,False,247.449086,400000,65.0,3.81,1612.85,0.033
LEG-000148,Caer Calidyrr,Candlekeep,Sea of Swords coasting run,sea,sea,Coasting cog,False,False,426.377356,100000,60.2,7.08,872.5,0.041
LEG-000148,Caer Calidyrr,Candlekeep,Sea of Swords coasting run,sea,sea,Merchant caravel,False,False,426.377356,180000,71.8,5.94,1454.17,0.038
LEG-000148,Caer Calidyrr,Candlekeep,Sea of Swords coasting run,sea,sea,Deep-water galleon,False,False,426.377356,400000,65.0,6.56,2779.08,0.033
LEG-000149,Caer Calidyrr,Iron Keep,local market ferry,ferry,ferry,Cargo ferry,True,False,126.781229,30000,17.6,7.22,233.47,0.123
LEG-000149,Caer Calidyrr,Iron Keep,local market ferry,ferry,ferry,Fast packet,True,False,126.781229,8000,24.4,5.2,85.2,0.168
LEG-000150,Caer Calidyrr,Mintarn,Sea of Swords coasting run,sea,sea,Coasting cog,False,False,158.20749,100000,60.2,2.63,323.74,0.041
LEG-000150,Caer Calidyrr,Mintarn,Sea of Swords coasting run,sea,sea,Merchant caravel,False,False,158.20749,180000,71.8,2.2,539.57,0.038
LEG-000150,Caer Calidyrr,Mintarn,Sea of Swords coasting run,sea,sea,Deep-water galleon,False,False,158.20749,400000,65.0,2.43,1031.18,0.033
LEG-000151,Caer Calidyrr,Waterdeep,The Moonshae Crossing,sea+ferry,sea,Coasting cog,False,True,496.194085,100000,60.2,8.24,1015.37,0.041
LEG-000151,Caer Calidyrr,Waterdeep,The Moonshae Crossing,sea+ferry,sea,Merchant caravel,False,True,496.194085,180000,71.8,6.91,1692.28,0.038
LEG-000151,Caer Calidyrr,Waterdeep,The Moonshae Crossing,sea+ferry,sea,Deep-water galleon,False,True,496.194085,400000,65.0,7.64,3234.14,0.033
LEG-000151,Caer Calidyrr,Waterdeep,The Moonshae Crossing,sea+ferry,ferry,Cargo ferry,False,True,496.194085,30000,25.6,19.34,625.2,0.084
LEG-000151,Caer Calidyrr,Waterdeep,The Moonshae Crossing,sea+ferry,ferry,Fast packet,False,True,496.194085,8000,35.6,13.93,228.14,0.115
LEG-000152,Caer Corwell,Baldur's Gate,The Moonshae Crossing,sea+ferry,sea,Coasting cog,False,True,556.733419,100000,60.2,9.25,1139.25,0.041
LEG-000152,Caer Corwell,Baldur's Gate,The Moonshae Crossing,sea+ferry,sea,Merchant caravel,False,True,556.733419,180000,71.8,7.75,1898.75,0.038
LEG-000152,Caer Corwell,Baldur's Gate,The Moonshae Crossing,sea+ferry,sea,Deep-water galleon,False,True,556.733419,400000,65.0,8.57,3628.73,0.033
LEG-000152,Caer Corwell,Baldur's Gate,The Moonshae Crossing,sea+ferry,ferry,Cargo ferry,False,True,556.733419,30000,25.6,21.71,701.48,0.084
LEG-000152,Caer Corwell,Baldur's Gate,The Moonshae Crossing,sea+ferry,ferry,Fast packet,False,True,556.733419,8000,35.6,15.63,255.98,0.115
LEG-000153,Caer Corwell,Caer Calidyrr,Sea of Swords coasting run,sea,sea,Coasting cog,False,False,247.449086,100000,60.2,4.11,506.36,0.041
LEG-000153,Caer Corwell,Caer Calidyrr,Sea of Swords coasting run,sea,sea,Merchant caravel,False,False,247.449086,180000,71.8,3.45,843.93,0.038
LEG-000153,Caer Corwell,Caer Calidyrr,Sea of Swords coasting run,sea,sea,Deep-water galleon,False,False,247.449086,400000,65.0,3.81,1612.85,0.033
LEG-000154,Caer Corwell,Lantan,Sea of Swords coasting run,sea,sea,Coasting cog,False,False,415.064344,100000,60.2,6.9,849.35,0.041
LEG-000154,Caer Corwell,Lantan,Sea of Swords coasting run,sea,sea,Merchant caravel,False,False,415.064344,180000,71.8,5.78,1415.59,0.038
LEG-000154,Caer Corwell,Lantan,Sea of Swords coasting run,sea,sea,Deep-water galleon,False,False,415.064344,400000,65.0,6.39,2705.35,0.033
LEG-000155,Caer Corwell,Llewellyn,local market ferry,ferry,ferry,Cargo ferry,True,False,120.546837,30000,17.6,6.87,221.99,0.123
LEG-000155,Caer Corwell,Llewellyn,local market ferry,ferry,ferry,Fast packet,True,False,120.546837,8000,24.4,4.95,81.01,0.168
LEG-000156,Caer Corwell,Mintarn,Sea of Swords coasting run,sea,sea,Coasting cog,False,False,374.028475,100000,60.2,6.21,765.38,0.041
LEG-000156,Caer Corwell,Mintarn,Sea of Swords coasting run,sea,sea,Merchant caravel,False,False,374.028475,180000,71.8,5.21,1275.63,0.038
LEG-000156,Caer Corwell,Mintarn,Sea of Swords coasting run,sea,sea,Deep-water galleon,False,False,374.028475,400000,65.0,5.76,2437.88,0.033
LEG-000157,Caer Corwell,Velen,Sea of Swords coasting run,sea,sea,Coasting cog,False,False,344.124294,100000,60.2,5.72,704.19,0.041
LEG-000157,Caer Corwell,Velen,Sea of Swords coasting run,sea,sea,Merchant caravel,False,False,344.124294,180000,71.8,4.79,1173.64,0.038
LEG-000157,Caer Corwell,Velen,Sea of Swords coasting run,sea,sea,Deep-water galleon,False,False,344.124294,400000,65.0,5.3,2242.97,0.033
LEG-000158,Calaunt,Ylraphon,Calaunt to Tantras and Ravens Bluff trail branches,trail,trail,Pack pony string,False,False,48.711806,1200,14.0,3.49,6.19,0.212
LEG-000158,Calaunt,Ylraphon,Calaunt to Tantras and Ravens Bluff trail branches,trail,trail,Mule train,False,False,48.711806,2400,13.3,3.66,11.72,0.201
LEG-000158,Calaunt,Ylraphon,Calaunt to Tantras and Ravens Bluff trail branches,trail,trail,Porter company,False,False,48.711806,1000,10.4,4.7,6.51,0.267
LEG-000159,Calimport,Almraiven,The Shining Sea Run,sea,sea,Coasting cog,False,False,387.343943,100000,63.4,6.11,753.0,0.039
LEG-000159,Calimport,Almraiven,The Shining Sea Run,sea,sea,Merchant caravel,False,False,387.343943,180000,75.6,5.12,1254.99,0.036
LEG-000159,Calimport,Almraiven,The Shining Sea Run,sea,sea,Deep-water galleon,False,False,387.343943,400000,68.4,5.66,2398.43,0.031
LEG-000160,Calimport,Lantan,Calimshan-Lantan Coastal Run,sea,sea,Sword Coast Coasters,False,False,523.997595,100000,66.5,7.88,970.14,0.037
LEG-000160,Calimport,Lantan,Calimshan-Lantan Coastal Run,sea,sea,Merchant caravel,False,False,523.997595,180000,79.4,6.6,1616.91,0.034
LEG-000160,Calimport,Lantan,Calimshan-Lantan Coastal Run,sea,sea,Deep-water galleon,False,False,523.997595,400000,71.8,7.3,3090.09,0.029
LEG-000161,Calimport,Memnon,The Sword Coast Run,sea,sea,Coasting cog,False,False,168.079416,100000,76.0,2.21,272.29,0.032
LEG-000161,Calimport,Memnon,The Sword Coast Run,sea,sea,Merchant caravel,False,False,168.079416,180000,90.7,1.85,453.81,0.03
LEG-000161,Calimport,Memnon,The Sword Coast Run,sea,sea,Deep-water galleon,False,False,168.079416,400000,82.1,2.05,867.29,0.026
LEG-000162,Calimport,Myratma,Memnon to Calimport,road,road,Ox freight wagon,False,False,208.325753,6000,14.7,14.18,72.35,0.116
LEG-000162,Calimport,Myratma,Memnon to Calimport,road,road,Horse freight wagon,False,False,208.325753,4000,20.4,10.21,58.82,0.141
LEG-000162,Calimport,Myratma,Memnon to Calimport,road,road,Mule cart,False,False,208.325753,2000,18.4,11.35,25.88,0.124
LEG-000163,Calimport,Nimbral,Sea of Swords coasting run,sea,sea,Coasting cog,False,False,428.376587,100000,60.2,7.12,876.59,0.041
LEG-000163,Calimport,Nimbral,Sea of Swords coasting run,sea,sea,Merchant caravel,False,False,428.376587,180000,71.8,5.96,1460.99,0.038
LEG-000163,Calimport,Nimbral,Sea of Swords coasting run,sea,sea,Deep-water galleon,False,False,428.376587,400000,65.0,6.59,2792.11,0.033
LEG-000164,Calimport,Port Nyanzaru,Sea of Swords coasting run,sea,sea,Coasting cog,False,False,469.703108,100000,60.2,7.8,961.16,0.041
LEG-000164,Calimport,Port Nyanzaru,Sea of Swords coasting run,sea,sea,Merchant caravel,False,False,469.703108,180000,71.8,6.54,1601.93,0.038
LEG-000164,Calimport,Port Nyanzaru,Sea of Swords coasting run,sea,sea,Deep-water galleon,False,False,469.703108,400000,65.0,7.23,3061.48,0.033
LEG-000165,Calimport,Tashluta,Sea of Swords coasting run,sea,sea,Coasting cog,False,False,365.594926,100000,60.2,6.07,748.12,0.041
LEG-000165,Calimport,Tashluta,Sea of Swords coasting run,sea,sea,Merchant caravel,False,False,365.594926,180000,71.8,5.09,1246.87,0.038
LEG-000165,Calimport,Tashluta,Sea of Swords coasting run,sea,sea,Deep-water galleon,False,False,365.594926,400000,65.0,5.63,2382.91,0.033
LEG-000166,Calimport,Thindar,Sea of Swords coasting run,sea,sea,Coasting cog,False,False,549.020455,100000,60.2,9.12,1123.47,0.041
LEG-000166,Calimport,Thindar,Sea of Swords coasting run,sea,sea,Merchant caravel,False,False,549.020455,180000,71.8,7.64,1872.45,0.038
LEG-000166,Calimport,Thindar,Sea of Swords coasting run,sea,sea,Deep-water galleon,False,False,549.020455,400000,65.0,8.45,3578.46,0.033
LEG-000167,Calimport,Urbreth,Sea of Swords coasting run,sea,sea,Coasting cog,False,False,445.364401,100000,60.2,7.4,911.36,0.041
LEG-000167,Calimport,Urbreth,Sea of Swords coasting run,sea,sea,Merchant caravel,False,False,445.364401,180000,71.8,6.2,1518.93,0.038
LEG-000167,Calimport,Urbreth,Sea of Swords coasting run,sea,sea,Deep-water galleon,False,False,445.364401,400000,65.0,6.85,2902.84,0.033
LEG-000168,Candlekeep,Athkatla,Sea of Swords coasting run,sea,sea,Coasting cog,False,False,168.496795,100000,60.2,2.8,344.8,0.041
LEG-000168,Candlekeep,Athkatla,Sea of Swords coasting run,sea,sea,Merchant caravel,False,False,168.496795,180000,71.8,2.35,574.66,0.038
LEG-000168,Candlekeep,Athkatla,Sea of Swords coasting run,sea,sea,Deep-water galleon,False,False,168.496795,400000,65.0,2.59,1098.24,0.033
LEG-000169,Candlekeep,Baldur's Gate,Sea of Swords coasting run,sea,sea,Coasting cog,False,False,142.182418,100000,60.2,2.36,290.95,0.041
LEG-000169,Candlekeep,Baldur's Gate,Sea of Swords coasting run,sea,sea,Merchant caravel,False,False,142.182418,180000,71.8,1.98,484.92,0.038
LEG-000169,Candlekeep,Baldur's Gate,Sea of Swords coasting run,sea,sea,Deep-water galleon,False,False,142.182418,400000,65.0,2.19,926.73,0.033
LEG-000170,Candlekeep,Beregost,The Coast Way,road,road,Ox freight wagon,False,False,41.776668,6000,18.1,2.3,11.75,0.094
LEG-000170,Candlekeep,Beregost,The Coast Way,road,road,Horse freight wagon,False,False,41.776668,4000,25.2,1.66,9.55,0.114
LEG-000170,Candlekeep,Beregost,The Coast Way,road,road,Mule cart,False,False,41.776668,2000,22.7,1.84,4.2,0.101
LEG-000171,Candlekeep,Caer Calidyrr,Sea of Swords coasting run,sea,sea,Coasting cog,False,False,426.377356,100000,60.2,7.08,872.5,0.041
LEG-000171,Candlekeep,Caer Calidyrr,Sea of Swords coasting run,sea,sea,Merchant caravel,False,False,426.377356,180000,71.8,5.94,1454.17,0.038
LEG-000171,Candlekeep,Caer Calidyrr,Sea of Swords coasting run,sea,sea,Deep-water galleon,False,False,426.377356,400000,65.0,6.56,2779.08,0.033
LEG-000172,Candlekeep,Durlag's Tower,Coast Way: Beregost to Nashkel,road,road,Ox freight wagon,False,False,189.367859,6000,14.7,12.89,65.77,0.116
LEG-000172,Candlekeep,Durlag's Tower,Coast Way: Beregost to Nashkel,road,road,Horse freight wagon,False,False,189.367859,4000,20.4,9.28,53.47,0.141
LEG-000172,Candlekeep,Durlag's Tower,Coast Way: Beregost to Nashkel,road,road,Mule cart,False,False,189.367859,2000,18.4,10.31,23.53,0.124
LEG-000173,Candlekeep,Mintarn,Sea of Swords coasting run,sea,sea,Coasting cog,False,False,339.975176,100000,60.2,5.65,695.7,0.041
LEG-000173,Candlekeep,Mintarn,Sea of Swords coasting run,sea,sea,Merchant caravel,False,False,339.975176,180000,71.8,4.73,1159.49,0.038
LEG-000173,Candlekeep,Mintarn,Sea of Swords coasting run,sea,sea,Deep-water galleon,False,False,339.975176,400000,65.0,5.23,2215.92,0.033
LEG-000174,Candlekeep,Nashkel,caravan track,track,track,Camel caravan,True,False,135.632002,3000,14.5,9.36,45.51,0.224
LEG-000174,Candlekeep,Nashkel,caravan track,track,track,Mule caravan,True,False,135.632002,2400,12.6,10.76,40.46,0.249
LEG-000174,Candlekeep,Nashkel,caravan track,track,track,Ox caravan,True,False,135.632002,5000,8.8,15.38,69.11,0.204
LEG-000175,Candlekeep,Orlumbor,Sea of Swords coasting run,sea,sea,Coasting cog,False,False,316.237284,100000,60.2,5.25,647.12,0.041
LEG-000175,Candlekeep,Orlumbor,Sea of Swords coasting run,sea,sea,Merchant caravel,False,False,316.237284,180000,71.8,4.4,1078.54,0.038
LEG-000175,Candlekeep,Orlumbor,Sea of Swords coasting run,sea,sea,Deep-water galleon,False,False,316.237284,400000,65.0,4.87,2061.2,0.033
LEG-000176,Castle Perilous,Palischuk,Castle Perilous to Darmshall,trail,trail,Pack pony string,False,False,70.787011,1200,14.0,5.07,8.99,0.212
LEG-000176,Castle Perilous,Palischuk,Castle Perilous to Darmshall,trail,trail,Mule train,False,False,70.787011,2400,13.3,5.32,17.04,0.201
LEG-000176,Castle Perilous,Palischuk,Castle Perilous to Darmshall,trail,trail,Porter company,False,False,70.787011,1000,10.4,6.82,9.47,0.267
LEG-000177,Castle Tethyr,Memnon,Zazesspur through Castle Tethyr to Myratma,road,road,Ox freight wagon,False,False,113.352032,6000,14.7,7.72,39.37,0.116
LEG-000177,Castle Tethyr,Memnon,Zazesspur through Castle Tethyr to Myratma,road,road,Horse freight wagon,False,False,113.352032,4000,20.4,5.56,32.01,0.141
LEG-000177,Castle Tethyr,Memnon,Zazesspur through Castle Tethyr to Myratma,road,road,Mule cart,False,False,113.352032,2000,18.4,6.17,14.08,0.124
LEG-000178,Castle Tethyr,Mosstone,Trade Way: Mosstone to Zazesspur,road,road,Ox freight wagon,False,False,158.889356,6000,14.7,10.82,55.18,0.116
LEG-000178,Castle Tethyr,Mosstone,Trade Way: Mosstone to Zazesspur,road,road,Horse freight wagon,False,False,158.889356,4000,20.4,7.79,44.86,0.141
LEG-000178,Castle Tethyr,Mosstone,Trade Way: Mosstone to Zazesspur,road,road,Mule cart,False,False,158.889356,2000,18.4,8.65,19.74,0.124
LEG-000179,Castle Tethyr,Zazesspur,Trade Way: Mosstone to Zazesspur,road,road,Ox freight wagon,False,False,46.895842,6000,14.7,3.19,16.29,0.116
LEG-000179,Castle Tethyr,Zazesspur,Trade Way: Mosstone to Zazesspur,road,road,Horse freight wagon,False,False,46.895842,4000,20.4,2.3,13.24,0.141
LEG-000179,Castle Tethyr,Zazesspur,Trade Way: Mosstone to Zazesspur,road,road,Mule cart,False,False,46.895842,2000,18.4,2.55,5.83,0.124
LEG-000180,Cathyr,Delzimmer,Delzimmer to Cathyr road,road,road,Ox freight wagon,False,False,385.464669,6000,14.7,26.24,133.87,0.116
LEG-000180,Cathyr,Delzimmer,Delzimmer to Cathyr road,road,road,Horse freight wagon,False,False,385.464669,4000,20.4,18.9,108.84,0.141
LEG-000180,Cathyr,Delzimmer,Delzimmer to Cathyr road,road,road,Mule cart,False,False,385.464669,2000,18.4,20.99,47.89,0.124
LEG-000181,Cathyr,Maarlith,Cathyr to Maarlith trail,trail,trail,Pack pony string,False,False,178.142144,1200,14.0,12.76,22.63,0.212
LEG-000181,Cathyr,Maarlith,Cathyr to Maarlith trail,trail,trail,Mule train,False,False,178.142144,2400,13.3,13.39,42.88,0.201
LEG-000181,Cathyr,Maarlith,Cathyr to Maarlith trail,trail,trail,Porter company,False,False,178.142144,1000,10.4,17.17,23.82,0.267
LEG-000182,Cedarspoke,Saerloon,local market trail,trail,trail,Pack pony string,True,False,188.202072,1200,13.0,14.51,25.75,0.228
LEG-000182,Cedarspoke,Saerloon,local market trail,trail,trail,Mule train,True,False,188.202072,2400,12.3,15.24,48.78,0.216
LEG-000182,Cedarspoke,Saerloon,local market trail,trail,trail,Porter company,True,False,188.202072,1000,9.6,19.54,27.1,0.288
LEG-000183,Channathgate,Rethmar,Kormul through Rethmar and Channathgate to Eartheart,road,road,Ox freight wagon,False,False,115.148522,6000,14.7,7.84,39.99,0.116
LEG-000183,Channathgate,Rethmar,Kormul through Rethmar and Channathgate to Eartheart,road,road,Horse freight wagon,False,False,115.148522,4000,20.4,5.64,32.51,0.141
LEG-000183,Channathgate,Rethmar,Kormul through Rethmar and Channathgate to Eartheart,road,road,Mule cart,False,False,115.148522,2000,18.4,6.27,14.31,0.124
LEG-000184,Channathgate,Three Swords,Kormul through Rethmar and Channathgate to Eartheart,road,road,Ox freight wagon,False,False,231.373341,6000,14.7,15.75,80.35,0.116
LEG-000184,Channathgate,Three Swords,Kormul through Rethmar and Channathgate to Eartheart,road,road,Horse freight wagon,False,False,231.373341,4000,20.4,11.34,65.33,0.141
LEG-000184,Channathgate,Three Swords,Kormul through Rethmar and Channathgate to Eartheart,road,road,Mule cart,False,False,231.373341,2000,18.4,12.6,28.74,0.124
LEG-000185,Chavyondat,Assur,Ormpе through Vaelan and Assur toward Shoun,trail,trail,Pack pony string,False,False,277.2681,1200,14.0,19.85,35.22,0.212
LEG-000185,Chavyondat,Assur,Ormpе through Vaelan and Assur toward Shoun,trail,trail,Mule train,False,False,277.2681,2400,13.3,20.85,66.73,0.201
LEG-000185,Chavyondat,Assur,Ormpе through Vaelan and Assur toward Shoun,trail,trail,Porter company,False,False,277.2681,1000,10.4,26.73,37.07,0.267
LEG-000186,Chavyondat,Thruldar,Ormpе through Vaelan and Assur toward Shoun,trail,trail,Pack pony string,False,False,185.694253,1200,14.0,13.3,23.59,0.212
LEG-000186,Chavyondat,Thruldar,Ormpе through Vaelan and Assur toward Shoun,trail,trail,Mule train,False,False,185.694253,2400,13.3,13.96,44.69,0.201
LEG-000186,Chavyondat,Thruldar,Ormpе through Vaelan and Assur toward Shoun,trail,trail,Porter company,False,False,185.694253,1000,10.4,17.9,24.83,0.267
LEG-000187,Chethel,Beluir,Delzimmer to Beluir road,road,road,Ox freight wagon,False,False,57.427868,6000,14.7,3.91,19.94,0.116
LEG-000187,Chethel,Beluir,Delzimmer to Beluir road,road,road,Horse freight wagon,False,False,57.427868,4000,20.4,2.82,16.21,0.141
LEG-000187,Chethel,Beluir,Delzimmer to Beluir road,road,road,Mule cart,False,False,57.427868,2000,18.4,3.13,7.13,0.124
LEG-000188,Chethel,Delzimmer,Delzimmer to Beluir road,road,road,Ox freight wagon,False,False,326.973868,6000,14.7,22.26,113.56,0.116
LEG-000188,Chethel,Delzimmer,Delzimmer to Beluir road,road,road,Horse freight wagon,False,False,326.973868,4000,20.4,16.03,92.32,0.141
LEG-000188,Chethel,Delzimmer,Delzimmer to Beluir road,road,road,Mule cart,False,False,326.973868,2000,18.4,17.81,40.62,0.124
LEG-000189,Chethel,Krenalir,Beluir through Chethel to Krenalir,road,road,Ox freight wagon,False,False,155.191553,6000,14.7,10.57,53.9,0.116
LEG-000189,Chethel,Krenalir,Beluir through Chethel to Krenalir,road,road,Horse freight wagon,False,False,155.191553,4000,20.4,7.61,43.82,0.141
LEG-000189,Chethel,Krenalir,Beluir through Chethel to Krenalir,road,road,Mule cart,False,False,155.191553,2000,18.4,8.45,19.28,0.124
LEG-000190,Chethel,Shoun,Beluir to Shoun road,road,road,Ox freight wagon,False,False,217.156834,6000,14.7,14.78,75.42,0.116
LEG-000190,Chethel,Shoun,Beluir to Shoun road,road,road,Horse freight wagon,False,False,217.156834,4000,20.4,10.64,61.31,0.141
LEG-000190,Chethel,Shoun,Beluir to Shoun road,road,road,Mule cart,False,False,217.156834,2000,18.4,11.83,26.98,0.124
LEG-000191,Cimbar,Airspur,The Vilhon Passage,sea,sea,Coasting cog,False,False,96.66235,100000,66.5,1.45,178.96,0.037
LEG-000191,Cimbar,Airspur,The Vilhon Passage,sea,sea,Merchant caravel,False,False,96.66235,180000,79.4,1.22,298.27,0.034
LEG-000191,Cimbar,Airspur,The Vilhon Passage,sea,sea,Deep-water galleon,False,False,96.66235,400000,71.8,1.35,570.03,0.029
LEG-000192,Cimbar,Bezantur,Sea of Fallen Stars coasting run,sea,sea,Coasting cog,False,False,512.89769,100000,60.2,8.52,1049.55,0.041
LEG-000192,Cimbar,Bezantur,Sea of Fallen Stars coasting run,sea,sea,Merchant caravel,False,False,512.89769,180000,71.8,7.14,1749.25,0.038
LEG-000192,Cimbar,Bezantur,Sea of Fallen Stars coasting run,sea,sea,Deep-water galleon,False,False,512.89769,400000,65.0,7.89,3343.01,0.033
LEG-000193,Cimbar,Luthcheq,The Eastern Shaar Road,road,road,Ox freight wagon,False,False,168.547475,6000,17.3,9.75,49.76,0.098
LEG-000193,Cimbar,Luthcheq,The Eastern Shaar Road,road,road,Horse freight wagon,False,False,168.547475,4000,24.0,7.02,40.45,0.12
LEG-000193,Cimbar,Luthcheq,The Eastern Shaar Road,road,road,Mule cart,False,False,168.547475,2000,21.6,7.8,17.8,0.106
LEG-000194,Cimbar,Messemprar,The Vilhon Passage,sea,sea,Coasting cog,False,False,387.351339,100000,66.5,5.82,717.15,0.037
LEG-000194,Cimbar,Messemprar,The Vilhon Passage,sea,sea,Merchant caravel,False,False,387.351339,180000,79.4,4.88,1195.26,0.034
LEG-000194,Cimbar,Messemprar,The Vilhon Passage,sea,sea,Deep-water galleon,False,False,387.351339,400000,71.8,5.39,2284.27,0.029
LEG-000195,Cimbar,Reth,Airspur through Cimbar and Soorenar to Mordulkin,road,road,Ox freight wagon,False,False,160.530148,6000,14.7,10.93,55.75,0.116
LEG-000195,Cimbar,Reth,Airspur through Cimbar and Soorenar to Mordulkin,road,road,Horse freight wagon,False,False,160.530148,4000,20.4,7.87,45.33,0.141
LEG-000195,Cimbar,Reth,Airspur through Cimbar and Soorenar to Mordulkin,road,road,Mule cart,False,False,160.530148,2000,18.4,8.74,19.94,0.124
LEG-000196,Cimbar,Soorenar,Airspur through Cimbar and Soorenar to Mordulkin,road,road,Ox freight wagon,False,False,50.837405,6000,14.7,3.46,17.66,0.116
LEG-000196,Cimbar,Soorenar,Airspur through Cimbar and Soorenar to Mordulkin,road,road,Horse freight wagon,False,False,50.837405,4000,20.4,2.49,14.35,0.141
LEG-000196,Cimbar,Soorenar,Airspur through Cimbar and Soorenar to Mordulkin,road,road,Mule cart,False,False,50.837405,2000,18.4,2.77,6.32,0.124
LEG-000197,Cimbar,Velprintalar,Sea of Fallen Stars coasting run,sea,sea,Coasting cog,False,False,278.625519,100000,60.2,4.63,570.16,0.041
LEG-000197,Cimbar,Velprintalar,Sea of Fallen Stars coasting run,sea,sea,Merchant caravel,False,False,278.625519,180000,71.8,3.88,950.26,0.038
LEG-000197,Cimbar,Velprintalar,Sea of Fallen Stars coasting run,sea,sea,Deep-water galleon,False,False,278.625519,400000,65.0,4.29,1816.05,0.033
LEG-000198,Citadel Adbar,Citadel Felbarr,The Silver Way,road,road,Ox freight wagon,False,False,123.366932,6000,16.4,7.52,38.33,0.104
LEG-000198,Citadel Adbar,Citadel Felbarr,The Silver Way,road,road,Horse freight wagon,False,False,123.366932,4000,22.8,5.41,31.17,0.126
LEG-000198,Citadel Adbar,Citadel Felbarr,The Silver Way,road,road,Mule cart,False,False,123.366932,2000,20.5,6.01,13.71,0.111
LEG-000199,Citadel Adbar,Deadsnows,caravan track,track,track,Camel caravan,True,False,150.844887,3000,14.5,10.41,50.62,0.224
LEG-000199,Citadel Adbar,Deadsnows,caravan track,track,track,Mule caravan,True,False,150.844887,2400,12.6,11.97,44.99,0.249
LEG-000199,Citadel Adbar,Deadsnows,caravan track,track,track,Ox caravan,True,False,150.844887,5000,8.8,17.1,76.87,0.204
LEG-000200,Citadel Adbar,Silverymoon,caravan track,track,track,Camel caravan,True,False,259.849379,3000,14.5,17.93,87.2,0.224
LEG-000200,Citadel Adbar,Silverymoon,caravan track,track,track,Mule caravan,True,False,259.849379,2400,12.6,20.62,77.51,0.249
LEG-000200,Citadel Adbar,Silverymoon,caravan track,track,track,Ox caravan,True,False,259.849379,5000,8.8,29.46,132.41,0.204
LEG-000201,Citadel Adbar,Sundabar,caravan track,track,track,Camel caravan,True,False,141.509328,3000,14.5,9.77,47.49,0.224
LEG-000201,Citadel Adbar,Sundabar,caravan track,track,track,Mule caravan,True,False,141.509328,2400,12.6,11.23,42.21,0.249
LEG-000201,Citadel Adbar,Sundabar,caravan track,track,track,Ox caravan,True,False,141.509328,5000,8.8,16.04,72.11,0.204
LEG-000202,Citadel Felbarr,Citadel Adbar,The Silver Way,road,road,Ox freight wagon,False,False,123.366932,6000,16.4,7.52,38.33,0.104
LEG-000202,Citadel Felbarr,Citadel Adbar,The Silver Way,road,road,Horse freight wagon,False,False,123.366932,4000,22.8,5.41,31.17,0.126
LEG-000202,Citadel Felbarr,Citadel Adbar,The Silver Way,road,road,Mule cart,False,False,123.366932,2000,20.5,6.01,13.71,0.111
LEG-000203,Citadel Felbarr,Deadsnows,Everlund through Silverymoon to Sundabar,road,road,Ox freight wagon,False,False,142.972619,6000,14.7,9.73,49.65,0.116
LEG-000203,Citadel Felbarr,Deadsnows,Everlund through Silverymoon to Sundabar,road,road,Horse freight wagon,False,False,142.972619,4000,20.4,7.01,40.37,0.141
LEG-000203,Citadel Felbarr,Deadsnows,Everlund through Silverymoon to Sundabar,road,road,Mule cart,False,False,142.972619,2000,18.4,7.79,17.76,0.124
LEG-000204,Citadel Felbarr,Silverymoon,The Silver Way,road,road,Ox freight wagon,False,False,173.408783,6000,16.4,10.56,53.88,0.104
LEG-000204,Citadel Felbarr,Silverymoon,The Silver Way,road,road,Horse freight wagon,False,False,173.408783,4000,22.8,7.61,43.81,0.126
LEG-000204,Citadel Felbarr,Silverymoon,The Silver Way,road,road,Mule cart,False,False,173.408783,2000,20.5,8.45,19.28,0.111
LEG-000205,Citadel Felbarr,Sundabar,Everlund through Silverymoon to Sundabar,road,road,Ox freight wagon,False,False,105.992368,6000,14.7,7.22,36.81,0.116
LEG-000205,Citadel Felbarr,Sundabar,Everlund through Silverymoon to Sundabar,road,road,Horse freight wagon,False,False,105.992368,4000,20.4,5.2,29.93,0.141
LEG-000205,Citadel Felbarr,Sundabar,Everlund through Silverymoon to Sundabar,road,road,Mule cart,False,False,105.992368,2000,18.4,5.77,13.17,0.124
LEG-000206,Citadel of the Raven,Teshwave,Voonlar to Teshwave,road,road,Ox freight wagon,False,False,52.936566,6000,14.7,3.6,18.38,0.116
LEG-000206,Citadel of the Raven,Teshwave,Voonlar to Teshwave,road,road,Horse freight wagon,False,False,52.936566,4000,20.4,2.59,14.95,0.141
LEG-000206,Citadel of the Raven,Teshwave,Voonlar to Teshwave,road,road,Mule cart,False,False,52.936566,2000,18.4,2.88,6.58,0.124
LEG-000207,Citadel of the Raven,Voonlar,Voonlar to Teshwave,road,road,Ox freight wagon,False,False,111.702968,6000,14.7,7.61,38.79,0.116
LEG-000207,Citadel of the Raven,Voonlar,Voonlar to Teshwave,road,road,Horse freight wagon,False,False,111.702968,4000,20.4,5.48,31.54,0.141
LEG-000207,Citadel of the Raven,Voonlar,Voonlar to Teshwave,road,road,Mule cart,False,False,111.702968,2000,18.4,6.08,13.88,0.124
LEG-000208,Citadel of the Raven,Whitehorn,Whitehorn to Ride trail,trail,trail,Pack pony string,False,False,102.865588,1200,14.0,7.37,13.07,0.212
LEG-000208,Citadel of the Raven,Whitehorn,Whitehorn to Ride trail,trail,trail,Mule train,False,False,102.865588,2400,13.3,7.73,24.76,0.201
LEG-000208,Citadel of the Raven,Whitehorn,Whitehorn to Ride trail,trail,trail,Porter company,False,False,102.865588,1000,10.4,9.92,13.75,0.267
LEG-000209,Citadel Rashemen,Delhumide,local market trail,trail,trail,Pack pony string,True,False,232.782839,1200,13.0,17.95,31.84,0.228
LEG-000209,Citadel Rashemen,Delhumide,local market trail,trail,trail,Mule train,True,False,232.782839,2400,12.3,18.85,60.34,0.216
LEG-000209,Citadel Rashemen,Delhumide,local market trail,trail,trail,Porter company,True,False,232.782839,1000,9.6,24.17,33.52,0.288
LEG-000210,City of the Dead,Mishtan,local market trail,trail,trail,Pack pony string,True,False,35.746328,1200,13.0,2.76,4.89,0.228
LEG-000210,City of the Dead,Mishtan,local market trail,trail,trail,Mule train,True,False,35.746328,2400,12.3,2.89,9.27,0.216
LEG-000210,City of the Dead,Mishtan,local market trail,trail,trail,Porter company,True,False,35.746328,1000,9.6,3.71,5.15,0.288
LEG-000211,Clymph Tower,Bezentil,Uthmere through the Great Dale to Kront,road,road,Ox freight wagon,False,False,71.375004,6000,14.7,4.86,24.79,0.116
LEG-000211,Clymph Tower,Bezentil,Uthmere through the Great Dale to Kront,road,road,Horse freight wagon,False,False,71.375004,4000,20.4,3.5,20.15,0.141
LEG-000211,Clymph Tower,Bezentil,Uthmere through the Great Dale to Kront,road,road,Mule cart,False,False,71.375004,2000,18.4,3.89,8.87,0.124
LEG-000212,Clymph Tower,The Mucklestones,Uthmere through the Great Dale to Kront,road,road,Ox freight wagon,False,False,90.644701,6000,14.7,6.17,31.48,0.116
LEG-000212,Clymph Tower,The Mucklestones,Uthmere through the Great Dale to Kront,road,road,Horse freight wagon,False,False,90.644701,4000,20.4,4.44,25.59,0.141
LEG-000212,Clymph Tower,The Mucklestones,Uthmere through the Great Dale to Kront,road,road,Mule cart,False,False,90.644701,2000,18.4,4.94,11.26,0.124
LEG-000213,Corm Orp,Darkhold,Hill's Edge to Corm Orp trail,trail,trail,Pack pony string,False,False,25.963243,1200,14.0,1.86,3.3,0.212
LEG-000213,Corm Orp,Darkhold,Hill's Edge to Corm Orp trail,trail,trail,Mule train,False,False,25.963243,2400,13.3,1.95,6.25,0.201
LEG-000213,Corm Orp,Darkhold,Hill's Edge to Corm Orp trail,trail,trail,Porter company,False,False,25.963243,1000,10.4,2.5,3.47,0.267
LEG-000214,Corm Orp,Hill's Edge,Scornubel through Asbravn toward Iriaebor,trail,trail,Pack pony string,False,False,70.093104,1200,14.0,5.02,8.9,0.212
LEG-000214,Corm Orp,Hill's Edge,Scornubel through Asbravn toward Iriaebor,trail,trail,Mule train,False,False,70.093104,2400,13.3,5.27,16.87,0.201
LEG-000214,Corm Orp,Hill's Edge,Scornubel through Asbravn toward Iriaebor,trail,trail,Porter company,False,False,70.093104,1000,10.4,6.76,9.37,0.267
LEG-000215,Corm Orp,Hluthvar,Hill's Edge to Corm Orp trail,trail,trail,Pack pony string,False,False,39.973275,1200,14.0,2.86,5.08,0.212
LEG-000215,Corm Orp,Hluthvar,Hill's Edge to Corm Orp trail,trail,trail,Mule train,False,False,39.973275,2400,13.3,3.01,9.62,0.201
LEG-000215,Corm Orp,Hluthvar,Hill's Edge to Corm Orp trail,trail,trail,Porter company,False,False,39.973275,1000,10.4,3.85,5.34,0.267
LEG-000216,Crimmor,Athkatla,The Amnian Coast Road,road,road,Ox freight wagon,False,False,75.60159,6000,19.0,3.98,20.29,0.089
LEG-000216,Crimmor,Athkatla,The Amnian Coast Road,road,road,Horse freight wagon,False,False,75.60159,4000,26.4,2.86,16.49,0.109
LEG-000216,Crimmor,Athkatla,The Amnian Coast Road,road,road,Mule cart,False,False,75.60159,2000,23.8,3.18,7.26,0.096
LEG-000217,Crimmor,Esmeltaran,caravan track,track,track,Camel caravan,True,False,171.14935,3000,17.6,9.73,47.3,0.184
LEG-000217,Crimmor,Esmeltaran,caravan track,track,track,Mule caravan,True,False,171.14935,2400,15.3,11.19,42.04,0.205
LEG-000217,Crimmor,Esmeltaran,caravan track,track,track,Ox caravan,True,False,171.14935,5000,10.7,15.98,71.82,0.168
LEG-000218,Crimmor,Murann,caravan track,track,track,Camel caravan,True,False,167.063341,3000,17.6,9.49,46.17,0.184
LEG-000218,Crimmor,Murann,caravan track,track,track,Mule caravan,True,False,167.063341,2400,15.3,10.92,41.04,0.205
LEG-000218,Crimmor,Murann,caravan track,track,track,Ox caravan,True,False,167.063341,5000,10.7,15.6,70.11,0.168
LEG-000219,Crimmor,Nashkel,caravan track,track,track,Camel caravan,True,False,100.169956,3000,17.6,5.69,27.68,0.184
LEG-000219,Crimmor,Nashkel,caravan track,track,track,Mule caravan,True,False,100.169956,2400,15.3,6.55,24.61,0.205
LEG-000219,Crimmor,Nashkel,caravan track,track,track,Ox caravan,True,False,100.169956,5000,10.7,9.35,42.04,0.168
LEG-000220,Crimmor,Purskul,The Amnian Coast Road,road,road,Ox freight wagon,False,False,21.559453,6000,19.0,1.13,5.79,0.089
LEG-000220,Crimmor,Purskul,The Amnian Coast Road,road,road,Horse freight wagon,False,False,21.559453,4000,26.4,0.82,4.7,0.109
LEG-000220,Crimmor,Purskul,The Amnian Coast Road,road,road,Mule cart,False,False,21.559453,2000,23.8,0.91,2.07,0.096
LEG-000221,Crimmor,The Twin Towers,Nashkel through Cloud Peaks to Crimmor,road,road,Ox freight wagon,False,False,30.549959,6000,14.7,2.08,10.61,0.116
LEG-000221,Crimmor,The Twin Towers,Nashkel through Cloud Peaks to Crimmor,road,road,Horse freight wagon,False,False,30.549959,4000,20.4,1.5,8.63,0.141
LEG-000221,Crimmor,The Twin Towers,Nashkel through Cloud Peaks to Crimmor,road,road,Mule cart,False,False,30.549959,2000,18.4,1.66,3.8,0.124
LEG-000222,Daerlun,Reddansyr,Proskur via Elversult and Teziir to Westgate,road,road,Ox freight wagon,False,False,157.802881,6000,14.7,10.74,54.8,0.116
LEG-000222,Daerlun,Reddansyr,Proskur via Elversult and Teziir to Westgate,road,road,Horse freight wagon,False,False,157.802881,4000,20.4,7.74,44.56,0.141
LEG-000222,Daerlun,Reddansyr,Proskur via Elversult and Teziir to Westgate,road,road,Mule cart,False,False,157.802881,2000,18.4,8.59,19.6,0.124
LEG-000223,Daerlun,Urmlaspyr,Proskur via Elversult and Teziir to Westgate,road,road,Ox freight wagon,False,False,33.870489,6000,14.7,2.31,11.76,0.116
LEG-000223,Daerlun,Urmlaspyr,Proskur via Elversult and Teziir to Westgate,road,road,Horse freight wagon,False,False,33.870489,4000,20.4,1.66,9.56,0.141
LEG-000223,Daerlun,Urmlaspyr,Proskur via Elversult and Teziir to Westgate,road,road,Mule cart,False,False,33.870489,2000,18.4,1.84,4.21,0.124
LEG-000224,Daerlun,Westgate,Daerlun to Selgaunt via Saerloon junction,road,road,Ox freight wagon,False,False,64.518214,6000,14.7,4.39,22.41,0.116
LEG-000224,Daerlun,Westgate,Daerlun to Selgaunt via Saerloon junction,road,road,Horse freight wagon,False,False,64.518214,4000,20.4,3.16,18.22,0.141
LEG-000224,Daerlun,Westgate,Daerlun to Selgaunt via Saerloon junction,road,road,Mule cart,False,False,64.518214,2000,18.4,3.51,8.02,0.124
LEG-000225,Daerlun,Wheloon,Archenbridge to Daerlun,road,road,Ox freight wagon,False,False,58.791156,6000,14.7,4.0,20.42,0.116
LEG-000225,Daerlun,Wheloon,Archenbridge to Daerlun,road,road,Horse freight wagon,False,False,58.791156,4000,20.4,2.88,16.6,0.141
LEG-000225,Daerlun,Wheloon,Archenbridge to Daerlun,road,road,Mule cart,False,False,58.791156,2000,18.4,3.2,7.3,0.124
LEG-000226,Dagger Falls,Mines of Tethyamar,Black Road across Anauroch to Dagger Falls,trail,trail,Pack pony string,False,False,60.82146,1200,14.0,4.36,7.73,0.212
LEG-000226,Dagger Falls,Mines of Tethyamar,Black Road across Anauroch to Dagger Falls,trail,trail,Mule train,False,False,60.82146,2400,13.3,4.57,14.64,0.201
LEG-000226,Dagger Falls,Mines of Tethyamar,Black Road across Anauroch to Dagger Falls,trail,trail,Porter company,False,False,60.82146,1000,10.4,5.86,8.13,0.267
LEG-000227,Daggerford,Amphail,caravan track,track,track,Camel caravan,True,False,162.419334,3000,14.5,11.21,54.5,0.224
LEG-000227,Daggerford,Amphail,caravan track,track,track,Mule caravan,True,False,162.419334,2400,12.6,12.89,48.45,0.249
LEG-000227,Daggerford,Amphail,caravan track,track,track,Ox caravan,True,False,162.419334,5000,8.8,18.41,82.76,0.204
LEG-000228,Daggerford,Baldur's Gate,The Trade Way,road,road,Ox freight wagon,False,False,515.981982,6000,22.5,22.97,117.17,0.076
LEG-000228,Daggerford,Baldur's Gate,The Trade Way,road,road,Horse freight wagon,False,False,515.981982,4000,31.2,16.54,95.26,0.092
LEG-000228,Daggerford,Baldur's Gate,The Trade Way,road,road,Mule cart,False,False,515.981982,2000,28.1,18.38,41.91,0.081
LEG-000229,Daggerford,Dragonspear Castle,Trade Way: Daggerford junction to Baldur's Gate,road,road,Ox freight wagon,False,False,209.119768,6000,14.7,14.24,72.63,0.116
LEG-000229,Daggerford,Dragonspear Castle,Trade Way: Daggerford junction to Baldur's Gate,road,road,Horse freight wagon,False,False,209.119768,4000,20.4,10.25,59.05,0.141
LEG-000229,Daggerford,Dragonspear Castle,Trade Way: Daggerford junction to Baldur's Gate,road,road,Mule cart,False,False,209.119768,2000,18.4,11.39,25.98,0.124
LEG-000230,Daggerford,Goldenfields,caravan track,track,track,Camel caravan,True,False,135.98533,3000,14.5,9.38,45.63,0.224
LEG-000230,Daggerford,Goldenfields,caravan track,track,track,Mule caravan,True,False,135.98533,2400,12.6,10.79,40.56,0.249
LEG-000230,Daggerford,Goldenfields,caravan track,track,track,Ox caravan,True,False,135.98533,5000,8.8,15.42,69.29,0.204
LEG-000231,Daggerford,Secomber,The Delimbiyr,river+portage,river,Keelboat,False,True,161.176084,30000,46.2,3.49,145.06,0.06
LEG-000231,Daggerford,Secomber,The Delimbiyr,river+portage,river,River barge,False,True,161.176084,80000,31.7,5.09,317.19,0.049
LEG-000231,Daggerford,Secomber,The Delimbiyr,river+portage,river,Shallow-draft wherry,False,True,161.176084,12000,51.9,3.1,66.73,0.069
LEG-000231,Daggerford,Secomber,The Delimbiyr,river+portage,portage,Mule portage train,False,True,161.176084,2000,11.0,14.65,36.75,0.228
LEG-000231,Daggerford,Secomber,The Delimbiyr,river+portage,portage,Ox haulage team,False,True,161.176084,5000,7.7,20.93,79.3,0.197
LEG-000231,Daggerford,Secomber,The Delimbiyr,river+portage,portage,Porter company,False,True,161.176084,1000,9.4,17.24,22.24,0.276
LEG-000232,Daggerford,Waterdeep,The Trade Way,road,road,Ox freight wagon,False,False,128.404415,6000,22.5,5.72,29.16,0.076
LEG-000232,Daggerford,Waterdeep,The Trade Way,road,road,Horse freight wagon,False,False,128.404415,4000,31.2,4.12,23.71,0.092
LEG-000232,Daggerford,Waterdeep,The Trade Way,road,road,Mule cart,False,False,128.404415,2000,28.1,4.57,10.43,0.081
LEG-000233,Dalelost,Ankhapur,Ankhapur to Yhep trail,trail,trail,Pack pony string,False,False,177.082409,1200,14.0,12.68,22.49,0.212
LEG-000233,Dalelost,Ankhapur,Ankhapur to Yhep trail,trail,trail,Mule train,False,False,177.082409,2400,13.3,13.31,42.62,0.201
LEG-000233,Dalelost,Ankhapur,Ankhapur to Yhep trail,trail,trail,Porter company,False,False,177.082409,1000,10.4,17.07,23.68,0.267
LEG-000234,Dalelost,Kagarr,Kagarr to Yhep trail,trail,trail,Pack pony string,False,False,216.451614,1200,14.0,15.5,27.5,0.212
LEG-000234,Dalelost,Kagarr,Kagarr to Yhep trail,trail,trail,Mule train,False,False,216.451614,2400,13.3,16.27,52.1,0.201
LEG-000234,Dalelost,Kagarr,Kagarr to Yhep trail,trail,trail,Porter company,False,False,216.451614,1000,10.4,20.86,28.94,0.267
LEG-000235,Dalelost,Yhep,Ankhapur to Yhep trail,trail,trail,Pack pony string,False,False,54.511742,1200,14.0,3.9,6.92,0.212
LEG-000235,Dalelost,Yhep,Ankhapur to Yhep trail,trail,trail,Mule train,False,False,54.511742,2400,13.3,4.1,13.12,0.201
LEG-000235,Dalelost,Yhep,Ankhapur to Yhep trail,trail,trail,Porter company,False,False,54.511742,1000,10.4,5.25,7.29,0.267
LEG-000236,Darkhold,Corm Orp,Hill's Edge to Corm Orp trail,trail,trail,Pack pony string,False,False,25.963243,1200,14.0,1.86,3.3,0.212
LEG-000236,Darkhold,Corm Orp,Hill's Edge to Corm Orp trail,trail,trail,Mule train,False,False,25.963243,2400,13.3,1.95,6.25,0.201
LEG-000236,Darkhold,Corm Orp,Hill's Edge to Corm Orp trail,trail,trail,Porter company,False,False,25.963243,1000,10.4,2.5,3.47,0.267
LEG-000237,Darkhold,Hluthvar,Sunset foothills via Farsea Marshes toward Tilverton,trail,trail,Pack pony string,False,False,68.629973,1200,14.0,4.91,8.72,0.212
LEG-000237,Darkhold,Hluthvar,Sunset foothills via Farsea Marshes toward Tilverton,trail,trail,Mule train,False,False,68.629973,2400,13.3,5.16,16.52,0.201
LEG-000237,Darkhold,Hluthvar,Sunset foothills via Farsea Marshes toward Tilverton,trail,trail,Porter company,False,False,68.629973,1000,10.4,6.62,9.18,0.267
LEG-000238,Darkhold,Well of Dragons,Sunset foothills via Farsea Marshes toward Tilverton,trail,trail,Pack pony string,False,False,148.688458,1200,14.0,10.65,18.89,0.212
LEG-000238,Darkhold,Well of Dragons,Sunset foothills via Farsea Marshes toward Tilverton,trail,trail,Mule train,False,False,148.688458,2400,13.3,11.18,35.79,0.201
LEG-000238,Darkhold,Well of Dragons,Sunset foothills via Farsea Marshes toward Tilverton,trail,trail,Porter company,False,False,148.688458,1000,10.4,14.33,19.88,0.267
LEG-000239,Darmshall,Bloodstone Village,Ilinvur through Vaasa to Darmshall,trail,trail,Pack pony string,False,False,59.194932,1200,14.0,4.24,7.52,0.212
LEG-000239,Darmshall,Bloodstone Village,Ilinvur through Vaasa to Darmshall,trail,trail,Mule train,False,False,59.194932,2400,13.3,4.45,14.25,0.201
LEG-000239,Darmshall,Bloodstone Village,Ilinvur through Vaasa to Darmshall,trail,trail,Porter company,False,False,59.194932,1000,10.4,5.71,7.92,0.267
LEG-000240,Darmshall,Talagbar,Darmshall through Bloodstone Pass to Valls,trail,trail,Pack pony string,False,False,67.543727,1200,14.0,4.84,8.58,0.212
LEG-000240,Darmshall,Talagbar,Darmshall through Bloodstone Pass to Valls,trail,trail,Mule train,False,False,67.543727,2400,13.3,5.08,16.26,0.201
LEG-000240,Darmshall,Talagbar,Darmshall through Bloodstone Pass to Valls,trail,trail,Porter company,False,False,67.543727,1000,10.4,6.51,9.03,0.267
LEG-000241,Darromar,Myratma,caravan track,track,track,Camel caravan,True,False,235.370771,3000,17.6,13.38,65.05,0.184
LEG-000241,Darromar,Myratma,caravan track,track,track,Mule caravan,True,False,235.370771,2400,15.3,15.38,57.82,0.205
LEG-000241,Darromar,Myratma,caravan track,track,track,Ox caravan,True,False,235.370771,5000,10.7,21.98,98.77,0.168
LEG-000242,Darromar,Saradush,The Tethyrian Roads,road,road,Ox freight wagon,False,False,208.951925,6000,18.1,11.52,58.75,0.094
LEG-000242,Darromar,Saradush,The Tethyrian Roads,road,road,Horse freight wagon,False,False,208.951925,4000,25.2,8.29,47.76,0.114
LEG-000242,Darromar,Saradush,The Tethyrian Roads,road,road,Mule cart,False,False,208.951925,2000,22.7,9.21,21.01,0.101
LEG-000243,Darromar,Zazesspur,The Tethyrian Roads,road,road,Ox freight wagon,False,False,271.312019,6000,18.1,14.95,76.28,0.094
LEG-000243,Darromar,Zazesspur,The Tethyrian Roads,road,road,Horse freight wagon,False,False,271.312019,4000,25.2,10.77,62.01,0.114
LEG-000243,Darromar,Zazesspur,The Tethyrian Roads,road,road,Mule cart,False,False,271.312019,2000,22.7,11.96,27.29,0.101
LEG-000244,Deadsnows,Citadel Adbar,caravan track,track,track,Camel caravan,True,False,150.844887,3000,14.5,10.41,50.62,0.224
LEG-000244,Deadsnows,Citadel Adbar,caravan track,track,track,Mule caravan,True,False,150.844887,2400,12.6,11.97,44.99,0.249
LEG-000244,Deadsnows,Citadel Adbar,caravan track,track,track,Ox caravan,True,False,150.844887,5000,8.8,17.1,76.87,0.204
LEG-000245,Deadsnows,Citadel Felbarr,Everlund through Silverymoon to Sundabar,road,road,Ox freight wagon,False,False,142.972619,6000,14.7,9.73,49.65,0.116
LEG-000245,Deadsnows,Citadel Felbarr,Everlund through Silverymoon to Sundabar,road,road,Horse freight wagon,False,False,142.972619,4000,20.4,7.01,40.37,0.141
LEG-000245,Deadsnows,Citadel Felbarr,Everlund through Silverymoon to Sundabar,road,road,Mule cart,False,False,142.972619,2000,18.4,7.79,17.76,0.124
LEG-000246,Deadsnows,Everlund,caravan track,track,track,Camel caravan,True,False,149.929217,3000,17.6,8.52,41.43,0.184
LEG-000246,Deadsnows,Everlund,caravan track,track,track,Mule caravan,True,False,149.929217,2400,15.3,9.8,36.83,0.205
LEG-000246,Deadsnows,Everlund,caravan track,track,track,Ox caravan,True,False,149.929217,5000,10.7,14.0,62.92,0.168
LEG-000247,Deadsnows,Silverymoon,Everlund through Silverymoon to Sundabar,road,road,Ox freight wagon,False,False,150.724037,6000,14.7,10.26,52.35,0.116
LEG-000247,Deadsnows,Silverymoon,Everlund through Silverymoon to Sundabar,road,road,Horse freight wagon,False,False,150.724037,4000,20.4,7.39,42.56,0.141
LEG-000247,Deadsnows,Silverymoon,Everlund through Silverymoon to Sundabar,road,road,Mule cart,False,False,150.724037,2000,18.4,8.21,18.73,0.124
LEG-000248,Deadsnows,Sundabar,caravan track,track,track,Camel caravan,True,False,91.762138,3000,14.5,6.33,30.79,0.224
LEG-000248,Deadsnows,Sundabar,caravan track,track,track,Mule caravan,True,False,91.762138,2400,12.6,7.28,27.37,0.249
LEG-000248,Deadsnows,Sundabar,caravan track,track,track,Ox caravan,True,False,91.762138,5000,8.8,10.4,46.76,0.204
LEG-000249,Delhalls,Glister,Ilinvur through Vaasa to Darmshall,trail,trail,Pack pony string,False,False,103.025452,1200,14.0,7.38,13.09,0.212
LEG-000249,Delhalls,Glister,Ilinvur through Vaasa to Darmshall,trail,trail,Mule train,False,False,103.025452,2400,13.3,7.75,24.8,0.201
LEG-000249,Delhalls,Glister,Ilinvur through Vaasa to Darmshall,trail,trail,Porter company,False,False,103.025452,1000,10.4,9.93,13.78,0.267
LEG-000250,Delhalls,Talagbar,Ilinvur through Vaasa to Darmshall,trail,trail,Pack pony string,False,False,217.9178,1200,14.0,15.6,27.68,0.212
LEG-000250,Delhalls,Talagbar,Ilinvur through Vaasa to Darmshall,trail,trail,Mule train,False,False,217.9178,2400,13.3,16.38,52.45,0.201
LEG-000250,Delhalls,Talagbar,Ilinvur through Vaasa to Darmshall,trail,trail,Porter company,False,False,217.9178,1000,10.4,21.01,29.14,0.267
LEG-000251,Delhumide,Almorel,local market trail,trail,trail,Pack pony string,True,False,265.438675,1200,13.0,20.47,36.31,0.228
LEG-000251,Delhumide,Almorel,local market trail,trail,trail,Mule train,True,False,265.438675,2400,12.3,21.49,68.8,0.216
LEG-000251,Delhumide,Almorel,local market trail,trail,trail,Porter company,True,False,265.438675,1000,9.6,27.56,38.22,0.288
LEG-000252,Delhumide,Citadel Rashemen,local market trail,trail,trail,Pack pony string,True,False,232.782839,1200,13.0,17.95,31.84,0.228
LEG-000252,Delhumide,Citadel Rashemen,local market trail,trail,trail,Mule train,True,False,232.782839,2400,12.3,18.85,60.34,0.216
LEG-000252,Delhumide,Citadel Rashemen,local market trail,trail,trail,Porter company,True,False,232.782839,1000,9.6,24.17,33.52,0.288
LEG-000253,Delhumide,Eltabbar,local market trail,trail,trail,Pack pony string,True,False,92.419749,1200,13.0,7.13,12.64,0.228
LEG-000253,Delhumide,Eltabbar,local market trail,trail,trail,Mule train,True,False,92.419749,2400,12.3,7.48,23.96,0.216
LEG-000253,Delhumide,Eltabbar,local market trail,trail,trail,Porter company,True,False,92.419749,1000,9.6,9.59,13.31,0.288
LEG-000254,Delselar,Halagard,Halruaa-Chult Coastal Run,sea,sea,Sword Coast Coasters,False,False,770.705164,100000,66.5,11.58,1426.91,0.037
LEG-000254,Delselar,Halagard,Halruaa-Chult Coastal Run,sea,sea,Merchant caravel,False,False,770.705164,180000,79.4,9.71,2378.18,0.034
LEG-000254,Delselar,Halagard,Halruaa-Chult Coastal Run,sea,sea,Deep-water galleon,False,False,770.705164,400000,71.8,10.73,4544.96,0.029
LEG-000255,Delselar,Tashluta,Sea of Swords coasting run,sea,sea,Coasting cog,False,False,248.19162,100000,60.2,4.12,507.88,0.041
LEG-000255,Delselar,Tashluta,Sea of Swords coasting run,sea,sea,Merchant caravel,False,False,248.19162,180000,71.8,3.46,846.46,0.038
LEG-000255,Delselar,Tashluta,Sea of Swords coasting run,sea,sea,Deep-water galleon,False,False,248.19162,400000,65.0,3.82,1617.69,0.033
LEG-000256,Delselar,Thindar,Halruaa-Chult Coastal Run,sea,sea,Sword Coast Coasters,False,False,138.180498,100000,66.5,2.08,255.83,0.037
LEG-000256,Delselar,Thindar,Halruaa-Chult Coastal Run,sea,sea,Merchant caravel,False,False,138.180498,180000,79.4,1.74,426.39,0.034
LEG-000256,Delselar,Thindar,Halruaa-Chult Coastal Run,sea,sea,Deep-water galleon,False,False,138.180498,400000,71.8,1.92,814.87,0.029
LEG-000257,Delselar,Urbreth,Sea of Swords coasting run,sea,sea,Coasting cog,False,False,536.142761,100000,60.2,8.91,1097.12,0.041
LEG-000257,Delselar,Urbreth,Sea of Swords coasting run,sea,sea,Merchant caravel,False,False,536.142761,180000,71.8,7.47,1828.53,0.038
LEG-000257,Delselar,Urbreth,Sea of Swords coasting run,sea,sea,Deep-water galleon,False,False,536.142761,400000,65.0,8.25,3494.52,0.033
LEG-000258,Delthuntle,Relkath's Foot,local market trail,trail,trail,Pack pony string,True,False,111.895129,1200,13.0,8.63,15.31,0.228
LEG-000258,Delthuntle,Relkath's Foot,local market trail,trail,trail,Mule train,True,False,111.895129,2400,12.3,9.06,29.0,0.216
LEG-000258,Delthuntle,Relkath's Foot,local market trail,trail,trail,Porter company,True,False,111.895129,1000,9.6,11.62,16.11,0.288
LEG-000259,Delthuntle,Spandeliyon,local market trail,trail,trail,Pack pony string,True,False,117.913952,1200,13.0,9.09,16.13,0.228
LEG-000259,Delthuntle,Spandeliyon,local market trail,trail,trail,Mule train,True,False,117.913952,2400,12.3,9.55,30.56,0.216
LEG-000259,Delthuntle,Spandeliyon,local market trail,trail,trail,Porter company,True,False,117.913952,1000,9.6,12.24,16.98,0.288
LEG-000260,Delzimmer,Cathyr,Delzimmer to Cathyr road,road,road,Ox freight wagon,False,False,385.464669,6000,14.7,26.24,133.87,0.116
LEG-000260,Delzimmer,Cathyr,Delzimmer to Cathyr road,road,road,Horse freight wagon,False,False,385.464669,4000,20.4,18.9,108.84,0.141
LEG-000260,Delzimmer,Cathyr,Delzimmer to Cathyr road,road,road,Mule cart,False,False,385.464669,2000,18.4,20.99,47.89,0.124
LEG-000261,Delzimmer,Chethel,Delzimmer to Beluir road,road,road,Ox freight wagon,False,False,326.973868,6000,14.7,22.26,113.56,0.116
LEG-000261,Delzimmer,Chethel,Delzimmer to Beluir road,road,road,Horse freight wagon,False,False,326.973868,4000,20.4,16.03,92.32,0.141
LEG-000261,Delzimmer,Chethel,Delzimmer to Beluir road,road,road,Mule cart,False,False,326.973868,2000,18.4,17.81,40.62,0.124
LEG-000262,Delzimmer,Eartheart,Shaarmid through Kholtar and Eartheart to Delzimmer,road,road,Ox freight wagon,False,False,178.156707,6000,14.7,12.13,61.87,0.116
LEG-000262,Delzimmer,Eartheart,Shaarmid through Kholtar and Eartheart to Delzimmer,road,road,Horse freight wagon,False,False,178.156707,4000,20.4,8.73,50.3,0.141
LEG-000262,Delzimmer,Eartheart,Shaarmid through Kholtar and Eartheart to Delzimmer,road,road,Mule cart,False,False,178.156707,2000,18.4,9.7,22.13,0.124
LEG-000263,Delzimmer,Hardcastle,Torsh via Hardcastle to Delzimmer approach,trail,trail,Pack pony string,False,False,440.587642,1200,14.0,31.55,55.97,0.212
LEG-000263,Delzimmer,Hardcastle,Torsh via Hardcastle to Delzimmer approach,trail,trail,Mule train,False,False,440.587642,2400,13.3,33.13,106.04,0.201
LEG-000263,Delzimmer,Hardcastle,Torsh via Hardcastle to Delzimmer approach,trail,trail,Porter company,False,False,440.587642,1000,10.4,42.47,58.91,0.267
LEG-000264,Derlusk,Innarlith,local market trail,trail,trail,Pack pony string,True,False,211.844188,1200,13.0,16.34,28.98,0.228
LEG-000264,Derlusk,Innarlith,local market trail,trail,trail,Mule train,True,False,211.844188,2400,12.3,17.15,54.91,0.216
LEG-000264,Derlusk,Innarlith,local market trail,trail,trail,Porter company,True,False,211.844188,1000,9.6,21.99,30.51,0.288
LEG-000265,Dilpur,Hlammach,Sarshel to Hlammach and Lyrabar,road,road,Ox freight wagon,False,False,82.553532,6000,14.7,5.62,28.67,0.116
LEG-000265,Dilpur,Hlammach,Sarshel to Hlammach and Lyrabar,road,road,Horse freight wagon,False,False,82.553532,4000,20.4,4.05,23.31,0.141
LEG-000265,Dilpur,Hlammach,Sarshel to Hlammach and Lyrabar,road,road,Mule cart,False,False,82.553532,2000,18.4,4.5,10.26,0.124
LEG-000266,Dilpur,Laviguer,Laviguer to Ilmwatch road junction,road,road,Ox freight wagon,False,False,224.796151,6000,14.7,15.3,78.07,0.116
LEG-000266,Dilpur,Laviguer,Laviguer to Ilmwatch road junction,road,road,Horse freight wagon,False,False,224.796151,4000,20.4,11.02,63.47,0.141
LEG-000266,Dilpur,Laviguer,Laviguer to Ilmwatch road junction,road,road,Mule cart,False,False,224.796151,2000,18.4,12.24,27.93,0.124
LEG-000267,Dilpur,Sarshel,Ilmwatch south to Sarshel junction,road,road,Ox freight wagon,False,False,33.828095,6000,14.7,2.3,11.75,0.116
LEG-000267,Dilpur,Sarshel,Ilmwatch south to Sarshel junction,road,road,Horse freight wagon,False,False,33.828095,4000,20.4,1.66,9.55,0.141
LEG-000267,Dilpur,Sarshel,Ilmwatch south to Sarshel junction,road,road,Mule cart,False,False,33.828095,2000,18.4,1.84,4.2,0.124
LEG-000268,Dilpur,Uthmere,Ilmwatch south to Sarshel junction,road,road,Ox freight wagon,False,False,237.168227,6000,14.7,16.15,82.37,0.116
LEG-000268,Dilpur,Uthmere,Ilmwatch south to Sarshel junction,road,road,Horse freight wagon,False,False,237.168227,4000,20.4,11.63,66.97,0.141
LEG-000268,Dilpur,Uthmere,Ilmwatch south to Sarshel junction,road,road,Mule cart,False,False,237.168227,2000,18.4,12.92,29.46,0.124
LEG-000269,Dragon Falls,Ironfang Deep,Mulmaster through the Vast toward Procampur,road,road,Ox freight wagon,False,False,248.604088,6000,14.7,16.93,86.34,0.116
LEG-000269,Dragon Falls,Ironfang Deep,Mulmaster through the Vast toward Procampur,road,road,Horse freight wagon,False,False,248.604088,4000,20.4,12.19,70.19,0.141
LEG-000269,Dragon Falls,Ironfang Deep,Mulmaster through the Vast toward Procampur,road,road,Mule cart,False,False,248.604088,2000,18.4,13.54,30.89,0.124
LEG-000270,Dragon Falls,Ravens Bluff,Mulmaster through the Vast toward Procampur,road,road,Ox freight wagon,False,False,58.984962,6000,14.7,4.02,20.49,0.116
LEG-000270,Dragon Falls,Ravens Bluff,Mulmaster through the Vast toward Procampur,road,road,Horse freight wagon,False,False,58.984962,4000,20.4,2.89,16.65,0.141
LEG-000270,Dragon Falls,Ravens Bluff,Mulmaster through the Vast toward Procampur,road,road,Mule cart,False,False,58.984962,2000,18.4,3.21,7.33,0.124
LEG-000271,Dragon Falls,Tantras,Calaunt to Ravens Bluff,trail,trail,Pack pony string,False,False,89.757999,1200,14.0,6.43,11.4,0.212
LEG-000271,Dragon Falls,Tantras,Calaunt to Ravens Bluff,trail,trail,Mule train,False,False,89.757999,2400,13.3,6.75,21.6,0.201
LEG-000271,Dragon Falls,Tantras,Calaunt to Ravens Bluff,trail,trail,Porter company,False,False,89.757999,1000,10.4,8.65,12.0,0.267
LEG-000272,Dragon Falls,Ylraphon,Calaunt to Tantras and Ravens Bluff trail branches,trail,trail,Pack pony string,False,False,141.086018,1200,14.0,10.1,17.92,0.212
LEG-000272,Dragon Falls,Ylraphon,Calaunt to Tantras and Ravens Bluff trail branches,trail,trail,Mule train,False,False,141.086018,2400,13.3,10.61,33.96,0.201
LEG-000272,Dragon Falls,Ylraphon,Calaunt to Tantras and Ravens Bluff trail branches,trail,trail,Porter company,False,False,141.086018,1000,10.4,13.6,18.87,0.267
LEG-000273,Dragonspear Castle,Boareskyr Bridge,Trade Way: Daggerford junction to Baldur's Gate,road,road,Ox freight wagon,False,False,200.259664,6000,14.7,13.63,69.55,0.116
LEG-000273,Dragonspear Castle,Boareskyr Bridge,Trade Way: Daggerford junction to Baldur's Gate,road,road,Horse freight wagon,False,False,200.259664,4000,20.4,9.82,56.54,0.141
LEG-000273,Dragonspear Castle,Boareskyr Bridge,Trade Way: Daggerford junction to Baldur's Gate,road,road,Mule cart,False,False,200.259664,2000,18.4,10.91,24.88,0.124
LEG-000274,Dragonspear Castle,Daggerford,Trade Way: Daggerford junction to Baldur's Gate,road,road,Ox freight wagon,False,False,209.119768,6000,14.7,14.24,72.63,0.116
LEG-000274,Dragonspear Castle,Daggerford,Trade Way: Daggerford junction to Baldur's Gate,road,road,Horse freight wagon,False,False,209.119768,4000,20.4,10.25,59.05,0.141
LEG-000274,Dragonspear Castle,Daggerford,Trade Way: Daggerford junction to Baldur's Gate,road,road,Mule cart,False,False,209.119768,2000,18.4,11.39,25.98,0.124
LEG-000275,Durlag's Tower,Candlekeep,Coast Way: Beregost to Nashkel,road,road,Ox freight wagon,False,False,189.367859,6000,14.7,12.89,65.77,0.116
LEG-000275,Durlag's Tower,Candlekeep,Coast Way: Beregost to Nashkel,road,road,Horse freight wagon,False,False,189.367859,4000,20.4,9.28,53.47,0.141
LEG-000275,Durlag's Tower,Candlekeep,Coast Way: Beregost to Nashkel,road,road,Mule cart,False,False,189.367859,2000,18.4,10.31,23.53,0.124
LEG-000276,Durlag's Tower,Greenest,Uldoon Trail from Nashkel toward Greenest and Berdusk,trail,trail,Pack pony string,False,False,189.383508,1200,14.0,13.56,24.06,0.212
LEG-000276,Durlag's Tower,Greenest,Uldoon Trail from Nashkel toward Greenest and Berdusk,trail,trail,Mule train,False,False,189.383508,2400,13.3,14.24,45.58,0.201
LEG-000276,Durlag's Tower,Greenest,Uldoon Trail from Nashkel toward Greenest and Berdusk,trail,trail,Porter company,False,False,189.383508,1000,10.4,18.26,25.32,0.267
LEG-000277,Durlag's Tower,Nashkel,Coast Way: Beregost to Nashkel,road,road,Ox freight wagon,False,False,78.136282,6000,14.7,5.32,27.14,0.116
LEG-000277,Durlag's Tower,Nashkel,Coast Way: Beregost to Nashkel,road,road,Horse freight wagon,False,False,78.136282,4000,20.4,3.83,22.06,0.141
LEG-000277,Durlag's Tower,Nashkel,Coast Way: Beregost to Nashkel,road,road,Mule cart,False,False,78.136282,2000,18.4,4.26,9.71,0.124
LEG-000278,Eartheart,Delzimmer,Shaarmid through Kholtar and Eartheart to Delzimmer,road,road,Ox freight wagon,False,False,178.156707,6000,14.7,12.13,61.87,0.116
LEG-000278,Eartheart,Delzimmer,Shaarmid through Kholtar and Eartheart to Delzimmer,road,road,Horse freight wagon,False,False,178.156707,4000,20.4,8.73,50.3,0.141
LEG-000278,Eartheart,Delzimmer,Shaarmid through Kholtar and Eartheart to Delzimmer,road,road,Mule cart,False,False,178.156707,2000,18.4,9.7,22.13,0.124
LEG-000279,Eartheart,Kholtar,Shaarmid through Kholtar and Eartheart to Delzimmer,road,road,Ox freight wagon,False,False,91.383197,6000,14.7,6.22,31.74,0.116
LEG-000279,Eartheart,Kholtar,Shaarmid through Kholtar and Eartheart to Delzimmer,road,road,Horse freight wagon,False,False,91.383197,4000,20.4,4.48,25.8,0.141
LEG-000279,Eartheart,Kholtar,Shaarmid through Kholtar and Eartheart to Delzimmer,road,road,Mule cart,False,False,91.383197,2000,18.4,4.98,11.35,0.124
LEG-000280,Eartheart,Three Swords,Kormul through Rethmar and Channathgate to Eartheart,road,road,Ox freight wagon,False,False,183.659352,6000,14.7,12.5,63.78,0.116
LEG-000280,Eartheart,Three Swords,Kormul through Rethmar and Channathgate to Eartheart,road,road,Horse freight wagon,False,False,183.659352,4000,20.4,9.0,51.86,0.141
LEG-000280,Eartheart,Three Swords,Kormul through Rethmar and Channathgate to Eartheart,road,road,Mule cart,False,False,183.659352,2000,18.4,10.0,22.82,0.124
LEG-000281,Easthaven,Bryn Shander,caravan track,track,track,Camel caravan,True,False,32.415428,3000,14.5,2.24,10.88,0.224
LEG-000281,Easthaven,Bryn Shander,caravan track,track,track,Mule caravan,True,False,32.415428,2400,12.6,2.57,9.67,0.249
LEG-000281,Easthaven,Bryn Shander,caravan track,track,track,Ox caravan,True,False,32.415428,5000,8.8,3.68,16.52,0.204
LEG-000282,Easthaven,Good Mead,The Ten Towns Track,trail,trail,Pack pony string,False,False,17.426991,1200,14.0,1.25,2.21,0.212
LEG-000282,Easthaven,Good Mead,The Ten Towns Track,trail,trail,Mule train,False,False,17.426991,2400,13.3,1.31,4.19,0.201
LEG-000282,Easthaven,Good Mead,The Ten Towns Track,trail,trail,Porter company,False,False,17.426991,1000,10.4,1.68,2.33,0.267
LEG-000283,Easthaven,Lonelywood,caravan track,track,track,Camel caravan,True,False,53.525041,3000,17.6,3.04,14.79,0.184
LEG-000283,Easthaven,Lonelywood,caravan track,track,track,Mule caravan,True,False,53.525041,2400,15.3,3.5,13.15,0.205
LEG-000283,Easthaven,Lonelywood,caravan track,track,track,Ox caravan,True,False,53.525041,5000,10.7,5.0,22.46,0.168
LEG-000284,Easthaven,Targos,caravan track,track,track,Camel caravan,True,False,52.416982,3000,14.5,3.62,17.59,0.224
LEG-000284,Easthaven,Targos,caravan track,track,track,Mule caravan,True,False,52.416982,2400,12.6,4.16,15.64,0.249
LEG-000284,Easthaven,Targos,caravan track,track,track,Ox caravan,True,False,52.416982,5000,8.8,5.94,26.71,0.204
LEG-000285,Easthaven,Termalaine,caravan track,track,track,Camel caravan,True,False,50.290556,3000,14.5,3.47,16.88,0.224
LEG-000285,Easthaven,Termalaine,caravan track,track,track,Mule caravan,True,False,50.290556,2400,12.6,3.99,15.0,0.249
LEG-000285,Easthaven,Termalaine,caravan track,track,track,Ox caravan,True,False,50.290556,5000,8.8,5.7,25.63,0.204
LEG-000286,Easting,Asbravn,Scornubel through Asbravn toward Iriaebor,trail,trail,Pack pony string,False,False,102.34558,1200,14.0,7.33,13.0,0.212
LEG-000286,Easting,Asbravn,Scornubel through Asbravn toward Iriaebor,trail,trail,Mule train,False,False,102.34558,2400,13.3,7.7,24.63,0.201
LEG-000286,Easting,Asbravn,Scornubel through Asbravn toward Iriaebor,trail,trail,Porter company,False,False,102.34558,1000,10.4,9.87,13.69,0.267
LEG-000287,Easting,Berdusk,Iriaebor to Eshpurta trail,trail,trail,Pack pony string,False,False,115.069539,1200,14.0,8.24,14.62,0.212
LEG-000287,Easting,Berdusk,Iriaebor to Eshpurta trail,trail,trail,Mule train,False,False,115.069539,2400,13.3,8.65,27.7,0.201
LEG-000287,Easting,Berdusk,Iriaebor to Eshpurta trail,trail,trail,Porter company,False,False,115.069539,1000,10.4,11.09,15.39,0.267
LEG-000288,Easting,Iriaebor,Iriaebor to Proskur,road,road,Ox freight wagon,False,False,43.805593,6000,14.7,2.98,15.21,0.116
LEG-000288,Easting,Iriaebor,Iriaebor to Proskur,road,road,Horse freight wagon,False,False,43.805593,4000,20.4,2.15,12.37,0.141
LEG-000288,Easting,Iriaebor,Iriaebor to Proskur,road,road,Mule cart,False,False,43.805593,2000,18.4,2.39,5.44,0.124
LEG-000289,Easting,Priapurl,Iriaebor to Proskur,road,road,Ox freight wagon,False,False,79.36097,6000,14.7,5.4,27.56,0.116
LEG-000289,Easting,Priapurl,Iriaebor to Proskur,road,road,Horse freight wagon,False,False,79.36097,4000,20.4,3.89,22.41,0.141
LEG-000289,Easting,Priapurl,Iriaebor to Proskur,road,road,Mule cart,False,False,79.36097,2000,18.4,4.32,9.86,0.124
LEG-000290,Elbulder,Mussum,Iljak junction through Elbulder to Torsh trail,trail,trail,Pack pony string,False,False,230.724217,1200,14.0,16.52,29.31,0.212
LEG-000290,Elbulder,Mussum,Iljak junction through Elbulder to Torsh trail,trail,trail,Mule train,False,False,230.724217,2400,13.3,17.35,55.53,0.201
LEG-000290,Elbulder,Mussum,Iljak junction through Elbulder to Torsh trail,trail,trail,Porter company,False,False,230.724217,1000,10.4,22.24,30.85,0.267
LEG-000291,Elbulder,Torsch,Iljak junction through Elbulder to Torsh trail,trail,trail,Pack pony string,False,False,317.135461,1200,14.0,22.71,40.29,0.212
LEG-000291,Elbulder,Torsch,Iljak junction through Elbulder to Torsh trail,trail,trail,Mule train,False,False,317.135461,2400,13.3,23.84,76.33,0.201
LEG-000291,Elbulder,Torsch,Iljak junction through Elbulder to Torsh trail,trail,trail,Porter company,False,False,317.135461,1000,10.4,30.57,42.41,0.267
LEG-000292,Elmwood,Hillsfar,The Moonsea Run,sea,sea,Coasting cog,False,False,170.2235,100000,66.5,2.56,315.16,0.037
LEG-000292,Elmwood,Hillsfar,The Moonsea Run,sea,sea,Merchant caravel,False,False,170.2235,180000,79.4,2.14,525.26,0.034
LEG-000292,Elmwood,Hillsfar,The Moonsea Run,sea,sea,Deep-water galleon,False,False,170.2235,400000,71.8,2.37,1003.83,0.029
LEG-000293,Elmwood,Ironfang Deep,Mulmaster through the Vast toward Procampur,road,road,Ox freight wagon,False,False,104.683813,6000,14.7,7.13,36.36,0.116
LEG-000293,Elmwood,Ironfang Deep,Mulmaster through the Vast toward Procampur,road,road,Horse freight wagon,False,False,104.683813,4000,20.4,5.13,29.56,0.141
LEG-000293,Elmwood,Ironfang Deep,Mulmaster through the Vast toward Procampur,road,road,Mule cart,False,False,104.683813,2000,18.4,5.7,13.01,0.124
LEG-000294,Elmwood,Melvaunt,caravan track,track,track,Camel caravan,True,False,140.173357,3000,17.6,7.97,38.74,0.184
LEG-000294,Elmwood,Melvaunt,caravan track,track,track,Mule caravan,True,False,140.173357,2400,15.3,9.16,34.43,0.205
LEG-000294,Elmwood,Melvaunt,caravan track,track,track,Ox caravan,True,False,140.173357,5000,10.7,13.09,58.82,0.168
LEG-000295,Elmwood,Mulmaster,The Moonsea Run,sea,sea,Coasting cog,False,False,53.958688,100000,66.5,0.81,99.9,0.037
LEG-000295,Elmwood,Mulmaster,The Moonsea Run,sea,sea,Merchant caravel,False,False,53.958688,180000,79.4,0.68,166.5,0.034
LEG-000295,Elmwood,Mulmaster,The Moonsea Run,sea,sea,Deep-water galleon,False,False,53.958688,400000,71.8,0.75,318.2,0.029
LEG-000296,Elmwood,Thentia,Moonsea coasting run,sea,sea,Coasting cog,False,False,103.640002,100000,60.2,1.72,212.08,0.041
LEG-000296,Elmwood,Thentia,Moonsea coasting run,sea,sea,Merchant caravel,False,False,103.640002,180000,71.8,1.44,353.47,0.038
LEG-000296,Elmwood,Thentia,Moonsea coasting run,sea,sea,Deep-water galleon,False,False,103.640002,400000,65.0,1.59,675.51,0.033
LEG-000297,Elmwood,Zhentil Keep,The Moonsea Run,sea,sea,Coasting cog,False,False,230.29937,100000,66.5,3.46,426.38,0.037
LEG-000297,Elmwood,Zhentil Keep,The Moonsea Run,sea,sea,Merchant caravel,False,False,230.29937,180000,79.4,2.9,710.64,0.034
LEG-000297,Elmwood,Zhentil Keep,The Moonsea Run,sea,sea,Deep-water galleon,False,False,230.29937,400000,71.8,3.21,1358.11,0.029
LEG-000298,Eltabbar,Bezantur,caravan track,track,track,Camel caravan,True,False,231.097079,3000,17.6,13.13,63.86,0.184
LEG-000298,Eltabbar,Bezantur,caravan track,track,track,Mule caravan,True,False,231.097079,2400,15.3,15.1,56.77,0.205
LEG-000298,Eltabbar,Bezantur,caravan track,track,track,Ox caravan,True,False,231.097079,5000,10.7,21.58,96.98,0.168
LEG-000299,Eltabbar,Delhumide,local market trail,trail,trail,Pack pony string,True,False,92.419749,1200,13.0,7.13,12.64,0.228
LEG-000299,Eltabbar,Delhumide,local market trail,trail,trail,Mule train,True,False,92.419749,2400,12.3,7.48,23.96,0.216
LEG-000299,Eltabbar,Delhumide,local market trail,trail,trail,Porter company,True,False,92.419749,1000,9.6,9.59,13.31,0.288
LEG-000300,Eltabbar,Phsant,The Golden Way,road,road,Ox freight wagon,False,False,420.489156,6000,19.0,22.12,112.84,0.089
LEG-000300,Eltabbar,Phsant,The Golden Way,road,road,Horse freight wagon,False,False,420.489156,4000,26.4,15.93,91.74,0.109
LEG-000300,Eltabbar,Phsant,The Golden Way,road,road,Mule cart,False,False,420.489156,2000,23.8,17.7,40.37,0.096
LEG-000301,Eltabbar,Pyarados,Eltabbar to Pyarados trail,trail,trail,Pack pony string,False,False,154.438412,1200,14.0,11.06,19.62,0.212
LEG-000301,Eltabbar,Pyarados,Eltabbar to Pyarados trail,trail,trail,Mule train,False,False,154.438412,2400,13.3,11.61,37.17,0.201
LEG-000301,Eltabbar,Pyarados,Eltabbar to Pyarados trail,trail,trail,Porter company,False,False,154.438412,1000,10.4,14.89,20.65,0.267
LEG-000302,Eltabbar,Tyraturos,Eltabbar through Tyraturos to Bezantur,road,road,Ox freight wagon,False,False,117.243907,6000,14.7,7.98,40.72,0.116
LEG-000302,Eltabbar,Tyraturos,Eltabbar through Tyraturos to Bezantur,road,road,Horse freight wagon,False,False,117.243907,4000,20.4,5.75,33.1,0.141
LEG-000302,Eltabbar,Tyraturos,Eltabbar through Tyraturos to Bezantur,road,road,Mule cart,False,False,117.243907,2000,18.4,6.39,14.57,0.124
LEG-000303,Eltabbar,Winterkeep,The Winterkeep Circle,teleport,teleport,Licensed portal transfer,False,False,754.653172,2000,5000.0,0.15,724.47,0.96
LEG-000303,Eltabbar,Winterkeep,The Winterkeep Circle,teleport,teleport,Priority circle transfer,False,False,754.653172,500,5750.0,0.13,244.51,1.296
LEG-000304,Elturel,Baldur's Gate,The Chionthar,river+barge,river,Keelboat,False,True,210.779174,30000,50.4,4.18,173.89,0.055
LEG-000304,Elturel,Baldur's Gate,The Chionthar,river+barge,river,River barge,False,True,210.779174,80000,34.6,6.1,380.25,0.045
LEG-000304,Elturel,Baldur's Gate,The Chionthar,river+barge,river,Shallow-draft wherry,False,True,210.779174,12000,56.6,3.72,79.99,0.063
LEG-000304,Elturel,Baldur's Gate,The Chionthar,river+barge,barge,Canal barge,False,True,210.779174,100000,26.2,8.04,369.92,0.035
LEG-000304,Elturel,Baldur's Gate,The Chionthar,river+barge,barge,Horse-drawn barge,False,True,210.779174,70000,33.6,6.27,298.78,0.041
LEG-000305,Elturel,Berdusk,caravan track,track,track,Camel caravan,True,False,165.013363,3000,17.6,9.38,45.6,0.184
LEG-000305,Elturel,Berdusk,caravan track,track,track,Mule caravan,True,False,165.013363,2400,15.3,10.79,40.54,0.205
LEG-000305,Elturel,Berdusk,caravan track,track,track,Ox caravan,True,False,165.013363,5000,10.7,15.41,69.25,0.168
LEG-000306,Elturel,Boareskyr Bridge,caravan track,track,track,Camel caravan,True,False,113.488149,3000,17.6,6.45,31.36,0.184
LEG-000306,Elturel,Boareskyr Bridge,caravan track,track,track,Mule caravan,True,False,113.488149,2400,15.3,7.42,27.88,0.205
LEG-000306,Elturel,Boareskyr Bridge,caravan track,track,track,Ox caravan,True,False,113.488149,5000,10.7,10.6,47.62,0.168
LEG-000307,Elturel,Scornubel,The Chionthar,river+barge,river,Keelboat,False,True,86.619744,30000,50.4,1.72,71.46,0.055
LEG-000307,Elturel,Scornubel,The Chionthar,river+barge,river,River barge,False,True,86.619744,80000,34.6,2.51,156.26,0.045
LEG-000307,Elturel,Scornubel,The Chionthar,river+barge,river,Shallow-draft wherry,False,True,86.619744,12000,56.6,1.53,32.87,0.063
LEG-000307,Elturel,Scornubel,The Chionthar,river+barge,barge,Canal barge,False,True,86.619744,100000,26.2,3.31,152.02,0.035
LEG-000307,Elturel,Scornubel,The Chionthar,river+barge,barge,Horse-drawn barge,False,True,86.619744,70000,33.6,2.58,122.78,0.041
LEG-000308,Elturel,Soubar,Boareskyr Bridge through Soubar and Triel to Scornubel,road,road,Ox freight wagon,False,False,116.241611,6000,14.7,7.91,40.37,0.116
LEG-000308,Elturel,Soubar,Boareskyr Bridge through Soubar and Triel to Scornubel,road,road,Horse freight wagon,False,False,116.241611,4000,20.4,5.7,32.82,0.141
LEG-000308,Elturel,Soubar,Boareskyr Bridge through Soubar and Triel to Scornubel,road,road,Mule cart,False,False,116.241611,2000,18.4,6.33,14.44,0.124
LEG-000309,Elturel,Triel,Boareskyr Bridge through Soubar and Triel to Scornubel,road,road,Ox freight wagon,False,False,63.196424,6000,14.7,4.3,21.95,0.116
LEG-000309,Elturel,Triel,Boareskyr Bridge through Soubar and Triel to Scornubel,road,road,Horse freight wagon,False,False,63.196424,4000,20.4,3.1,17.84,0.141
LEG-000309,Elturel,Triel,Boareskyr Bridge through Soubar and Triel to Scornubel,road,road,Mule cart,False,False,63.196424,2000,18.4,3.44,7.85,0.124
LEG-000310,Elventree,Harrowdale Town,Harrowdale to Scardale trail,trail,trail,Pack pony string,False,False,196.903241,1200,14.0,14.1,25.01,0.212
LEG-000310,Elventree,Harrowdale Town,Harrowdale to Scardale trail,trail,trail,Mule train,False,False,196.903241,2400,13.3,14.8,47.39,0.201
LEG-000310,Elventree,Harrowdale Town,Harrowdale to Scardale trail,trail,trail,Porter company,False,False,196.903241,1000,10.4,18.98,26.33,0.267
LEG-000311,Elventree,Hillsfar,Yulash to Hillsfar,road,road,Ox freight wagon,False,False,47.90668,6000,14.7,3.26,16.64,0.116
LEG-000311,Elventree,Hillsfar,Yulash to Hillsfar,road,road,Horse freight wagon,False,False,47.90668,4000,20.4,2.35,13.53,0.141
LEG-000311,Elventree,Hillsfar,Yulash to Hillsfar,road,road,Mule cart,False,False,47.90668,2000,18.4,2.61,5.95,0.124
LEG-000312,Elventree,Myth Drannor,Tilverton via Ashabenford junction to Hillsfar,road,road,Ox freight wagon,False,False,194.263731,6000,14.7,13.23,67.47,0.116
LEG-000312,Elventree,Myth Drannor,Tilverton via Ashabenford junction to Hillsfar,road,road,Horse freight wagon,False,False,194.263731,4000,20.4,9.52,54.85,0.141
LEG-000312,Elventree,Myth Drannor,Tilverton via Ashabenford junction to Hillsfar,road,road,Mule cart,False,False,194.263731,2000,18.4,10.58,24.13,0.124
LEG-000313,Elventree,Zhentil Keep,Yulash to Hillsfar,road,road,Ox freight wagon,False,False,139.832798,6000,14.7,9.52,48.56,0.116
LEG-000313,Elventree,Zhentil Keep,Yulash to Hillsfar,road,road,Horse freight wagon,False,False,139.832798,4000,20.4,6.85,39.48,0.141
LEG-000313,Elventree,Zhentil Keep,Yulash to Hillsfar,road,road,Mule cart,False,False,139.832798,2000,18.4,7.62,17.37,0.124
LEG-000314,Elversult,Ilipur,Proskur via Elversult and Teziir to Westgate,road,road,Ox freight wagon,False,False,41.748054,6000,14.7,2.84,14.5,0.116
LEG-000314,Elversult,Ilipur,Proskur via Elversult and Teziir to Westgate,road,road,Horse freight wagon,False,False,41.748054,4000,20.4,2.05,11.79,0.141
LEG-000314,Elversult,Ilipur,Proskur via Elversult and Teziir to Westgate,road,road,Mule cart,False,False,41.748054,2000,18.4,2.27,5.19,0.124
LEG-000315,Elversult,Lheshayl,Dragon Coast trail to Shining Plains road,trail,trail,Pack pony string,False,False,410.131227,1200,14.0,29.37,52.1,0.212
LEG-000315,Elversult,Lheshayl,Dragon Coast trail to Shining Plains road,trail,trail,Mule train,False,False,410.131227,2400,13.3,30.84,98.71,0.201
LEG-000315,Elversult,Lheshayl,Dragon Coast trail to Shining Plains road,trail,trail,Porter company,False,False,410.131227,1000,10.4,39.53,54.84,0.267
LEG-000316,Elversult,Marsember,caravan track,track,track,Camel caravan,True,False,144.871391,3000,14.5,10.0,48.61,0.224
LEG-000316,Elversult,Marsember,caravan track,track,track,Mule caravan,True,False,144.871391,2400,12.6,11.5,43.21,0.249
LEG-000316,Elversult,Marsember,caravan track,track,track,Ox caravan,True,False,144.871391,5000,8.8,16.43,73.82,0.204
LEG-000317,Elversult,Priapurl,Proskur via Elversult and Teziir to Westgate,road,road,Ox freight wagon,False,False,109.279843,6000,14.7,7.44,37.95,0.116
LEG-000317,Elversult,Priapurl,Proskur via Elversult and Teziir to Westgate,road,road,Horse freight wagon,False,False,109.279843,4000,20.4,5.36,30.86,0.141
LEG-000317,Elversult,Priapurl,Proskur via Elversult and Teziir to Westgate,road,road,Mule cart,False,False,109.279843,2000,18.4,5.95,13.58,0.124
LEG-000318,Elversult,Proskur,The Chionthar Road,road,road,Ox freight wagon,False,False,122.062029,6000,19.9,6.14,31.33,0.086
LEG-000318,Elversult,Proskur,The Chionthar Road,road,road,Horse freight wagon,False,False,122.062029,4000,27.6,4.42,25.47,0.104
LEG-000318,Elversult,Proskur,The Chionthar Road,road,road,Mule cart,False,False,122.062029,2000,24.8,4.91,11.21,0.092
LEG-000319,Elversult,Starmantle,Elversult to Starmantle trail,trail,trail,Pack pony string,False,False,366.373846,1200,14.0,26.24,46.54,0.212
LEG-000319,Elversult,Starmantle,Elversult to Starmantle trail,trail,trail,Mule train,False,False,366.373846,2400,13.3,27.55,88.18,0.201
LEG-000319,Elversult,Starmantle,Elversult to Starmantle trail,trail,trail,Porter company,False,False,366.373846,1000,10.4,35.32,48.99,0.267
LEG-000320,Elversult,Suzail,caravan track,track,track,Camel caravan,True,False,131.150639,3000,14.5,9.05,44.01,0.224
LEG-000320,Elversult,Suzail,caravan track,track,track,Mule caravan,True,False,131.150639,2400,12.6,10.41,39.12,0.249
LEG-000320,Elversult,Suzail,caravan track,track,track,Ox caravan,True,False,131.150639,5000,8.8,14.87,66.83,0.204
LEG-000321,Elversult,Teziir,The Chionthar Road,road,road,Ox freight wagon,False,False,127.485834,6000,19.9,6.42,32.73,0.086
LEG-000321,Elversult,Teziir,The Chionthar Road,road,road,Horse freight wagon,False,False,127.485834,4000,27.6,4.62,26.61,0.104
LEG-000321,Elversult,Teziir,The Chionthar Road,road,road,Mule cart,False,False,127.485834,2000,24.8,5.13,11.71,0.092
LEG-000322,Emmech,Furthinghome,local market trail,trail,trail,Pack pony string,True,False,78.136867,1200,13.0,6.03,10.69,0.228
LEG-000322,Emmech,Furthinghome,local market trail,trail,trail,Mule train,True,False,78.136867,2400,12.3,6.33,20.25,0.216
LEG-000322,Emmech,Furthinghome,local market trail,trail,trail,Porter company,True,False,78.136867,1000,9.6,8.11,11.25,0.288
LEG-000323,Emmech,Glarondar,local market trail,trail,trail,Pack pony string,True,False,99.076132,1200,13.0,7.64,13.55,0.228
LEG-000323,Emmech,Glarondar,local market trail,trail,trail,Mule train,True,False,99.076132,2400,12.3,8.02,25.68,0.216
LEG-000323,Emmech,Glarondar,local market trail,trail,trail,Porter company,True,False,99.076132,1000,9.6,10.29,14.27,0.288
LEG-000324,Escalant,Bezantur,local market trail,trail,trail,Pack pony string,True,False,201.740849,1200,13.0,15.56,27.6,0.228
LEG-000324,Escalant,Bezantur,local market trail,trail,trail,Mule train,True,False,201.740849,2400,12.3,16.34,52.29,0.216
LEG-000324,Escalant,Bezantur,local market trail,trail,trail,Porter company,True,False,201.740849,1000,9.6,20.94,29.05,0.288
LEG-000325,Escalant,The Watchwall,local market trail,trail,trail,Pack pony string,True,False,75.344807,1200,13.0,5.81,10.31,0.228
LEG-000325,Escalant,The Watchwall,local market trail,trail,trail,Mule train,True,False,75.344807,2400,12.3,6.1,19.53,0.216
LEG-000325,Escalant,The Watchwall,local market trail,trail,trail,Porter company,True,False,75.344807,1000,9.6,7.82,10.85,0.288
LEG-000326,Eshpurta,Berdusk,Iriaebor to Eshpurta trail,trail,trail,Pack pony string,False,False,280.658088,1200,14.0,20.1,35.65,0.212
LEG-000326,Eshpurta,Berdusk,Iriaebor to Eshpurta trail,trail,trail,Mule train,False,False,280.658088,2400,13.3,21.1,67.55,0.201
LEG-000326,Eshpurta,Berdusk,Iriaebor to Eshpurta trail,trail,trail,Porter company,False,False,280.658088,1000,10.4,27.05,37.53,0.267
LEG-000327,Eshpurta,Keczulla,Crimmor through Keczulla to Eshpurta,road,road,Ox freight wagon,False,False,85.292176,6000,14.7,5.81,29.62,0.116
LEG-000327,Eshpurta,Keczulla,Crimmor through Keczulla to Eshpurta,road,road,Horse freight wagon,False,False,85.292176,4000,20.4,4.18,24.08,0.141
LEG-000327,Eshpurta,Keczulla,Crimmor through Keczulla to Eshpurta,road,road,Mule cart,False,False,85.292176,2000,18.4,4.65,10.6,0.124
LEG-000328,Esmeltaran,Athkatla,caravan track,track,track,Camel caravan,True,False,243.027262,3000,17.6,13.81,67.16,0.184
LEG-000328,Esmeltaran,Athkatla,caravan track,track,track,Mule caravan,True,False,243.027262,2400,15.3,15.88,59.7,0.205
LEG-000328,Esmeltaran,Athkatla,caravan track,track,track,Ox caravan,True,False,243.027262,5000,10.7,22.69,101.99,0.168
LEG-000329,Esmeltaran,Crimmor,caravan track,track,track,Camel caravan,True,False,171.14935,3000,17.6,9.73,47.3,0.184
LEG-000329,Esmeltaran,Crimmor,caravan track,track,track,Mule caravan,True,False,171.14935,2400,15.3,11.19,42.04,0.205
LEG-000329,Esmeltaran,Crimmor,caravan track,track,track,Ox caravan,True,False,171.14935,5000,10.7,15.98,71.82,0.168
LEG-000330,Esmeltaran,Keczulla,Crimmor through Keczulla to Eshpurta,road,road,Ox freight wagon,False,False,95.285326,6000,14.7,6.49,33.09,0.116
LEG-000330,Esmeltaran,Keczulla,Crimmor through Keczulla to Eshpurta,road,road,Horse freight wagon,False,False,95.285326,4000,20.4,4.67,26.9,0.141
LEG-000330,Esmeltaran,Keczulla,Crimmor through Keczulla to Eshpurta,road,road,Mule cart,False,False,95.285326,2000,18.4,5.19,11.84,0.124
LEG-000331,Esmeltaran,Murann,caravan track,track,track,Camel caravan,True,False,249.40012,3000,17.6,14.17,68.92,0.184
LEG-000331,Esmeltaran,Murann,caravan track,track,track,Mule caravan,True,False,249.40012,2400,15.3,16.3,61.26,0.205
LEG-000331,Esmeltaran,Murann,caravan track,track,track,Ox caravan,True,False,249.40012,5000,10.7,23.29,104.66,0.168
LEG-000332,Esmeltaran,Nashkel,caravan track,track,track,Camel caravan,True,False,225.454297,3000,17.6,12.81,62.3,0.184
LEG-000332,Esmeltaran,Nashkel,caravan track,track,track,Mule caravan,True,False,225.454297,2400,15.3,14.74,55.38,0.205
LEG-000332,Esmeltaran,Nashkel,caravan track,track,track,Ox caravan,True,False,225.454297,5000,10.7,21.05,94.61,0.168
LEG-000333,Esmeltaran,Purskul,The Amnian Coast Road,road,road,Ox freight wagon,False,False,233.630734,6000,19.0,12.29,62.7,0.089
LEG-000333,Esmeltaran,Purskul,The Amnian Coast Road,road,road,Horse freight wagon,False,False,233.630734,4000,26.4,8.85,50.97,0.109
LEG-000333,Esmeltaran,Purskul,The Amnian Coast Road,road,road,Mule cart,False,False,233.630734,2000,23.8,9.83,22.43,0.096
LEG-000334,Esmeltaran,Riatavin,The Amnian Coast Road,road,road,Ox freight wagon,False,False,330.684653,6000,19.0,17.4,88.74,0.089
LEG-000334,Esmeltaran,Riatavin,The Amnian Coast Road,road,road,Horse freight wagon,False,False,330.684653,4000,26.4,12.53,72.15,0.109
LEG-000334,Esmeltaran,Riatavin,The Amnian Coast Road,road,road,Mule cart,False,False,330.684653,2000,23.8,13.92,31.75,0.096
LEG-000335,Esmeltaran,The Twin Towers,Crimmor through Keczulla to Eshpurta,road,road,Ox freight wagon,False,False,242.741323,6000,14.7,16.53,84.3,0.116
LEG-000335,Esmeltaran,The Twin Towers,Crimmor through Keczulla to Eshpurta,road,road,Horse freight wagon,False,False,242.741323,4000,20.4,11.9,68.54,0.141
LEG-000335,Esmeltaran,The Twin Towers,Crimmor through Keczulla to Eshpurta,road,road,Mule cart,False,False,242.741323,2000,18.4,13.22,30.16,0.124
LEG-000336,Essembra,Ashabenford,The Way of the Manticore,road,road,Ox freight wagon,False,False,61.06446,6000,17.3,3.53,18.03,0.098
LEG-000336,Essembra,Ashabenford,The Way of the Manticore,road,road,Horse freight wagon,False,False,61.06446,4000,24.0,2.54,14.66,0.12
LEG-000336,Essembra,Ashabenford,The Way of the Manticore,road,road,Mule cart,False,False,61.06446,2000,21.6,2.83,6.45,0.106
LEG-000337,Essembra,Harrowdale Town,caravan track,track,track,Camel caravan,True,False,98.164403,3000,17.6,5.58,27.13,0.184
LEG-000337,Essembra,Harrowdale Town,caravan track,track,track,Mule caravan,True,False,98.164403,2400,15.3,6.42,24.11,0.205
LEG-000337,Essembra,Harrowdale Town,caravan track,track,track,Ox caravan,True,False,98.164403,5000,10.7,9.17,41.19,0.168
LEG-000338,Essembra,Highmoon,The Way of the Manticore,road,road,Ox freight wagon,False,False,170.896255,6000,17.3,9.89,50.45,0.098
LEG-000338,Essembra,Highmoon,The Way of the Manticore,road,road,Horse freight wagon,False,False,170.896255,4000,24.0,7.12,41.02,0.12
LEG-000338,Essembra,Highmoon,The Way of the Manticore,road,road,Mule cart,False,False,170.896255,2000,21.6,7.91,18.05,0.106
LEG-000339,Essembra,Hillsfar,caravan track,track,track,Camel caravan,True,False,143.164695,3000,14.5,9.88,48.04,0.224
LEG-000339,Essembra,Hillsfar,caravan track,track,track,Mule caravan,True,False,143.164695,2400,12.6,11.36,42.7,0.249
LEG-000339,Essembra,Hillsfar,caravan track,track,track,Ox caravan,True,False,143.164695,5000,8.8,16.23,72.95,0.204
LEG-000340,Essembra,Myth Drannor,Tilverton via Ashabenford junction to Hillsfar,road,road,Ox freight wagon,False,False,110.826616,6000,14.7,7.55,38.49,0.116
LEG-000340,Essembra,Myth Drannor,Tilverton via Ashabenford junction to Hillsfar,road,road,Horse freight wagon,False,False,110.826616,4000,20.4,5.43,31.29,0.141
LEG-000340,Essembra,Myth Drannor,Tilverton via Ashabenford junction to Hillsfar,road,road,Mule cart,False,False,110.826616,2000,18.4,6.04,13.77,0.124
LEG-000341,Essembra,Shadowdale,caravan track,track,track,Camel caravan,True,False,163.142055,3000,17.6,9.27,45.08,0.184
LEG-000341,Essembra,Shadowdale,caravan track,track,track,Mule caravan,True,False,163.142055,2400,15.3,10.66,40.08,0.205
LEG-000341,Essembra,Shadowdale,caravan track,track,track,Ox caravan,True,False,163.142055,5000,10.7,15.23,68.46,0.168
LEG-000342,Evereska,Parnast,caravan track,track,track,Camel caravan,True,False,82.51212,3000,14.5,5.69,27.69,0.224
LEG-000342,Evereska,Parnast,caravan track,track,track,Mule caravan,True,False,82.51212,2400,12.6,6.55,24.61,0.249
LEG-000342,Evereska,Parnast,caravan track,track,track,Ox caravan,True,False,82.51212,5000,8.8,9.36,42.05,0.204
LEG-000343,Everlund,Deadsnows,caravan track,track,track,Camel caravan,True,False,149.929217,3000,17.6,8.52,41.43,0.184
LEG-000343,Everlund,Deadsnows,caravan track,track,track,Mule caravan,True,False,149.929217,2400,15.3,9.8,36.83,0.205
LEG-000343,Everlund,Deadsnows,caravan track,track,track,Ox caravan,True,False,149.929217,5000,10.7,14.0,62.92,0.168
LEG-000344,Everlund,Grandfather Tree,Evermoor Way: Triboar to Everlund,road,road,Ox freight wagon,False,False,106.18953,6000,14.7,7.23,36.88,0.116
LEG-000344,Everlund,Grandfather Tree,Evermoor Way: Triboar to Everlund,road,road,Horse freight wagon,False,False,106.18953,4000,20.4,5.21,29.98,0.141
LEG-000344,Everlund,Grandfather Tree,Evermoor Way: Triboar to Everlund,road,road,Mule cart,False,False,106.18953,2000,18.4,5.78,13.19,0.124
LEG-000345,Everlund,Jalanthar,caravan track,track,track,Camel caravan,True,False,157.852241,3000,17.6,8.97,43.62,0.184
LEG-000345,Everlund,Jalanthar,caravan track,track,track,Mule caravan,True,False,157.852241,2400,15.3,10.32,38.78,0.205
LEG-000345,Everlund,Jalanthar,caravan track,track,track,Ox caravan,True,False,157.852241,5000,10.7,14.74,66.24,0.168
LEG-000346,Everlund,Mithral Hall,caravan track,track,track,Camel caravan,True,False,156.909432,3000,14.5,10.83,52.65,0.224
LEG-000346,Everlund,Mithral Hall,caravan track,track,track,Mule caravan,True,False,156.909432,2400,12.6,12.45,46.8,0.249
LEG-000346,Everlund,Mithral Hall,caravan track,track,track,Ox caravan,True,False,156.909432,5000,8.8,17.79,79.96,0.204
LEG-000347,Everlund,Nesmé,The River Rauvin,river,river,Keelboat,False,False,145.225136,30000,44.1,3.29,136.93,0.063
LEG-000347,Everlund,Nesmé,The River Rauvin,river,river,River barge,False,False,145.225136,80000,30.2,4.8,299.41,0.052
LEG-000347,Everlund,Nesmé,The River Rauvin,river,river,Shallow-draft wherry,False,False,145.225136,12000,49.6,2.93,62.99,0.072
LEG-000348,Everlund,Silverymoon,The River Rauvin,river,river,Keelboat,False,False,48.563464,30000,44.1,1.1,45.79,0.063
LEG-000348,Everlund,Silverymoon,The River Rauvin,river,river,River barge,False,False,48.563464,80000,30.2,1.61,100.12,0.052
LEG-000348,Everlund,Silverymoon,The River Rauvin,river,river,Shallow-draft wherry,False,False,48.563464,12000,49.6,0.98,21.06,0.072
LEG-000349,Everlund,Sundabar,The North Ride,road,road,Ox freight wagon,False,False,204.327469,6000,19.0,10.75,54.83,0.089
LEG-000349,Everlund,Sundabar,The North Ride,road,road,Horse freight wagon,False,False,204.327469,4000,26.4,7.74,44.58,0.109
LEG-000349,Everlund,Sundabar,The North Ride,road,road,Mule cart,False,False,204.327469,2000,23.8,8.6,19.62,0.096
LEG-000350,Fort Arran,Arrabar,The Vilhon Road,road,road,Vilhon Reach Milk Run,False,False,41.743959,6000,14.7,2.84,14.5,0.116
LEG-000350,Fort Arran,Arrabar,The Vilhon Road,road,road,Horse freight wagon,False,False,41.743959,4000,20.4,2.05,11.79,0.141
LEG-000350,Fort Arran,Arrabar,The Vilhon Road,road,road,Mule cart,False,False,41.743959,2000,18.4,2.27,5.19,0.124
LEG-000351,Fort Arran,Mimph,The Vilhon Road,road,road,Vilhon Reach Milk Run,False,False,60.602414,6000,14.7,4.13,21.05,0.116
LEG-000351,Fort Arran,Mimph,The Vilhon Road,road,road,Horse freight wagon,False,False,60.602414,4000,20.4,2.97,17.11,0.141
LEG-000351,Fort Arran,Mimph,The Vilhon Road,road,road,Mule cart,False,False,60.602414,2000,18.4,3.3,7.53,0.124
LEG-000352,Fort Arran,Mussum,The Vilhon Road,road,road,Vilhon Reach Milk Run,False,False,127.696827,6000,14.7,8.69,44.35,0.116
LEG-000352,Fort Arran,Mussum,The Vilhon Road,road,road,Horse freight wagon,False,False,127.696827,4000,20.4,6.26,36.06,0.141
LEG-000352,Fort Arran,Mussum,The Vilhon Road,road,road,Mule cart,False,False,127.696827,2000,18.4,6.96,15.86,0.124
LEG-000353,Fort Arran,Ormpetarr,The Vilhon Road,road,road,Vilhon Reach Milk Run,False,False,48.80502,6000,14.7,3.32,16.95,0.116
LEG-000353,Fort Arran,Ormpetarr,The Vilhon Road,road,road,Horse freight wagon,False,False,48.80502,4000,20.4,2.39,13.78,0.141
LEG-000353,Fort Arran,Ormpetarr,The Vilhon Road,road,road,Mule cart,False,False,48.80502,2000,18.4,2.66,6.06,0.124
LEG-000354,Fort Beluarian,Nimbral,local market trail,trail,trail,Pack pony string,True,False,24.455879,1200,13.0,1.89,3.35,0.228
LEG-000354,Fort Beluarian,Nimbral,local market trail,trail,trail,Mule train,True,False,24.455879,2400,12.3,1.98,6.34,0.216
LEG-000354,Fort Beluarian,Nimbral,local market trail,trail,trail,Porter company,True,False,24.455879,1000,9.6,2.54,3.52,0.288
LEG-000355,Furthinghome,Emmech,local market trail,trail,trail,Pack pony string,True,False,78.136867,1200,13.0,6.03,10.69,0.228
LEG-000355,Furthinghome,Emmech,local market trail,trail,trail,Mule train,True,False,78.136867,2400,12.3,6.33,20.25,0.216
LEG-000355,Furthinghome,Emmech,local market trail,trail,trail,Porter company,True,False,78.136867,1000,9.6,8.11,11.25,0.288
LEG-000356,Furthinghome,Velprintalar,local market trail,trail,trail,Pack pony string,True,False,68.938596,1200,13.0,5.32,9.43,0.228
LEG-000356,Furthinghome,Velprintalar,local market trail,trail,trail,Mule train,True,False,68.938596,2400,12.3,5.58,17.87,0.216
LEG-000356,Furthinghome,Velprintalar,local market trail,trail,trail,Porter company,True,False,68.938596,1000,9.6,7.16,9.93,0.288
LEG-000357,Gheldaneth,Neldorild,Skuld to Gheldaneth trail,trail,trail,Pack pony string,False,False,68.478907,1200,14.0,4.9,8.7,0.212
LEG-000357,Gheldaneth,Neldorild,Skuld to Gheldaneth trail,trail,trail,Mule train,False,False,68.478907,2400,13.3,5.15,16.48,0.201
LEG-000357,Gheldaneth,Neldorild,Skuld to Gheldaneth trail,trail,trail,Porter company,False,False,68.478907,1000,10.4,6.6,9.16,0.267
LEG-000358,Gheldaneth,Unthalass,Unthalass to Gheldaneth trail,trail,trail,Pack pony string,False,False,221.643087,1200,14.0,15.87,28.16,0.212
LEG-000358,Gheldaneth,Unthalass,Unthalass to Gheldaneth trail,trail,trail,Mule train,False,False,221.643087,2400,13.3,16.66,53.35,0.201
LEG-000358,Gheldaneth,Unthalass,Unthalass to Gheldaneth trail,trail,trail,Porter company,False,False,221.643087,1000,10.4,21.37,29.64,0.267
LEG-000359,Gildenglade,Nonthal,Alaghon through Turmish to Hlondeth,road,road,Ox freight wagon,False,False,46.697745,6000,14.7,3.18,16.22,0.116
LEG-000359,Gildenglade,Nonthal,Alaghon through Turmish to Hlondeth,road,road,Horse freight wagon,False,False,46.697745,4000,20.4,2.29,13.19,0.141
LEG-000359,Gildenglade,Nonthal,Alaghon through Turmish to Hlondeth,road,road,Mule cart,False,False,46.697745,2000,18.4,2.54,5.8,0.124
LEG-000360,Gildenglade,Xorhun,Alaghon through Turmish to Hlondeth,road,road,Ox freight wagon,False,False,148.387511,6000,14.7,10.1,51.53,0.116
LEG-000360,Gildenglade,Xorhun,Alaghon through Turmish to Hlondeth,road,road,Horse freight wagon,False,False,148.387511,4000,20.4,7.27,41.9,0.141
LEG-000360,Gildenglade,Xorhun,Alaghon through Turmish to Hlondeth,road,road,Mule cart,False,False,148.387511,2000,18.4,8.08,18.43,0.124
LEG-000361,Glarondar,Emmech,local market trail,trail,trail,Pack pony string,True,False,99.076132,1200,13.0,7.64,13.55,0.228
LEG-000361,Glarondar,Emmech,local market trail,trail,trail,Mule train,True,False,99.076132,2400,12.3,8.02,25.68,0.216
LEG-000361,Glarondar,Emmech,local market trail,trail,trail,Porter company,True,False,99.076132,1000,9.6,10.29,14.27,0.288
LEG-000362,Glarondar,Laothkund,local market trail,trail,trail,Pack pony string,True,False,112.837449,1200,13.0,8.7,15.44,0.228
LEG-000362,Glarondar,Laothkund,local market trail,trail,trail,Mule train,True,False,112.837449,2400,12.3,9.14,29.25,0.216
LEG-000362,Glarondar,Laothkund,local market trail,trail,trail,Porter company,True,False,112.837449,1000,9.6,11.71,16.25,0.288
LEG-000363,Glister,Delhalls,Ilinvur through Vaasa to Darmshall,trail,trail,Pack pony string,False,False,103.025452,1200,14.0,7.38,13.09,0.212
LEG-000363,Glister,Delhalls,Ilinvur through Vaasa to Darmshall,trail,trail,Mule train,False,False,103.025452,2400,13.3,7.75,24.8,0.201
LEG-000363,Glister,Delhalls,Ilinvur through Vaasa to Darmshall,trail,trail,Porter company,False,False,103.025452,1000,10.4,9.93,13.78,0.267
LEG-000364,Glister,Hulburg,Melvaunt to Glister trail,trail,trail,Pack pony string,False,False,66.457156,1200,14.0,4.76,8.44,0.212
LEG-000364,Glister,Hulburg,Melvaunt to Glister trail,trail,trail,Mule train,False,False,66.457156,2400,13.3,5.0,16.0,0.201
LEG-000364,Glister,Hulburg,Melvaunt to Glister trail,trail,trail,Porter company,False,False,66.457156,1000,10.4,6.41,8.89,0.267
LEG-000365,Glister,Ilinvur,Ilinvur through Vaasa to Darmshall,trail,trail,Pack pony string,False,False,168.115247,1200,14.0,12.04,21.36,0.212
LEG-000365,Glister,Ilinvur,Ilinvur through Vaasa to Darmshall,trail,trail,Mule train,False,False,168.115247,2400,13.3,12.64,40.46,0.201
LEG-000365,Glister,Ilinvur,Ilinvur through Vaasa to Darmshall,trail,trail,Porter company,False,False,168.115247,1000,10.4,16.21,22.48,0.267
LEG-000366,Goldenfields,Amphail,Long Road: Mirabar to Waterdeep,road,road,Ox freight wagon,False,False,51.264303,6000,14.7,3.49,17.8,0.116
LEG-000366,Goldenfields,Amphail,Long Road: Mirabar to Waterdeep,road,road,Horse freight wagon,False,False,51.264303,4000,20.4,2.51,14.47,0.141
LEG-000366,Goldenfields,Amphail,Long Road: Mirabar to Waterdeep,road,road,Mule cart,False,False,51.264303,2000,18.4,2.79,6.37,0.124
LEG-000367,Goldenfields,Daggerford,caravan track,track,track,Camel caravan,True,False,135.98533,3000,14.5,9.38,45.63,0.224
LEG-000367,Goldenfields,Daggerford,caravan track,track,track,Mule caravan,True,False,135.98533,2400,12.6,10.79,40.56,0.249
LEG-000367,Goldenfields,Daggerford,caravan track,track,track,Ox caravan,True,False,135.98533,5000,8.8,15.42,69.29,0.204
LEG-000368,Goldenfields,Red Larch,Long Road: Mirabar to Waterdeep,road,road,Ox freight wagon,False,False,52.719778,6000,14.7,3.59,18.31,0.116
LEG-000368,Goldenfields,Red Larch,Long Road: Mirabar to Waterdeep,road,road,Horse freight wagon,False,False,52.719778,4000,20.4,2.58,14.89,0.141
LEG-000368,Goldenfields,Red Larch,Long Road: Mirabar to Waterdeep,road,road,Mule cart,False,False,52.719778,2000,18.4,2.87,6.55,0.124
LEG-000369,Goldenfields,Secomber,Red Larch and Goldenfields branch toward Secomber,trail,trail,Pack pony string,False,False,198.928872,1200,14.0,14.24,25.27,0.212
LEG-000369,Goldenfields,Secomber,Red Larch and Goldenfields branch toward Secomber,trail,trail,Mule train,False,False,198.928872,2400,13.3,14.96,47.88,0.201
LEG-000369,Goldenfields,Secomber,Red Larch and Goldenfields branch toward Secomber,trail,trail,Porter company,False,False,198.928872,1000,10.4,19.18,26.6,0.267
LEG-000370,Goldenfields,Stone Bridge,Red Larch and Goldenfields branch toward Secomber,trail,trail,Pack pony string,False,False,87.175444,1200,14.0,6.24,11.07,0.212
LEG-000370,Goldenfields,Stone Bridge,Red Larch and Goldenfields branch toward Secomber,trail,trail,Mule train,False,False,87.175444,2400,13.3,6.55,20.98,0.201
LEG-000370,Goldenfields,Stone Bridge,Red Larch and Goldenfields branch toward Secomber,trail,trail,Porter company,False,False,87.175444,1000,10.4,8.4,11.66,0.267
LEG-000371,Goldenfields,Triboar,caravan track,track,track,Camel caravan,True,False,88.940992,3000,17.6,5.05,24.58,0.184
LEG-000371,Goldenfields,Triboar,caravan track,track,track,Mule caravan,True,False,88.940992,2400,15.3,5.81,21.85,0.205
LEG-000371,Goldenfields,Triboar,caravan track,track,track,Ox caravan,True,False,88.940992,5000,10.7,8.3,37.32,0.168
LEG-000372,Goldenfields,Waterdeep,caravan track,track,track,Camel caravan,True,False,90.226825,3000,14.5,6.23,30.28,0.224
LEG-000372,Goldenfields,Waterdeep,caravan track,track,track,Mule caravan,True,False,90.226825,2400,12.6,7.16,26.91,0.249
LEG-000372,Goldenfields,Waterdeep,caravan track,track,track,Ox caravan,True,False,90.226825,5000,8.8,10.23,45.98,0.204
LEG-000373,Goldenfields,Yartar,caravan track,track,track,Camel caravan,True,False,131.396233,3000,17.6,7.47,36.31,0.184
LEG-000373,Goldenfields,Yartar,caravan track,track,track,Mule caravan,True,False,131.396233,2400,15.3,8.59,32.28,0.205
LEG-000373,Goldenfields,Yartar,caravan track,track,track,Ox caravan,True,False,131.396233,5000,10.7,12.27,55.14,0.168
LEG-000374,Good Mead,Bryn Shander,caravan track,track,track,Camel caravan,True,False,28.651352,3000,14.5,1.98,9.61,0.224
LEG-000374,Good Mead,Bryn Shander,caravan track,track,track,Mule caravan,True,False,28.651352,2400,12.6,2.27,8.55,0.249
LEG-000374,Good Mead,Bryn Shander,caravan track,track,track,Ox caravan,True,False,28.651352,5000,8.8,3.25,14.6,0.204
LEG-000375,Good Mead,Easthaven,The Ten Towns Track,trail,trail,Pack pony string,False,False,17.426991,1200,14.0,1.25,2.21,0.212
LEG-000375,Good Mead,Easthaven,The Ten Towns Track,trail,trail,Mule train,False,False,17.426991,2400,13.3,1.31,4.19,0.201
LEG-000375,Good Mead,Easthaven,The Ten Towns Track,trail,trail,Porter company,False,False,17.426991,1000,10.4,1.68,2.33,0.267
LEG-000376,Good Mead,Targos,caravan track,track,track,Camel caravan,True,False,47.401688,3000,14.5,3.27,15.91,0.224
LEG-000376,Good Mead,Targos,caravan track,track,track,Mule caravan,True,False,47.401688,2400,12.6,3.76,14.14,0.249
LEG-000376,Good Mead,Targos,caravan track,track,track,Ox caravan,True,False,47.401688,5000,8.8,5.37,24.15,0.204
LEG-000377,Good Mead,Termalaine,caravan track,track,track,Camel caravan,True,False,48.893762,3000,14.5,3.37,16.41,0.224
LEG-000377,Good Mead,Termalaine,caravan track,track,track,Mule caravan,True,False,48.893762,2400,12.6,3.88,14.58,0.249
LEG-000377,Good Mead,Termalaine,caravan track,track,track,Ox caravan,True,False,48.893762,5000,8.8,5.54,24.91,0.204
LEG-000378,Gracklstugh,Blingdenstone,Underdark passage,tunnel,tunnel,Rothe caravan,True,False,22.662965,4000,8.4,2.71,10.33,0.228
LEG-000378,Gracklstugh,Blingdenstone,Underdark passage,tunnel,tunnel,Deep mule train,True,False,22.662965,1800,10.2,2.22,5.47,0.268
LEG-000378,Gracklstugh,Blingdenstone,Underdark passage,tunnel,tunnel,Porter company,True,False,22.662965,900,8.2,2.78,3.28,0.322
LEG-000379,Gracklstugh,Mantol-Derith,Underdark passage,tunnel,tunnel,Rothe caravan,True,False,35.088602,4000,8.4,4.2,16.0,0.228
LEG-000379,Gracklstugh,Mantol-Derith,Underdark passage,tunnel,tunnel,Deep mule train,True,False,35.088602,1800,10.2,3.44,8.47,0.268
LEG-000379,Gracklstugh,Mantol-Derith,Underdark passage,tunnel,tunnel,Porter company,True,False,35.088602,900,8.2,4.3,5.08,0.322
LEG-000380,Gracklstugh,Menzoberranzan,Underdark passage,tunnel,tunnel,Rothe caravan,True,False,8.0,4000,8.4,0.96,3.65,0.228
LEG-000380,Gracklstugh,Menzoberranzan,Underdark passage,tunnel,tunnel,Deep mule train,True,False,8.0,1800,10.2,0.78,1.93,0.268
LEG-000380,Gracklstugh,Menzoberranzan,Underdark passage,tunnel,tunnel,Porter company,True,False,8.0,900,8.2,0.98,1.16,0.322
LEG-000381,Gracklstugh,Mirabar,Mirabar Underway,tunnel+trail,tunnel,Rothe caravan,True,True,219.117799,4000,3.9,55.67,212.33,0.484
LEG-000381,Gracklstugh,Mirabar,Mirabar Underway,tunnel+trail,tunnel,Deep mule train,True,True,219.117799,1800,4.8,45.65,112.41,0.57
LEG-000381,Gracklstugh,Mirabar,Mirabar Underway,tunnel+trail,tunnel,Porter company,True,True,219.117799,900,3.8,57.06,67.44,0.684
LEG-000381,Gracklstugh,Mirabar,Mirabar Underway,tunnel+trail,trail,Pack pony string,True,True,219.117799,1200,8.0,27.46,48.71,0.37
LEG-000381,Gracklstugh,Mirabar,Mirabar Underway,tunnel+trail,trail,Mule train,True,True,219.117799,2400,7.6,28.83,92.29,0.351
LEG-000381,Gracklstugh,Mirabar,Mirabar Underway,tunnel+trail,trail,Porter company,True,True,219.117799,1000,5.9,36.96,51.27,0.468
LEG-000382,Grandfather Tree,Everlund,Evermoor Way: Triboar to Everlund,road,road,Ox freight wagon,False,False,106.18953,6000,14.7,7.23,36.88,0.116
LEG-000382,Grandfather Tree,Everlund,Evermoor Way: Triboar to Everlund,road,road,Horse freight wagon,False,False,106.18953,4000,20.4,5.21,29.98,0.141
LEG-000382,Grandfather Tree,Everlund,Evermoor Way: Triboar to Everlund,road,road,Mule cart,False,False,106.18953,2000,18.4,5.78,13.19,0.124
LEG-000383,Grandfather Tree,Yartar,Evermoor Way: Triboar to Everlund,road,road,Ox freight wagon,False,False,238.69558,6000,14.7,16.25,82.9,0.116
LEG-000383,Grandfather Tree,Yartar,Evermoor Way: Triboar to Everlund,road,road,Horse freight wagon,False,False,238.69558,4000,20.4,11.7,67.4,0.141
LEG-000383,Grandfather Tree,Yartar,Evermoor Way: Triboar to Everlund,road,road,Mule cart,False,False,238.69558,2000,18.4,13.0,29.65,0.124
LEG-000384,Greenest,Berdusk,Uldoon Trail from Nashkel toward Greenest and Berdusk,trail,trail,Pack pony string,False,False,99.895237,1200,14.0,7.15,12.69,0.212
LEG-000384,Greenest,Berdusk,Uldoon Trail from Nashkel toward Greenest and Berdusk,trail,trail,Mule train,False,False,99.895237,2400,13.3,7.51,24.04,0.201
LEG-000384,Greenest,Berdusk,Uldoon Trail from Nashkel toward Greenest and Berdusk,trail,trail,Porter company,False,False,99.895237,1000,10.4,9.63,13.36,0.267
LEG-000385,Greenest,Durlag's Tower,Uldoon Trail from Nashkel toward Greenest and Berdusk,trail,trail,Pack pony string,False,False,189.383508,1200,14.0,13.56,24.06,0.212
LEG-000385,Greenest,Durlag's Tower,Uldoon Trail from Nashkel toward Greenest and Berdusk,trail,trail,Mule train,False,False,189.383508,2400,13.3,14.24,45.58,0.201
LEG-000385,Greenest,Durlag's Tower,Uldoon Trail from Nashkel toward Greenest and Berdusk,trail,trail,Porter company,False,False,189.383508,1000,10.4,18.26,25.32,0.267
LEG-000386,Greenest,Scornubel,Elturel southeast to Berdusk approach trail,trail,trail,Pack pony string,False,False,161.820282,1200,14.0,11.59,20.56,0.212
LEG-000386,Greenest,Scornubel,Elturel southeast to Berdusk approach trail,trail,trail,Mule train,False,False,161.820282,2400,13.3,12.17,38.95,0.201
LEG-000386,Greenest,Scornubel,Elturel southeast to Berdusk approach trail,trail,trail,Porter company,False,False,161.820282,1000,10.4,15.6,21.64,0.267
LEG-000387,Griffon's Nest,Nesmé,local market trail,trail,trail,Pack pony string,True,False,83.431709,1200,13.0,6.43,11.41,0.228
LEG-000387,Griffon's Nest,Nesmé,local market trail,trail,trail,Mule train,True,False,83.431709,2400,12.3,6.76,21.63,0.216
LEG-000387,Griffon's Nest,Nesmé,local market trail,trail,trail,Porter company,True,False,83.431709,1000,9.6,8.66,12.01,0.288
LEG-000388,Halagard,Delselar,Halruaa-Chult Coastal Run,sea,sea,Sword Coast Coasters,False,False,770.705164,100000,66.5,11.58,1426.91,0.037
LEG-000388,Halagard,Delselar,Halruaa-Chult Coastal Run,sea,sea,Merchant caravel,False,False,770.705164,180000,79.4,9.71,2378.18,0.034
LEG-000388,Halagard,Delselar,Halruaa-Chult Coastal Run,sea,sea,Deep-water galleon,False,False,770.705164,400000,71.8,10.73,4544.96,0.029
LEG-000389,Halagard,Halarahh,Halruaa-Chult Coastal Run,sea,sea,Sword Coast Coasters,False,False,97.166764,100000,66.5,1.46,179.9,0.037
LEG-000389,Halagard,Halarahh,Halruaa-Chult Coastal Run,sea,sea,Merchant caravel,False,False,97.166764,180000,79.4,1.22,299.83,0.034
LEG-000389,Halagard,Halarahh,Halruaa-Chult Coastal Run,sea,sea,Deep-water galleon,False,False,97.166764,400000,71.8,1.35,573.01,0.029
LEG-000390,Halagard,Urbreth,Sea of Swords coasting run,sea,sea,Coasting cog,False,False,649.492856,100000,60.2,10.79,1329.07,0.041
LEG-000390,Halagard,Urbreth,Sea of Swords coasting run,sea,sea,Merchant caravel,False,False,649.492856,180000,71.8,9.04,2215.11,0.038
LEG-000390,Halagard,Urbreth,Sea of Swords coasting run,sea,sea,Deep-water galleon,False,False,649.492856,400000,65.0,10.0,4233.33,0.033
LEG-000391,Halarahh,Halagard,Halruaa-Chult Coastal Run,sea,sea,Sword Coast Coasters,False,False,97.166764,100000,66.5,1.46,179.9,0.037
LEG-000391,Halarahh,Halagard,Halruaa-Chult Coastal Run,sea,sea,Merchant caravel,False,False,97.166764,180000,79.4,1.22,299.83,0.034
LEG-000391,Halarahh,Halagard,Halruaa-Chult Coastal Run,sea,sea,Deep-water galleon,False,False,97.166764,400000,71.8,1.35,573.01,0.029
LEG-000392,Halarahh,Innarlith,The Halruaan Skyroad,air,air,Gryphon flight,False,False,798.796345,600,110.0,7.26,87.42,0.365
LEG-000392,Halarahh,Innarlith,The Halruaan Skyroad,air,air,Hippogriff flight,False,False,798.796345,450,96.8,8.25,56.59,0.315
LEG-000392,Halarahh,Innarlith,The Halruaan Skyroad,air,air,Giant eagle flight,False,False,798.796345,300,129.8,6.15,49.69,0.415
LEG-000392,Halarahh,Innarlith,The Halruaan Skyroad,air,air,Pegasus courier,False,False,798.796345,200,145.2,5.5,41.41,0.518
LEG-000392,Halarahh,Innarlith,The Halruaan Skyroad,air,air,Halruaan skyship,False,False,798.796345,20000,90.2,8.86,2269.86,0.284
LEG-000393,Halarahh,Lantan,The Lantanna Skybridge,air,air,Gryphon flight,False,False,1570.978479,600,99.0,15.87,191.03,0.405
LEG-000393,Halarahh,Lantan,The Lantanna Skybridge,air,air,Hippogriff flight,False,False,1570.978479,450,87.1,18.03,123.67,0.35
LEG-000393,Halarahh,Lantan,The Lantanna Skybridge,air,air,Giant eagle flight,False,False,1570.978479,300,116.8,13.45,108.59,0.461
LEG-000393,Halarahh,Lantan,The Lantanna Skybridge,air,air,Pegasus courier,False,False,1570.978479,200,130.7,12.02,90.49,0.576
LEG-000393,Halarahh,Lantan,The Lantanna Skybridge,air,air,Halruaan skyship,False,False,1570.978479,20000,81.2,19.35,4960.1,0.316
LEG-000394,Halarahh,Mount Talath,local market trail,trail,trail,Pack pony string,True,False,155.476976,1200,13.0,11.99,21.27,0.228
LEG-000394,Halarahh,Mount Talath,local market trail,trail,trail,Mule train,True,False,155.476976,2400,12.3,12.59,40.3,0.216
LEG-000394,Halarahh,Mount Talath,local market trail,trail,trail,Porter company,True,False,155.476976,1000,9.6,16.14,22.39,0.288
LEG-000395,Halarahh,Winterkeep,The Halruaan Concordance,teleport,teleport,Licensed portal transfer,False,False,2711.581181,2000,4250.0,0.64,3062.49,1.129
LEG-000395,Halarahh,Winterkeep,The Halruaan Concordance,teleport,teleport,Priority circle transfer,False,False,2711.581181,500,4887.5,0.55,1033.59,1.525
LEG-000396,Hardcastle,Delzimmer,Torsh via Hardcastle to Delzimmer approach,trail,trail,Pack pony string,False,False,440.587642,1200,14.0,31.55,55.97,0.212
LEG-000396,Hardcastle,Delzimmer,Torsh via Hardcastle to Delzimmer approach,trail,trail,Mule train,False,False,440.587642,2400,13.3,33.13,106.04,0.201
LEG-000396,Hardcastle,Delzimmer,Torsh via Hardcastle to Delzimmer approach,trail,trail,Porter company,False,False,440.587642,1000,10.4,42.47,58.91,0.267
LEG-000397,Hardcastle,Torsch,Torsh via Hardcastle to Delzimmer approach,trail,trail,Pack pony string,False,False,255.95441,1200,14.0,18.33,32.51,0.212
LEG-000397,Hardcastle,Torsch,Torsh via Hardcastle to Delzimmer approach,trail,trail,Mule train,False,False,255.95441,2400,13.3,19.24,61.6,0.201
LEG-000397,Hardcastle,Torsch,Torsh via Hardcastle to Delzimmer approach,trail,trail,Porter company,False,False,255.95441,1000,10.4,24.67,34.22,0.267
LEG-000398,Hardcastle,Unthalass,Hardcastle branch to Unthalass via Road of Dust,trail,trail,Pack pony string,False,False,495.346142,1200,14.0,35.47,62.92,0.212
LEG-000398,Hardcastle,Unthalass,Hardcastle branch to Unthalass via Road of Dust,trail,trail,Mule train,False,False,495.346142,2400,13.3,37.24,119.22,0.201
LEG-000398,Hardcastle,Unthalass,Hardcastle branch to Unthalass via Road of Dust,trail,trail,Porter company,False,False,495.346142,1000,10.4,47.75,66.23,0.267
LEG-000399,Harrowdale,Harrowdale Town,Harrowdale to Scardale trail,trail,trail,Pack pony string,False,False,107.959825,1200,14.0,7.73,13.71,0.212
LEG-000399,Harrowdale,Harrowdale Town,Harrowdale to Scardale trail,trail,trail,Mule train,False,False,107.959825,2400,13.3,8.12,25.98,0.201
LEG-000399,Harrowdale,Harrowdale Town,Harrowdale to Scardale trail,trail,trail,Porter company,False,False,107.959825,1000,10.4,10.41,14.44,0.267
LEG-000400,Harrowdale,Scardale,Harrowdale to Scardale trail,trail,trail,Pack pony string,False,False,90.384539,1200,14.0,6.47,11.48,0.212
LEG-000400,Harrowdale,Scardale,Harrowdale to Scardale trail,trail,trail,Mule train,False,False,90.384539,2400,13.3,6.8,21.75,0.201
LEG-000400,Harrowdale,Scardale,Harrowdale to Scardale trail,trail,trail,Porter company,False,False,90.384539,1000,10.4,8.71,12.09,0.267
LEG-000401,Harrowdale Town,Ashabenford,Moonsea Ride junction via Essembra to Scardale,road,road,Ox freight wagon,False,False,212.113854,6000,14.7,14.44,73.67,0.116
LEG-000401,Harrowdale Town,Ashabenford,Moonsea Ride junction via Essembra to Scardale,road,road,Horse freight wagon,False,False,212.113854,4000,20.4,10.4,59.89,0.141
LEG-000401,Harrowdale Town,Ashabenford,Moonsea Ride junction via Essembra to Scardale,road,road,Mule cart,False,False,212.113854,2000,18.4,11.55,26.35,0.124
LEG-000402,Harrowdale Town,Elventree,Harrowdale to Scardale trail,trail,trail,Pack pony string,False,False,196.903241,1200,14.0,14.1,25.01,0.212
LEG-000402,Harrowdale Town,Elventree,Harrowdale to Scardale trail,trail,trail,Mule train,False,False,196.903241,2400,13.3,14.8,47.39,0.201
LEG-000402,Harrowdale Town,Elventree,Harrowdale to Scardale trail,trail,trail,Porter company,False,False,196.903241,1000,10.4,18.98,26.33,0.267
LEG-000403,Harrowdale Town,Essembra,caravan track,track,track,Camel caravan,True,False,98.164403,3000,17.6,5.58,27.13,0.184
LEG-000403,Harrowdale Town,Essembra,caravan track,track,track,Mule caravan,True,False,98.164403,2400,15.3,6.42,24.11,0.205
LEG-000403,Harrowdale Town,Essembra,caravan track,track,track,Ox caravan,True,False,98.164403,5000,10.7,9.17,41.19,0.168
LEG-000404,Harrowdale Town,Harrowdale,Harrowdale to Scardale trail,trail,trail,Pack pony string,False,False,107.959825,1200,14.0,7.73,13.71,0.212
LEG-000404,Harrowdale Town,Harrowdale,Harrowdale to Scardale trail,trail,trail,Mule train,False,False,107.959825,2400,13.3,8.12,25.98,0.201
LEG-000404,Harrowdale Town,Harrowdale,Harrowdale to Scardale trail,trail,trail,Porter company,False,False,107.959825,1000,10.4,10.41,14.44,0.267
LEG-000405,Harrowdale Town,Hillsfar,caravan track,track,track,Camel caravan,True,False,139.977212,3000,14.5,9.66,46.97,0.224
LEG-000405,Harrowdale Town,Hillsfar,caravan track,track,track,Mule caravan,True,False,139.977212,2400,12.6,11.11,41.75,0.249
LEG-000405,Harrowdale Town,Hillsfar,caravan track,track,track,Ox caravan,True,False,139.977212,5000,8.8,15.87,71.33,0.204
LEG-000406,Harrowdale Town,Mulmaster,The River Lis,river+sea,river,Keelboat,False,True,235.476453,30000,42.0,5.61,233.12,0.066
LEG-000406,Harrowdale Town,Mulmaster,The River Lis,river+sea,river,River barge,False,True,235.476453,80000,28.8,8.18,509.76,0.054
LEG-000406,Harrowdale Town,Mulmaster,The River Lis,river+sea,river,Shallow-draft wherry,False,True,235.476453,12000,47.2,4.99,107.24,0.076
LEG-000406,Harrowdale Town,Mulmaster,The River Lis,river+sea,sea,Coasting cog,False,True,235.476453,100000,63.4,3.72,457.77,0.039
LEG-000406,Harrowdale Town,Mulmaster,The River Lis,river+sea,sea,Merchant caravel,False,True,235.476453,180000,75.6,3.11,762.94,0.036
LEG-000406,Harrowdale Town,Mulmaster,The River Lis,river+sea,sea,Deep-water galleon,False,True,235.476453,400000,68.4,3.44,1458.07,0.031
LEG-000407,Harrowdale Town,Myth Drannor,The Dalelands Trail,trail,trail,Pack pony string,False,False,145.659226,1200,18.0,8.11,14.39,0.165
LEG-000407,Harrowdale Town,Myth Drannor,The Dalelands Trail,trail,trail,Mule train,False,False,145.659226,2400,17.1,8.52,27.27,0.156
LEG-000407,Harrowdale Town,Myth Drannor,The Dalelands Trail,trail,trail,Porter company,False,False,145.659226,1000,13.3,10.92,15.15,0.208
LEG-000408,Harrowdale Town,Ordulin,caravan track,track,track,Camel caravan,True,False,141.201735,3000,14.5,9.74,47.38,0.224
LEG-000408,Harrowdale Town,Ordulin,caravan track,track,track,Mule caravan,True,False,141.201735,2400,12.6,11.21,42.12,0.249
LEG-000408,Harrowdale Town,Ordulin,caravan track,track,track,Ox caravan,True,False,141.201735,5000,8.8,16.01,71.95,0.204
LEG-000409,Harrowdale Town,Selgaunt,Sea of Fallen Stars coasting run,sea,sea,Coasting cog,False,False,233.339452,100000,60.2,3.88,477.49,0.041
LEG-000409,Harrowdale Town,Selgaunt,Sea of Fallen Stars coasting run,sea,sea,Merchant caravel,False,False,233.339452,180000,71.8,3.25,795.81,0.038
LEG-000409,Harrowdale Town,Selgaunt,Sea of Fallen Stars coasting run,sea,sea,Deep-water galleon,False,False,233.339452,400000,65.0,3.59,1520.88,0.033
LEG-000410,Harrowdale Town,Tantras,The Inner Sea Run,sea,sea,Coasting cog,False,False,170.69461,100000,76.0,2.25,276.53,0.032
LEG-000410,Harrowdale Town,Tantras,The Inner Sea Run,sea,sea,Merchant caravel,False,False,170.69461,180000,90.7,1.88,460.88,0.03
LEG-000410,Harrowdale Town,Tantras,The Inner Sea Run,sea,sea,Deep-water galleon,False,False,170.69461,400000,82.1,2.08,880.78,0.026
LEG-000411,Harrowdale Town,Yhaunn,Sea of Fallen Stars coasting run,sea,sea,Coasting cog,False,False,144.886197,100000,60.2,2.41,296.48,0.041
LEG-000411,Harrowdale Town,Yhaunn,Sea of Fallen Stars coasting run,sea,sea,Merchant caravel,False,False,144.886197,180000,71.8,2.02,494.14,0.038
LEG-000411,Harrowdale Town,Yhaunn,Sea of Fallen Stars coasting run,sea,sea,Deep-water galleon,False,False,144.886197,400000,65.0,2.23,944.35,0.033
LEG-000412,Heliogabalus,Ironspur,Ironspur to Heliogabalus,trail,trail,Pack pony string,False,False,120.123956,1200,14.0,8.6,15.26,0.212
LEG-000412,Heliogabalus,Ironspur,Ironspur to Heliogabalus,trail,trail,Mule train,False,False,120.123956,2400,13.3,9.03,28.91,0.201
LEG-000412,Heliogabalus,Ironspur,Ironspur to Heliogabalus,trail,trail,Porter company,False,False,120.123956,1000,10.4,11.58,16.06,0.267
LEG-000413,Heliogabalus,Peltarch,Narfell Long Road from Impiltur junction to N'Jast,trail,trail,Pack pony string,False,False,348.237539,1200,14.0,24.94,44.24,0.212
LEG-000413,Heliogabalus,Peltarch,Narfell Long Road from Impiltur junction to N'Jast,trail,trail,Mule train,False,False,348.237539,2400,13.3,26.18,83.82,0.201
LEG-000413,Heliogabalus,Peltarch,Narfell Long Road from Impiltur junction to N'Jast,trail,trail,Porter company,False,False,348.237539,1000,10.4,33.57,46.56,0.267
LEG-000414,Heliogabalus,Praka,Trail's End to Ilmwatch road,road,road,Ox freight wagon,False,False,30.439276,6000,14.7,2.07,10.57,0.116
LEG-000414,Heliogabalus,Praka,Trail's End to Ilmwatch road,road,road,Horse freight wagon,False,False,30.439276,4000,20.4,1.49,8.59,0.141
LEG-000414,Heliogabalus,Praka,Trail's End to Ilmwatch road,road,road,Mule cart,False,False,30.439276,2000,18.4,1.66,3.78,0.124
LEG-000415,Heliogabalus,Trail's End,Valls to Praka trail,trail,trail,Pack pony string,False,False,17.790166,1200,14.0,1.27,2.26,0.212
LEG-000415,Heliogabalus,Trail's End,Valls to Praka trail,trail,trail,Mule train,False,False,17.790166,2400,13.3,1.34,4.28,0.201
LEG-000415,Heliogabalus,Trail's End,Valls to Praka trail,trail,trail,Porter company,False,False,17.790166,1000,10.4,1.71,2.38,0.267
LEG-000416,Hellgate Keep,Sundabar,local market trail,trail,trail,Pack pony string,True,False,99.796443,1200,13.0,7.7,13.65,0.228
LEG-000416,Hellgate Keep,Sundabar,local market trail,trail,trail,Mule train,True,False,99.796443,2400,12.3,8.08,25.87,0.216
LEG-000416,Hellgate Keep,Sundabar,local market trail,trail,trail,Porter company,True,False,99.796443,1000,9.6,10.36,14.37,0.288
LEG-000417,Highmoon,Arabel,Arabel via Highmoon road to Ordulin,road,road,Ox freight wagon,False,False,212.794704,6000,14.7,14.49,73.9,0.116
LEG-000417,Highmoon,Arabel,Arabel via Highmoon road to Ordulin,road,road,Horse freight wagon,False,False,212.794704,4000,20.4,10.43,60.08,0.141
LEG-000417,Highmoon,Arabel,Arabel via Highmoon road to Ordulin,road,road,Mule cart,False,False,212.794704,2000,18.4,11.59,26.44,0.124
LEG-000418,Highmoon,Archenbridge,Arabel via Highmoon road to Ordulin,road,road,Ox freight wagon,False,False,92.145448,6000,14.7,6.27,32.0,0.116
LEG-000418,Highmoon,Archenbridge,Arabel via Highmoon road to Ordulin,road,road,Horse freight wagon,False,False,92.145448,4000,20.4,4.52,26.02,0.141
LEG-000418,Highmoon,Archenbridge,Arabel via Highmoon road to Ordulin,road,road,Mule cart,False,False,92.145448,2000,18.4,5.02,11.45,0.124
LEG-000419,Highmoon,Ashabenford,caravan track,track,track,Camel caravan,True,False,149.040162,3000,17.6,8.47,41.19,0.184
LEG-000419,Highmoon,Ashabenford,caravan track,track,track,Mule caravan,True,False,149.040162,2400,15.3,9.74,36.61,0.205
LEG-000419,Highmoon,Ashabenford,caravan track,track,track,Ox caravan,True,False,149.040162,5000,10.7,13.92,62.54,0.168
LEG-000420,Highmoon,Essembra,The Way of the Manticore,road,road,Ox freight wagon,False,False,170.896255,6000,17.3,9.89,50.45,0.098
LEG-000420,Highmoon,Essembra,The Way of the Manticore,road,road,Horse freight wagon,False,False,170.896255,4000,24.0,7.12,41.02,0.12
LEG-000420,Highmoon,Essembra,The Way of the Manticore,road,road,Mule cart,False,False,170.896255,2000,21.6,7.91,18.05,0.106
LEG-000421,Highmoon,Saerloon,caravan track,track,track,Camel caravan,True,False,161.616831,3000,14.5,11.15,54.23,0.224
LEG-000421,Highmoon,Saerloon,caravan track,track,track,Mule caravan,True,False,161.616831,2400,12.6,12.83,48.21,0.249
LEG-000421,Highmoon,Saerloon,caravan track,track,track,Ox caravan,True,False,161.616831,5000,8.8,18.32,82.36,0.204
LEG-000422,Highmoon,Tilverton,caravan track,track,track,Camel caravan,True,False,176.685625,3000,14.5,12.19,59.29,0.224
LEG-000422,Highmoon,Tilverton,caravan track,track,track,Mule caravan,True,False,176.685625,2400,12.6,14.02,52.7,0.249
LEG-000422,Highmoon,Tilverton,caravan track,track,track,Ox caravan,True,False,176.685625,5000,8.8,20.03,90.03,0.204
LEG-000423,Highmoon,Wheloon,caravan track,track,track,Camel caravan,True,False,108.420339,3000,14.5,7.48,36.38,0.224
LEG-000423,Highmoon,Wheloon,caravan track,track,track,Mule caravan,True,False,108.420339,2400,12.6,8.6,32.34,0.249
LEG-000423,Highmoon,Wheloon,caravan track,track,track,Ox caravan,True,False,108.420339,5000,8.8,12.29,55.25,0.204
LEG-000424,Hill's Edge,Berdusk,The Chionthar Road,road,road,Ox freight wagon,False,False,171.586596,6000,19.9,8.63,44.05,0.086
LEG-000424,Hill's Edge,Berdusk,The Chionthar Road,road,road,Horse freight wagon,False,False,171.586596,4000,27.6,6.22,35.81,0.104
LEG-000424,Hill's Edge,Berdusk,The Chionthar Road,road,road,Mule cart,False,False,171.586596,2000,24.8,6.91,15.76,0.092
LEG-000425,Hill's Edge,Corm Orp,Scornubel through Asbravn toward Iriaebor,trail,trail,Pack pony string,False,False,70.093104,1200,14.0,5.02,8.9,0.212
LEG-000425,Hill's Edge,Corm Orp,Scornubel through Asbravn toward Iriaebor,trail,trail,Mule train,False,False,70.093104,2400,13.3,5.27,16.87,0.201
LEG-000425,Hill's Edge,Corm Orp,Scornubel through Asbravn toward Iriaebor,trail,trail,Porter company,False,False,70.093104,1000,10.4,6.76,9.37,0.267
LEG-000426,Hill's Edge,Hluthvar,Hill's Edge to Corm Orp trail,trail,trail,Pack pony string,False,False,96.279233,1200,14.0,6.89,12.23,0.212
LEG-000426,Hill's Edge,Hluthvar,Hill's Edge to Corm Orp trail,trail,trail,Mule train,False,False,96.279233,2400,13.3,7.24,23.17,0.201
LEG-000426,Hill's Edge,Hluthvar,Hill's Edge to Corm Orp trail,trail,trail,Porter company,False,False,96.279233,1000,10.4,9.28,12.87,0.267
LEG-000427,Hill's Edge,Iriaebor,caravan track,track,track,Camel caravan,True,False,171.19337,3000,17.6,9.73,47.31,0.184
LEG-000427,Hill's Edge,Iriaebor,caravan track,track,track,Mule caravan,True,False,171.19337,2400,15.3,11.19,42.05,0.205
LEG-000427,Hill's Edge,Iriaebor,caravan track,track,track,Ox caravan,True,False,171.19337,5000,10.7,15.98,71.84,0.168
LEG-000428,Hill's Edge,Scornubel,The Chionthar Road,road,road,Ox freight wagon,False,False,102.867536,6000,19.9,5.18,26.41,0.086
LEG-000428,Hill's Edge,Scornubel,The Chionthar Road,road,road,Horse freight wagon,False,False,102.867536,4000,27.6,3.73,21.47,0.104
LEG-000428,Hill's Edge,Scornubel,The Chionthar Road,road,road,Mule cart,False,False,102.867536,2000,24.8,4.14,9.45,0.092
LEG-000429,Hill's Edge,Triel,caravan track,track,track,Camel caravan,True,False,128.932385,3000,17.6,7.33,35.63,0.184
LEG-000429,Hill's Edge,Triel,caravan track,track,track,Mule caravan,True,False,128.932385,2400,15.3,8.43,31.67,0.205
LEG-000429,Hill's Edge,Triel,caravan track,track,track,Ox caravan,True,False,128.932385,5000,10.7,12.04,54.11,0.168
LEG-000430,Hillsfar,Elmwood,The Moonsea Run,sea,sea,Coasting cog,False,False,170.2235,100000,66.5,2.56,315.16,0.037
LEG-000430,Hillsfar,Elmwood,The Moonsea Run,sea,sea,Merchant caravel,False,False,170.2235,180000,79.4,2.14,525.26,0.034
LEG-000430,Hillsfar,Elmwood,The Moonsea Run,sea,sea,Deep-water galleon,False,False,170.2235,400000,71.8,2.37,1003.83,0.029
LEG-000431,Hillsfar,Elventree,Yulash to Hillsfar,road,road,Ox freight wagon,False,False,47.90668,6000,14.7,3.26,16.64,0.116
LEG-000431,Hillsfar,Elventree,Yulash to Hillsfar,road,road,Horse freight wagon,False,False,47.90668,4000,20.4,2.35,13.53,0.141
LEG-000431,Hillsfar,Elventree,Yulash to Hillsfar,road,road,Mule cart,False,False,47.90668,2000,18.4,2.61,5.95,0.124
LEG-000432,Hillsfar,Essembra,caravan track,track,track,Camel caravan,True,False,143.164695,3000,14.5,9.88,48.04,0.224
LEG-000432,Hillsfar,Essembra,caravan track,track,track,Mule caravan,True,False,143.164695,2400,12.6,11.36,42.7,0.249
LEG-000432,Hillsfar,Essembra,caravan track,track,track,Ox caravan,True,False,143.164695,5000,8.8,16.23,72.95,0.204
LEG-000433,Hillsfar,Harrowdale Town,caravan track,track,track,Camel caravan,True,False,139.977212,3000,14.5,9.66,46.97,0.224
LEG-000433,Hillsfar,Harrowdale Town,caravan track,track,track,Mule caravan,True,False,139.977212,2400,12.6,11.11,41.75,0.249
LEG-000433,Hillsfar,Harrowdale Town,caravan track,track,track,Ox caravan,True,False,139.977212,5000,8.8,15.87,71.33,0.204
LEG-000434,Hillsfar,Melvaunt,Moonsea coasting run,sea,sea,Coasting cog,False,False,104.735715,100000,60.2,1.74,214.32,0.041
LEG-000434,Hillsfar,Melvaunt,Moonsea coasting run,sea,sea,Merchant caravel,False,False,104.735715,180000,71.8,1.46,357.2,0.038
LEG-000434,Hillsfar,Melvaunt,Moonsea coasting run,sea,sea,Deep-water galleon,False,False,104.735715,400000,65.0,1.61,682.66,0.033
LEG-000435,Hillsfar,Myth Drannor,caravan track,track,track,Camel caravan,True,False,100.126969,3000,14.5,6.91,33.6,0.224
LEG-000435,Hillsfar,Myth Drannor,caravan track,track,track,Mule caravan,True,False,100.126969,2400,12.6,7.95,29.87,0.249
LEG-000435,Hillsfar,Myth Drannor,caravan track,track,track,Ox caravan,True,False,100.126969,5000,8.8,11.35,51.02,0.204
LEG-000436,Hillsfar,Phlan,Moonsea coasting run,sea,sea,Coasting cog,False,False,95.820301,100000,60.2,1.59,196.08,0.041
LEG-000436,Hillsfar,Phlan,Moonsea coasting run,sea,sea,Merchant caravel,False,False,95.820301,180000,71.8,1.33,326.8,0.038
LEG-000436,Hillsfar,Phlan,Moonsea coasting run,sea,sea,Deep-water galleon,False,False,95.820301,400000,65.0,1.47,624.55,0.033
LEG-000437,Hillsfar,Shadowdale,The Moonsea Ride,road,road,Ox freight wagon,False,False,215.737109,6000,18.1,11.89,60.65,0.094
LEG-000437,Hillsfar,Shadowdale,The Moonsea Ride,road,road,Horse freight wagon,False,False,215.737109,4000,25.2,8.56,49.31,0.114
LEG-000437,Hillsfar,Shadowdale,The Moonsea Ride,road,road,Mule cart,False,False,215.737109,2000,22.7,9.51,21.7,0.101
LEG-000438,Hillsfar,Thentia,Moonsea coasting run,sea,sea,Coasting cog,False,False,114.268325,100000,60.2,1.9,233.83,0.041
LEG-000438,Hillsfar,Thentia,Moonsea coasting run,sea,sea,Merchant caravel,False,False,114.268325,180000,71.8,1.59,389.72,0.038
LEG-000438,Hillsfar,Thentia,Moonsea coasting run,sea,sea,Deep-water galleon,False,False,114.268325,400000,65.0,1.76,744.79,0.033
LEG-000439,Hillsfar,Zhentil Keep,The Moonsea Run,sea,sea,Coasting cog,False,False,78.365809,100000,66.5,1.18,145.09,0.037
LEG-000439,Hillsfar,Zhentil Keep,The Moonsea Run,sea,sea,Merchant caravel,False,False,78.365809,180000,79.4,0.99,241.81,0.034
LEG-000439,Hillsfar,Zhentil Keep,The Moonsea Run,sea,sea,Deep-water galleon,False,False,78.365809,400000,71.8,1.09,462.13,0.029
LEG-000440,Hlammach,Dilpur,Sarshel to Hlammach and Lyrabar,road,road,Ox freight wagon,False,False,82.553532,6000,14.7,5.62,28.67,0.116
LEG-000440,Hlammach,Dilpur,Sarshel to Hlammach and Lyrabar,road,road,Horse freight wagon,False,False,82.553532,4000,20.4,4.05,23.31,0.141
LEG-000440,Hlammach,Dilpur,Sarshel to Hlammach and Lyrabar,road,road,Mule cart,False,False,82.553532,2000,18.4,4.5,10.26,0.124
LEG-000441,Hlammach,Lyrabar,Sarshel to Hlammach and Lyrabar,road,road,Ox freight wagon,False,False,53.204515,6000,14.7,3.62,18.48,0.116
LEG-000441,Hlammach,Lyrabar,Sarshel to Hlammach and Lyrabar,road,road,Horse freight wagon,False,False,53.204515,4000,20.4,2.61,15.02,0.141
LEG-000441,Hlammach,Lyrabar,Sarshel to Hlammach and Lyrabar,road,road,Mule cart,False,False,53.204515,2000,18.4,2.9,6.61,0.124
LEG-000442,Hlath,Airspur,caravan track,track,track,Camel caravan,True,False,162.287553,3000,14.5,11.2,54.46,0.224
LEG-000442,Hlath,Airspur,caravan track,track,track,Mule caravan,True,False,162.287553,2400,12.6,12.88,48.41,0.249
LEG-000442,Hlath,Airspur,caravan track,track,track,Ox caravan,True,False,162.287553,5000,8.8,18.4,82.7,0.204
LEG-000443,Hlath,Alaghôn,caravan track,track,track,Camel caravan,True,False,186.007124,3000,14.5,12.84,62.42,0.224
LEG-000443,Hlath,Alaghôn,caravan track,track,track,Mule caravan,True,False,186.007124,2400,12.6,14.76,55.48,0.249
LEG-000443,Hlath,Alaghôn,caravan track,track,track,Ox caravan,True,False,186.007124,5000,8.8,21.09,94.78,0.204
LEG-000444,Hlath,Arrabar,The Vilhon Road,road,road,Vilhon Reach Milk Run,False,False,395.942639,6000,17.3,22.91,116.88,0.098
LEG-000444,Hlath,Arrabar,The Vilhon Road,road,road,Horse freight wagon,False,False,395.942639,4000,24.0,16.5,95.03,0.12
LEG-000444,Hlath,Arrabar,The Vilhon Road,road,road,Mule cart,False,False,395.942639,2000,21.6,18.33,41.81,0.106
LEG-000445,Hlath,Reth,Airspur through Reth to Hlath trail,trail,trail,Pack pony string,False,False,167.888536,1200,14.0,12.02,21.33,0.212
LEG-000445,Hlath,Reth,Airspur through Reth to Hlath trail,trail,trail,Mule train,False,False,167.888536,2400,13.3,12.62,40.41,0.201
LEG-000445,Hlath,Reth,Airspur through Reth to Hlath trail,trail,trail,Porter company,False,False,167.888536,1000,10.4,16.18,22.45,0.267
LEG-000446,Hlath,Samra,The Vilhon Road,road,road,Vilhon Reach Milk Run,False,False,185.03544,6000,14.7,12.6,64.26,0.116
LEG-000446,Hlath,Samra,The Vilhon Road,road,road,Horse freight wagon,False,False,185.03544,4000,20.4,9.07,52.25,0.141
LEG-000446,Hlath,Samra,The Vilhon Road,road,road,Mule cart,False,False,185.03544,2000,18.4,10.08,22.99,0.124
LEG-000447,Hlath,Sapra,local market trail,trail,trail,Pack pony string,True,False,119.12548,1200,13.0,9.19,16.3,0.228
LEG-000447,Hlath,Sapra,local market trail,trail,trail,Mule train,True,False,119.12548,2400,12.3,9.65,30.88,0.216
LEG-000447,Hlath,Sapra,local market trail,trail,trail,Porter company,True,False,119.12548,1000,9.6,12.37,17.15,0.288
LEG-000448,Hlaungadath,Ascore,Sundabar to Ascore,road,road,Ox freight wagon,False,False,47.46051,6000,14.7,3.23,16.48,0.116
LEG-000448,Hlaungadath,Ascore,Sundabar to Ascore,road,road,Horse freight wagon,False,False,47.46051,4000,20.4,2.33,13.4,0.141
LEG-000448,Hlaungadath,Ascore,Sundabar to Ascore,road,road,Mule cart,False,False,47.46051,2000,18.4,2.58,5.9,0.124
LEG-000449,Hlondeth,Mimph,Mimph to Nimpeth trail,trail,trail,Pack pony string,False,False,79.891329,1200,14.0,5.72,10.15,0.212
LEG-000449,Hlondeth,Mimph,Mimph to Nimpeth trail,trail,trail,Mule train,False,False,79.891329,2400,13.3,6.01,19.23,0.201
LEG-000449,Hlondeth,Mimph,Mimph to Nimpeth trail,trail,trail,Porter company,False,False,79.891329,1000,10.4,7.7,10.68,0.267
LEG-000450,Hlondeth,Nimpeth,Mimph to Nimpeth trail,trail,trail,Pack pony string,False,False,94.740895,1200,14.0,6.78,12.03,0.212
LEG-000450,Hlondeth,Nimpeth,Mimph to Nimpeth trail,trail,trail,Mule train,False,False,94.740895,2400,13.3,7.12,22.8,0.201
LEG-000450,Hlondeth,Nimpeth,Mimph to Nimpeth trail,trail,trail,Porter company,False,False,94.740895,1000,10.4,9.13,12.67,0.267
LEG-000451,Hlondeth,Ormath,The Shining Plains Road,road,road,Ox freight wagon,False,False,289.478975,6000,17.3,16.75,85.45,0.098
LEG-000451,Hlondeth,Ormath,The Shining Plains Road,road,road,Horse freight wagon,False,False,289.478975,4000,24.0,12.06,69.47,0.12
LEG-000451,Hlondeth,Ormath,The Shining Plains Road,road,road,Mule cart,False,False,289.478975,2000,21.6,13.4,30.57,0.106
LEG-000452,Hlondeth,Xorhun,Alaghon through Turmish to Hlondeth,road,road,Ox freight wagon,False,False,137.785996,6000,14.7,9.38,47.85,0.116
LEG-000452,Hlondeth,Xorhun,Alaghon through Turmish to Hlondeth,road,road,Horse freight wagon,False,False,137.785996,4000,20.4,6.75,38.9,0.141
LEG-000452,Hlondeth,Xorhun,Alaghon through Turmish to Hlondeth,road,road,Mule cart,False,False,137.785996,2000,18.4,7.5,17.12,0.124
LEG-000453,Hluthvar,Asbravn,Scornubel through Asbravn toward Iriaebor,trail,trail,Pack pony string,False,False,93.156021,1200,14.0,6.67,11.83,0.212
LEG-000453,Hluthvar,Asbravn,Scornubel through Asbravn toward Iriaebor,trail,trail,Mule train,False,False,93.156021,2400,13.3,7.0,22.42,0.201
LEG-000453,Hluthvar,Asbravn,Scornubel through Asbravn toward Iriaebor,trail,trail,Porter company,False,False,93.156021,1000,10.4,8.98,12.46,0.267
LEG-000454,Hluthvar,Corm Orp,Hill's Edge to Corm Orp trail,trail,trail,Pack pony string,False,False,39.973275,1200,14.0,2.86,5.08,0.212
LEG-000454,Hluthvar,Corm Orp,Hill's Edge to Corm Orp trail,trail,trail,Mule train,False,False,39.973275,2400,13.3,3.01,9.62,0.201
LEG-000454,Hluthvar,Corm Orp,Hill's Edge to Corm Orp trail,trail,trail,Porter company,False,False,39.973275,1000,10.4,3.85,5.34,0.267
LEG-000455,Hluthvar,Darkhold,Sunset foothills via Farsea Marshes toward Tilverton,trail,trail,Pack pony string,False,False,68.629973,1200,14.0,4.91,8.72,0.212
LEG-000455,Hluthvar,Darkhold,Sunset foothills via Farsea Marshes toward Tilverton,trail,trail,Mule train,False,False,68.629973,2400,13.3,5.16,16.52,0.201
LEG-000455,Hluthvar,Darkhold,Sunset foothills via Farsea Marshes toward Tilverton,trail,trail,Porter company,False,False,68.629973,1000,10.4,6.62,9.18,0.267
LEG-000456,Hluthvar,Hill's Edge,Hill's Edge to Corm Orp trail,trail,trail,Pack pony string,False,False,96.279233,1200,14.0,6.89,12.23,0.212
LEG-000456,Hluthvar,Hill's Edge,Hill's Edge to Corm Orp trail,trail,trail,Mule train,False,False,96.279233,2400,13.3,7.24,23.17,0.201
LEG-000456,Hluthvar,Hill's Edge,Hill's Edge to Corm Orp trail,trail,trail,Porter company,False,False,96.279233,1000,10.4,9.28,12.87,0.267
LEG-000457,Hulburg,Glister,Melvaunt to Glister trail,trail,trail,Pack pony string,False,False,66.457156,1200,14.0,4.76,8.44,0.212
LEG-000457,Hulburg,Glister,Melvaunt to Glister trail,trail,trail,Mule train,False,False,66.457156,2400,13.3,5.0,16.0,0.201
LEG-000457,Hulburg,Glister,Melvaunt to Glister trail,trail,trail,Porter company,False,False,66.457156,1000,10.4,6.41,8.89,0.267
LEG-000458,Hulburg,Thentia,Melvaunt to Glister trail,trail,trail,Pack pony string,False,False,162.686245,1200,14.0,11.65,20.67,0.212
LEG-000458,Hulburg,Thentia,Melvaunt to Glister trail,trail,trail,Mule train,False,False,162.686245,2400,13.3,12.23,39.16,0.201
LEG-000458,Hulburg,Thentia,Melvaunt to Glister trail,trail,trail,Porter company,False,False,162.686245,1000,10.4,15.68,21.75,0.267
LEG-000459,Ilinvur,Glister,Ilinvur through Vaasa to Darmshall,trail,trail,Pack pony string,False,False,168.115247,1200,14.0,12.04,21.36,0.212
LEG-000459,Ilinvur,Glister,Ilinvur through Vaasa to Darmshall,trail,trail,Mule train,False,False,168.115247,2400,13.3,12.64,40.46,0.201
LEG-000459,Ilinvur,Glister,Ilinvur through Vaasa to Darmshall,trail,trail,Porter company,False,False,168.115247,1000,10.4,16.21,22.48,0.267
LEG-000460,Ilinvur,Teshwave,Citadel of the Raven to Ilinvur,trail,trail,Pack pony string,False,False,297.757831,1200,14.0,21.32,37.82,0.212
LEG-000460,Ilinvur,Teshwave,Citadel of the Raven to Ilinvur,trail,trail,Mule train,False,False,297.757831,2400,13.3,22.39,71.67,0.201
LEG-000460,Ilinvur,Teshwave,Citadel of the Raven to Ilinvur,trail,trail,Porter company,False,False,297.757831,1000,10.4,28.7,39.81,0.267
LEG-000461,Ilipur,Elversult,Proskur via Elversult and Teziir to Westgate,road,road,Ox freight wagon,False,False,41.748054,6000,14.7,2.84,14.5,0.116
LEG-000461,Ilipur,Elversult,Proskur via Elversult and Teziir to Westgate,road,road,Horse freight wagon,False,False,41.748054,4000,20.4,2.05,11.79,0.141
LEG-000461,Ilipur,Elversult,Proskur via Elversult and Teziir to Westgate,road,road,Mule cart,False,False,41.748054,2000,18.4,2.27,5.19,0.124
LEG-000462,Ilipur,Pros,Proskur via Elversult and Teziir to Westgate,road,road,Ox freight wagon,False,False,58.28047,6000,14.7,3.97,20.24,0.116
LEG-000462,Ilipur,Pros,Proskur via Elversult and Teziir to Westgate,road,road,Horse freight wagon,False,False,58.28047,4000,20.4,2.86,16.46,0.141
LEG-000462,Ilipur,Pros,Proskur via Elversult and Teziir to Westgate,road,road,Mule cart,False,False,58.28047,2000,18.4,3.17,7.24,0.124
LEG-000463,Iljak,Mussum,The Vilhon Road,road,road,Vilhon Reach Milk Run,False,False,108.972451,6000,14.7,7.42,37.85,0.116
LEG-000463,Iljak,Mussum,The Vilhon Road,road,road,Horse freight wagon,False,False,108.972451,4000,20.4,5.34,30.77,0.141
LEG-000463,Iljak,Mussum,The Vilhon Road,road,road,Mule cart,False,False,108.972451,2000,18.4,5.94,13.54,0.124
LEG-000464,Iljak,Samra,Iljak junction through Elbulder to Torsh trail,trail,trail,Pack pony string,False,False,24.605894,1200,14.0,1.76,3.13,0.212
LEG-000464,Iljak,Samra,Iljak junction through Elbulder to Torsh trail,trail,trail,Mule train,False,False,24.605894,2400,13.3,1.85,5.92,0.201
LEG-000464,Iljak,Samra,Iljak junction through Elbulder to Torsh trail,trail,trail,Porter company,False,False,24.605894,1000,10.4,2.37,3.29,0.267
LEG-000465,Iljak,Shamph,The Vilhon Road,road,road,Vilhon Reach Milk Run,False,False,26.293763,6000,14.7,1.79,9.13,0.116
LEG-000465,Iljak,Shamph,The Vilhon Road,road,road,Horse freight wagon,False,False,26.293763,4000,20.4,1.29,7.42,0.141
LEG-000465,Iljak,Shamph,The Vilhon Road,road,road,Mule cart,False,False,26.293763,2000,18.4,1.43,3.27,0.124
LEG-000466,Ilmwatch,Uthmere,Trail's End to Ilmwatch road,road,road,Ox freight wagon,False,False,32.442256,6000,14.7,2.21,11.27,0.116
LEG-000466,Ilmwatch,Uthmere,Trail's End to Ilmwatch road,road,road,Horse freight wagon,False,False,32.442256,4000,20.4,1.59,9.16,0.141
LEG-000466,Ilmwatch,Uthmere,Trail's End to Ilmwatch road,road,road,Mule cart,False,False,32.442256,2000,18.4,1.77,4.03,0.124
LEG-000467,Immilmar,Mulptan,Nathoud via Mulptan to Immilmar,trail,trail,Pack pony string,False,False,105.204755,1200,14.0,7.53,13.36,0.212
LEG-000467,Immilmar,Mulptan,Nathoud via Mulptan to Immilmar,trail,trail,Mule train,False,False,105.204755,2400,13.3,7.91,25.32,0.201
LEG-000467,Immilmar,Mulptan,Nathoud via Mulptan to Immilmar,trail,trail,Porter company,False,False,105.204755,1000,10.4,10.14,14.07,0.267
LEG-000468,Imnescar,Brost,Murann to Brost,road,road,Ox freight wagon,False,False,203.620092,6000,14.7,13.86,70.72,0.116
LEG-000468,Imnescar,Brost,Murann to Brost,road,road,Horse freight wagon,False,False,203.620092,4000,20.4,9.98,57.49,0.141
LEG-000468,Imnescar,Brost,Murann to Brost,road,road,Mule cart,False,False,203.620092,2000,18.4,11.09,25.3,0.124
LEG-000469,Imnescar,Murann,Crimmor through Purskul and Imnescar to Mosstone,road,road,Ox freight wagon,False,False,121.884788,6000,14.7,8.3,42.33,0.116
LEG-000469,Imnescar,Murann,Crimmor through Purskul and Imnescar to Mosstone,road,road,Horse freight wagon,False,False,121.884788,4000,20.4,5.97,34.41,0.141
LEG-000469,Imnescar,Murann,Crimmor through Purskul and Imnescar to Mosstone,road,road,Mule cart,False,False,121.884788,2000,18.4,6.64,15.14,0.124
LEG-000470,Imnescar,Purskul,Crimmor through Purskul and Imnescar to Mosstone,road,road,Ox freight wagon,False,False,63.997396,6000,14.7,4.36,22.23,0.116
LEG-000470,Imnescar,Purskul,Crimmor through Purskul and Imnescar to Mosstone,road,road,Horse freight wagon,False,False,63.997396,4000,20.4,3.14,18.07,0.141
LEG-000470,Imnescar,Purskul,Crimmor through Purskul and Imnescar to Mosstone,road,road,Mule cart,False,False,63.997396,2000,18.4,3.49,7.95,0.124
LEG-000471,Innarlith,Derlusk,local market trail,trail,trail,Pack pony string,True,False,211.844188,1200,13.0,16.34,28.98,0.228
LEG-000471,Innarlith,Derlusk,local market trail,trail,trail,Mule train,True,False,211.844188,2400,12.3,17.15,54.91,0.216
LEG-000471,Innarlith,Derlusk,local market trail,trail,trail,Porter company,True,False,211.844188,1000,9.6,21.99,30.51,0.288
LEG-000472,Innarlith,Halarahh,The Halruaan Skyroad,air,air,Gryphon flight,False,False,798.796345,600,110.0,7.26,87.42,0.365
LEG-000472,Innarlith,Halarahh,The Halruaan Skyroad,air,air,Hippogriff flight,False,False,798.796345,450,96.8,8.25,56.59,0.315
LEG-000472,Innarlith,Halarahh,The Halruaan Skyroad,air,air,Giant eagle flight,False,False,798.796345,300,129.8,6.15,49.69,0.415
LEG-000472,Innarlith,Halarahh,The Halruaan Skyroad,air,air,Pegasus courier,False,False,798.796345,200,145.2,5.5,41.41,0.518
LEG-000472,Innarlith,Halarahh,The Halruaan Skyroad,air,air,Halruaan skyship,False,False,798.796345,20000,90.2,8.86,2269.86,0.284
LEG-000473,Innarlith,Kagarr,The Golden Road: Ormpetarr to Innarlith,road,road,Ox freight wagon,False,False,191.290595,6000,14.7,13.02,66.43,0.116
LEG-000473,Innarlith,Kagarr,The Golden Road: Ormpetarr to Innarlith,road,road,Horse freight wagon,False,False,191.290595,4000,20.4,9.38,54.01,0.141
LEG-000473,Innarlith,Kagarr,The Golden Road: Ormpetarr to Innarlith,road,road,Mule cart,False,False,191.290595,2000,18.4,10.42,23.77,0.124
LEG-000474,Innarlith,Lhesper,The Golden Road: Innarlith to Shaarmid,road,road,Ox freight wagon,False,False,294.261202,6000,14.7,20.03,102.2,0.116
LEG-000474,Innarlith,Lhesper,The Golden Road: Innarlith to Shaarmid,road,road,Horse freight wagon,False,False,294.261202,4000,20.4,14.42,83.09,0.141
LEG-000474,Innarlith,Lhesper,The Golden Road: Innarlith to Shaarmid,road,road,Mule cart,False,False,294.261202,2000,18.4,16.03,36.56,0.124
LEG-000475,Innarlith,Torsch,Innarlith to Torsh trail,trail,trail,Pack pony string,False,False,324.476902,1200,14.0,23.24,41.22,0.212
LEG-000475,Innarlith,Torsch,Innarlith to Torsh trail,trail,trail,Mule train,False,False,324.476902,2400,13.3,24.4,78.1,0.201
LEG-000475,Innarlith,Torsch,Innarlith to Torsh trail,trail,trail,Porter company,False,False,324.476902,1000,10.4,31.28,43.39,0.267
LEG-000476,Iriaebor,Asbravn,Iriaebor to Proskur,road,road,Ox freight wagon,False,False,58.539986,6000,14.7,3.99,20.33,0.116
LEG-000476,Iriaebor,Asbravn,Iriaebor to Proskur,road,road,Horse freight wagon,False,False,58.539986,4000,20.4,2.87,16.53,0.141
LEG-000476,Iriaebor,Asbravn,Iriaebor to Proskur,road,road,Mule cart,False,False,58.539986,2000,18.4,3.19,7.27,0.124
LEG-000477,Iriaebor,Berdusk,The Chionthar Road,road,road,Ox freight wagon,False,False,70.998944,6000,19.9,3.57,18.23,0.086
LEG-000477,Iriaebor,Berdusk,The Chionthar Road,road,road,Horse freight wagon,False,False,70.998944,4000,27.6,2.57,14.82,0.104
LEG-000477,Iriaebor,Berdusk,The Chionthar Road,road,road,Mule cart,False,False,70.998944,2000,24.8,2.86,6.52,0.092
LEG-000478,Iriaebor,Easting,Iriaebor to Proskur,road,road,Ox freight wagon,False,False,43.805593,6000,14.7,2.98,15.21,0.116
LEG-000478,Iriaebor,Easting,Iriaebor to Proskur,road,road,Horse freight wagon,False,False,43.805593,4000,20.4,2.15,12.37,0.141
LEG-000478,Iriaebor,Easting,Iriaebor to Proskur,road,road,Mule cart,False,False,43.805593,2000,18.4,2.39,5.44,0.124
LEG-000479,Iriaebor,Hill's Edge,caravan track,track,track,Camel caravan,True,False,171.19337,3000,17.6,9.73,47.31,0.184
LEG-000479,Iriaebor,Hill's Edge,caravan track,track,track,Mule caravan,True,False,171.19337,2400,15.3,11.19,42.05,0.205
LEG-000479,Iriaebor,Hill's Edge,caravan track,track,track,Ox caravan,True,False,171.19337,5000,10.7,15.98,71.84,0.168
LEG-000480,Iriaebor,Priapurl,Trader's Road from Easting through Priapurl to Elversult,road,road,Ox freight wagon,False,False,123.166564,6000,14.7,8.39,42.78,0.116
LEG-000480,Iriaebor,Priapurl,Trader's Road from Easting through Priapurl to Elversult,road,road,Horse freight wagon,False,False,123.166564,4000,20.4,6.04,34.78,0.141
LEG-000480,Iriaebor,Priapurl,Trader's Road from Easting through Priapurl to Elversult,road,road,Mule cart,False,False,123.166564,2000,18.4,6.71,15.3,0.124
LEG-000481,Iriaebor,Proskur,The Chionthar Road,road,road,Ox freight wagon,False,False,147.577364,6000,19.9,7.43,37.88,0.086
LEG-000481,Iriaebor,Proskur,The Chionthar Road,road,road,Horse freight wagon,False,False,147.577364,4000,27.6,5.35,30.8,0.104
LEG-000481,Iriaebor,Proskur,The Chionthar Road,road,road,Mule cart,False,False,147.577364,2000,24.8,5.94,13.55,0.092
LEG-000482,Iriaebor,Scornubel,caravan track,track,track,Camel caravan,True,False,153.040256,3000,17.6,8.7,42.29,0.184
LEG-000482,Iriaebor,Scornubel,caravan track,track,track,Mule caravan,True,False,153.040256,2400,15.3,10.0,37.59,0.205
LEG-000482,Iriaebor,Scornubel,caravan track,track,track,Ox caravan,True,False,153.040256,5000,10.7,14.29,64.22,0.168
LEG-000483,Iron Keep,Caer Calidyrr,local market ferry,ferry,ferry,Cargo ferry,True,False,126.781229,30000,17.6,7.22,233.47,0.123
LEG-000483,Iron Keep,Caer Calidyrr,local market ferry,ferry,ferry,Fast packet,True,False,126.781229,8000,24.4,5.2,85.2,0.168
LEG-000484,Ironfang,Alaghôn,local market trail,trail,trail,Pack pony string,True,False,130.979846,1200,13.0,10.1,17.92,0.228
LEG-000484,Ironfang,Alaghôn,local market trail,trail,trail,Mule train,True,False,130.979846,2400,12.3,10.61,33.95,0.216
LEG-000484,Ironfang,Alaghôn,local market trail,trail,trail,Porter company,True,False,130.979846,1000,9.6,13.6,18.86,0.288
LEG-000485,Ironfang Deep,Dragon Falls,Mulmaster through the Vast toward Procampur,road,road,Ox freight wagon,False,False,248.604088,6000,14.7,16.93,86.34,0.116
LEG-000485,Ironfang Deep,Dragon Falls,Mulmaster through the Vast toward Procampur,road,road,Horse freight wagon,False,False,248.604088,4000,20.4,12.19,70.19,0.141
LEG-000485,Ironfang Deep,Dragon Falls,Mulmaster through the Vast toward Procampur,road,road,Mule cart,False,False,248.604088,2000,18.4,13.54,30.89,0.124
LEG-000486,Ironfang Deep,Elmwood,Mulmaster through the Vast toward Procampur,road,road,Ox freight wagon,False,False,104.683813,6000,14.7,7.13,36.36,0.116
LEG-000486,Ironfang Deep,Elmwood,Mulmaster through the Vast toward Procampur,road,road,Horse freight wagon,False,False,104.683813,4000,20.4,5.13,29.56,0.141
LEG-000486,Ironfang Deep,Elmwood,Mulmaster through the Vast toward Procampur,road,road,Mule cart,False,False,104.683813,2000,18.4,5.7,13.01,0.124
LEG-000487,Ironspur,Heliogabalus,Ironspur to Heliogabalus,trail,trail,Pack pony string,False,False,120.123956,1200,14.0,8.6,15.26,0.212
LEG-000487,Ironspur,Heliogabalus,Ironspur to Heliogabalus,trail,trail,Mule train,False,False,120.123956,2400,13.3,9.03,28.91,0.201
LEG-000487,Ironspur,Heliogabalus,Ironspur to Heliogabalus,trail,trail,Porter company,False,False,120.123956,1000,10.4,11.58,16.06,0.267
LEG-000488,Irphong,Velen,local market ferry,ferry,ferry,Cargo ferry,True,False,100.410806,30000,17.6,5.72,184.91,0.123
LEG-000488,Irphong,Velen,local market ferry,ferry,ferry,Fast packet,True,False,100.410806,8000,24.4,4.12,67.48,0.168
LEG-000489,Ishau,Mezro,local market trail,trail,trail,Pack pony string,True,False,144.105864,1200,13.0,11.11,19.71,0.228
LEG-000489,Ishau,Mezro,local market trail,trail,trail,Mule train,True,False,144.105864,2400,12.3,11.67,37.35,0.216
LEG-000489,Ishau,Mezro,local market trail,trail,trail,Porter company,True,False,144.105864,1000,9.6,14.96,20.75,0.288
LEG-000490,Ithmong,Lapalgard,Ithmong through Lapalgard to Lushpool,trail,trail,Pack pony string,False,False,99.57049,1200,14.0,7.13,12.65,0.212
LEG-000490,Ithmong,Lapalgard,Ithmong through Lapalgard to Lushpool,trail,trail,Mule train,False,False,99.57049,2400,13.3,7.49,23.97,0.201
LEG-000490,Ithmong,Lapalgard,Ithmong through Lapalgard to Lushpool,trail,trail,Porter company,False,False,99.57049,1000,10.4,9.6,13.31,0.267
LEG-000491,Ithmong,Lushpool,Sheirtalar through Lushpool and Ithmong to Sammarash,road,road,Ox freight wagon,False,False,69.487049,6000,14.7,4.73,24.13,0.116
LEG-000491,Ithmong,Lushpool,Sheirtalar through Lushpool and Ithmong to Sammarash,road,road,Horse freight wagon,False,False,69.487049,4000,20.4,3.41,19.62,0.141
LEG-000491,Ithmong,Lushpool,Sheirtalar through Lushpool and Ithmong to Sammarash,road,road,Mule cart,False,False,69.487049,2000,18.4,3.78,8.63,0.124
LEG-000492,Ithmong,Sammarash,Sheirtalar through Lushpool and Ithmong to Sammarash,road,road,Ox freight wagon,False,False,139.293644,6000,14.7,9.48,48.38,0.116
LEG-000492,Ithmong,Sammarash,Sheirtalar through Lushpool and Ithmong to Sammarash,road,road,Horse freight wagon,False,False,139.293644,4000,20.4,6.83,39.33,0.141
LEG-000492,Ithmong,Sammarash,Sheirtalar through Lushpool and Ithmong to Sammarash,road,road,Mule cart,False,False,139.293644,2000,18.4,7.59,17.31,0.124
LEG-000493,Jalanthar,Everlund,caravan track,track,track,Camel caravan,True,False,157.852241,3000,17.6,8.97,43.62,0.184
LEG-000493,Jalanthar,Everlund,caravan track,track,track,Mule caravan,True,False,157.852241,2400,15.3,10.32,38.78,0.205
LEG-000493,Jalanthar,Everlund,caravan track,track,track,Ox caravan,True,False,157.852241,5000,10.7,14.74,66.24,0.168
LEG-000494,Jalanthar,Mirabar,caravan track,track,track,Camel caravan,True,False,177.929902,3000,11.4,15.63,75.99,0.285
LEG-000494,Jalanthar,Mirabar,caravan track,track,track,Mule caravan,True,False,177.929902,2400,9.9,17.97,67.55,0.316
LEG-000494,Jalanthar,Mirabar,caravan track,track,track,Ox caravan,True,False,177.929902,5000,6.9,25.68,115.4,0.259
LEG-000495,Jalanthar,Mithral Hall,caravan track,track,track,Camel caravan,True,False,48.572626,3000,17.6,2.76,13.42,0.184
LEG-000495,Jalanthar,Mithral Hall,caravan track,track,track,Mule caravan,True,False,48.572626,2400,15.3,3.17,11.93,0.205
LEG-000495,Jalanthar,Mithral Hall,caravan track,track,track,Ox caravan,True,False,48.572626,5000,10.7,4.54,20.38,0.168
LEG-000496,Jalanthar,Nesmé,caravan track,track,track,Camel caravan,True,False,28.856368,3000,17.6,1.64,7.97,0.184
LEG-000496,Jalanthar,Nesmé,caravan track,track,track,Mule caravan,True,False,28.856368,2400,15.3,1.89,7.09,0.205
LEG-000496,Jalanthar,Nesmé,caravan track,track,track,Ox caravan,True,False,28.856368,5000,10.7,2.69,12.11,0.168
LEG-000497,Jalanthar,Silverymoon,caravan track,track,track,Camel caravan,True,False,136.531974,3000,17.6,7.76,37.73,0.184
LEG-000497,Jalanthar,Silverymoon,caravan track,track,track,Mule caravan,True,False,136.531974,2400,15.3,8.92,33.54,0.205
LEG-000497,Jalanthar,Silverymoon,caravan track,track,track,Ox caravan,True,False,136.531974,5000,10.7,12.75,57.3,0.168
LEG-000498,Jiyyd,Bildoobaris,Narfell Long Road from Impiltur junction to N'Jast,trail,trail,Pack pony string,False,False,117.899279,1200,14.0,8.44,14.98,0.212
LEG-000498,Jiyyd,Bildoobaris,Narfell Long Road from Impiltur junction to N'Jast,trail,trail,Mule train,False,False,117.899279,2400,13.3,8.86,28.38,0.201
LEG-000498,Jiyyd,Bildoobaris,Narfell Long Road from Impiltur junction to N'Jast,trail,trail,Porter company,False,False,117.899279,1000,10.4,11.36,15.76,0.267
LEG-000499,Jiyyd,Peltarch,Narfell Long Road from Impiltur junction to N'Jast,trail,trail,Pack pony string,False,False,85.813491,1200,14.0,6.14,10.9,0.212
LEG-000499,Jiyyd,Peltarch,Narfell Long Road from Impiltur junction to N'Jast,trail,trail,Mule train,False,False,85.813491,2400,13.3,6.45,20.65,0.201
LEG-000499,Jiyyd,Peltarch,Narfell Long Road from Impiltur junction to N'Jast,trail,trail,Porter company,False,False,85.813491,1000,10.4,8.27,11.47,0.267
LEG-000500,Kagarr,Ankhapur,Ankhapur to Kagarr trail,trail,trail,Pack pony string,False,False,284.453312,1200,14.0,20.37,36.13,0.212
LEG-000500,Kagarr,Ankhapur,Ankhapur to Kagarr trail,trail,trail,Mule train,False,False,284.453312,2400,13.3,21.39,68.46,0.201
LEG-000500,Kagarr,Ankhapur,Ankhapur to Kagarr trail,trail,trail,Porter company,False,False,284.453312,1000,10.4,27.42,38.04,0.267
LEG-000501,Kagarr,Dalelost,Kagarr to Yhep trail,trail,trail,Pack pony string,False,False,216.451614,1200,14.0,15.5,27.5,0.212
LEG-000501,Kagarr,Dalelost,Kagarr to Yhep trail,trail,trail,Mule train,False,False,216.451614,2400,13.3,16.27,52.1,0.201
LEG-000501,Kagarr,Dalelost,Kagarr to Yhep trail,trail,trail,Porter company,False,False,216.451614,1000,10.4,20.86,28.94,0.267
LEG-000502,Kagarr,Innarlith,The Golden Road: Ormpetarr to Innarlith,road,road,Ox freight wagon,False,False,191.290595,6000,14.7,13.02,66.43,0.116
LEG-000502,Kagarr,Innarlith,The Golden Road: Ormpetarr to Innarlith,road,road,Horse freight wagon,False,False,191.290595,4000,20.4,9.38,54.01,0.141
LEG-000502,Kagarr,Innarlith,The Golden Road: Ormpetarr to Innarlith,road,road,Mule cart,False,False,191.290595,2000,18.4,10.42,23.77,0.124
LEG-000503,Kagarr,Ormpetarr,The Golden Road: Ormpetarr to Innarlith,road,road,Ox freight wagon,False,False,98.676667,6000,14.7,6.72,34.27,0.116
LEG-000503,Kagarr,Ormpetarr,The Golden Road: Ormpetarr to Innarlith,road,road,Horse freight wagon,False,False,98.676667,4000,20.4,4.84,27.86,0.141
LEG-000503,Kagarr,Ormpetarr,The Golden Road: Ormpetarr to Innarlith,road,road,Mule cart,False,False,98.676667,2000,18.4,5.37,12.26,0.124
LEG-000504,Keczulla,Eshpurta,Crimmor through Keczulla to Eshpurta,road,road,Ox freight wagon,False,False,85.292176,6000,14.7,5.81,29.62,0.116
LEG-000504,Keczulla,Eshpurta,Crimmor through Keczulla to Eshpurta,road,road,Horse freight wagon,False,False,85.292176,4000,20.4,4.18,24.08,0.141
LEG-000504,Keczulla,Eshpurta,Crimmor through Keczulla to Eshpurta,road,road,Mule cart,False,False,85.292176,2000,18.4,4.65,10.6,0.124
LEG-000505,Keczulla,Esmeltaran,Crimmor through Keczulla to Eshpurta,road,road,Ox freight wagon,False,False,95.285326,6000,14.7,6.49,33.09,0.116
LEG-000505,Keczulla,Esmeltaran,Crimmor through Keczulla to Eshpurta,road,road,Horse freight wagon,False,False,95.285326,4000,20.4,4.67,26.9,0.141
LEG-000505,Keczulla,Esmeltaran,Crimmor through Keczulla to Eshpurta,road,road,Mule cart,False,False,95.285326,2000,18.4,5.19,11.84,0.124
LEG-000506,Khalab,Port Ghaast,Port Ghaast Ferry,ferry,ferry,Cargo ferry,False,False,173.347339,30000,20.2,8.56,276.66,0.106
LEG-000506,Khalab,Port Ghaast,Port Ghaast Ferry,ferry,ferry,Fast packet,False,False,173.347339,8000,28.1,6.16,100.96,0.146
LEG-000507,Khalab,Zindalankh,Skuld via Maerlar toward Khalab,road,road,Ox freight wagon,False,False,87.391426,6000,14.7,5.95,30.35,0.116
LEG-000507,Khalab,Zindalankh,Skuld via Maerlar toward Khalab,road,road,Horse freight wagon,False,False,87.391426,4000,20.4,4.28,24.68,0.141
LEG-000507,Khalab,Zindalankh,Skuld via Maerlar toward Khalab,road,road,Mule cart,False,False,87.391426,2000,18.4,4.76,10.86,0.124
LEG-000508,Kholtar,Eartheart,Shaarmid through Kholtar and Eartheart to Delzimmer,road,road,Ox freight wagon,False,False,91.383197,6000,14.7,6.22,31.74,0.116
LEG-000508,Kholtar,Eartheart,Shaarmid through Kholtar and Eartheart to Delzimmer,road,road,Horse freight wagon,False,False,91.383197,4000,20.4,4.48,25.8,0.141
LEG-000508,Kholtar,Eartheart,Shaarmid through Kholtar and Eartheart to Delzimmer,road,road,Mule cart,False,False,91.383197,2000,18.4,4.98,11.35,0.124
LEG-000509,Kholtar,Shaarmid,Shaarmid through Kholtar and Eartheart to Delzimmer,road,road,Ox freight wagon,False,False,494.190763,6000,14.7,33.65,171.63,0.116
LEG-000509,Kholtar,Shaarmid,Shaarmid through Kholtar and Eartheart to Delzimmer,road,road,Horse freight wagon,False,False,494.190763,4000,20.4,24.23,139.54,0.141
LEG-000509,Kholtar,Shaarmid,Shaarmid through Kholtar and Eartheart to Delzimmer,road,road,Mule cart,False,False,494.190763,2000,18.4,26.92,61.4,0.124
LEG-000510,Kormul,Lhesper,Shaarmid southern road,road,road,Ox freight wagon,False,False,162.786744,6000,14.7,11.08,56.53,0.116
LEG-000510,Kormul,Lhesper,Shaarmid southern road,road,road,Horse freight wagon,False,False,162.786744,4000,20.4,7.98,45.96,0.141
LEG-000510,Kormul,Lhesper,Shaarmid southern road,road,road,Mule cart,False,False,162.786744,2000,18.4,8.87,20.22,0.124
LEG-000511,Kormul,Rethmar,Kormul through Rethmar and Channathgate to Eartheart,road,road,Ox freight wagon,False,False,230.353876,6000,14.7,15.68,80.0,0.116
LEG-000511,Kormul,Rethmar,Kormul through Rethmar and Channathgate to Eartheart,road,road,Horse freight wagon,False,False,230.353876,4000,20.4,11.29,65.04,0.141
LEG-000511,Kormul,Rethmar,Kormul through Rethmar and Channathgate to Eartheart,road,road,Mule cart,False,False,230.353876,2000,18.4,12.55,28.62,0.124
LEG-000512,Kormul,Sheirtalar,Sheirtalar junction through Misty Vale to Kormul,road,road,Ox freight wagon,False,False,307.365365,6000,14.7,20.93,106.75,0.116
LEG-000512,Kormul,Sheirtalar,Sheirtalar junction through Misty Vale to Kormul,road,road,Horse freight wagon,False,False,307.365365,4000,20.4,15.07,86.79,0.141
LEG-000512,Kormul,Sheirtalar,Sheirtalar junction through Misty Vale to Kormul,road,road,Mule cart,False,False,307.365365,2000,18.4,16.74,38.19,0.124
LEG-000513,Krenalir,Chethel,Beluir through Chethel to Krenalir,road,road,Ox freight wagon,False,False,155.191553,6000,14.7,10.57,53.9,0.116
LEG-000513,Krenalir,Chethel,Beluir through Chethel to Krenalir,road,road,Horse freight wagon,False,False,155.191553,4000,20.4,7.61,43.82,0.141
LEG-000513,Krenalir,Chethel,Beluir through Chethel to Krenalir,road,road,Mule cart,False,False,155.191553,2000,18.4,8.45,19.28,0.124
LEG-000514,Kront,Mulsantir,Kront to Two Stars,road,road,Ox freight wagon,False,False,182.420967,6000,14.7,12.42,63.35,0.116
LEG-000514,Kront,Mulsantir,Kront to Two Stars,road,road,Horse freight wagon,False,False,182.420967,4000,20.4,8.94,51.51,0.141
LEG-000514,Kront,Mulsantir,Kront to Two Stars,road,road,Mule cart,False,False,182.420967,2000,18.4,9.94,22.66,0.124
LEG-000515,Kront,The Mucklestones,Kront to Tammar,road,road,Ox freight wagon,False,False,142.275693,6000,14.7,9.69,49.41,0.116
LEG-000515,Kront,The Mucklestones,Kront to Tammar,road,road,Horse freight wagon,False,False,142.275693,4000,20.4,6.97,40.17,0.141
LEG-000515,Kront,The Mucklestones,Kront to Tammar,road,road,Mule cart,False,False,142.275693,2000,18.4,7.75,17.68,0.124
LEG-000516,Kront,Tower of Threespires,Uthmere through the Great Dale to Kront,road,road,Ox freight wagon,False,False,127.437074,6000,14.7,8.68,44.26,0.116
LEG-000516,Kront,Tower of Threespires,Uthmere through the Great Dale to Kront,road,road,Horse freight wagon,False,False,127.437074,4000,20.4,6.25,35.98,0.141
LEG-000516,Kront,Tower of Threespires,Uthmere through the Great Dale to Kront,road,road,Mule cart,False,False,127.437074,2000,18.4,6.94,15.83,0.124
LEG-000517,Lantan,Caer Corwell,Sea of Swords coasting run,sea,sea,Coasting cog,False,False,415.064344,100000,60.2,6.9,849.35,0.041
LEG-000517,Lantan,Caer Corwell,Sea of Swords coasting run,sea,sea,Merchant caravel,False,False,415.064344,180000,71.8,5.78,1415.59,0.038
LEG-000517,Lantan,Caer Corwell,Sea of Swords coasting run,sea,sea,Deep-water galleon,False,False,415.064344,400000,65.0,6.39,2705.35,0.033
LEG-000518,Lantan,Calimport,Calimshan-Lantan Coastal Run,sea,sea,Sword Coast Coasters,False,False,523.997595,100000,66.5,7.88,970.14,0.037
LEG-000518,Lantan,Calimport,Calimshan-Lantan Coastal Run,sea,sea,Merchant caravel,False,False,523.997595,180000,79.4,6.6,1616.91,0.034
LEG-000518,Lantan,Calimport,Calimshan-Lantan Coastal Run,sea,sea,Deep-water galleon,False,False,523.997595,400000,71.8,7.3,3090.09,0.029
LEG-000519,Lantan,Halarahh,The Lantanna Skybridge,air,air,Gryphon flight,False,False,1570.978479,600,99.0,15.87,191.03,0.405
LEG-000519,Lantan,Halarahh,The Lantanna Skybridge,air,air,Hippogriff flight,False,False,1570.978479,450,87.1,18.03,123.67,0.35
LEG-000519,Lantan,Halarahh,The Lantanna Skybridge,air,air,Giant eagle flight,False,False,1570.978479,300,116.8,13.45,108.59,0.461
LEG-000519,Lantan,Halarahh,The Lantanna Skybridge,air,air,Pegasus courier,False,False,1570.978479,200,130.7,12.02,90.49,0.576
LEG-000519,Lantan,Halarahh,The Lantanna Skybridge,air,air,Halruaan skyship,False,False,1570.978479,20000,81.2,19.35,4960.1,0.316
LEG-000520,Lantan,Memnon,The Shining Sea Run,sea,sea,Coasting cog,False,False,402.284588,100000,63.4,6.35,782.04,0.039
LEG-000520,Lantan,Memnon,The Shining Sea Run,sea,sea,Merchant caravel,False,False,402.284588,180000,75.6,5.32,1303.4,0.036
LEG-000520,Lantan,Memnon,The Shining Sea Run,sea,sea,Deep-water galleon,False,False,402.284588,400000,68.4,5.88,2490.95,0.031
LEG-000521,Lantan,Murann,Sea of Swords coasting run,sea,sea,Coasting cog,False,False,371.796087,100000,60.2,6.18,760.81,0.041
LEG-000521,Lantan,Murann,Sea of Swords coasting run,sea,sea,Merchant caravel,False,False,371.796087,180000,71.8,5.18,1268.02,0.038
LEG-000521,Lantan,Murann,Sea of Swords coasting run,sea,sea,Deep-water galleon,False,False,371.796087,400000,65.0,5.72,2423.33,0.033
LEG-000522,Lantan,Nemesser,local market ferry,ferry,ferry,Cargo ferry,True,False,91.915722,30000,17.6,5.24,169.27,0.123
LEG-000522,Lantan,Nemesser,local market ferry,ferry,ferry,Fast packet,True,False,91.915722,8000,24.4,3.77,61.77,0.168
LEG-000523,Lantan,Nimbral,Sea of Swords coasting run,sea,sea,Coasting cog,False,False,261.585053,100000,60.2,4.35,535.29,0.041
LEG-000523,Lantan,Nimbral,Sea of Swords coasting run,sea,sea,Merchant caravel,False,False,261.585053,180000,71.8,3.64,892.14,0.038
LEG-000523,Lantan,Nimbral,Sea of Swords coasting run,sea,sea,Deep-water galleon,False,False,261.585053,400000,65.0,4.03,1704.98,0.033
LEG-000524,Lantan,Port Nyanzaru,Sea of Swords coasting run,sea,sea,Coasting cog,False,False,336.139331,100000,60.2,5.58,687.85,0.041
LEG-000524,Lantan,Port Nyanzaru,Sea of Swords coasting run,sea,sea,Merchant caravel,False,False,336.139331,180000,71.8,4.68,1146.41,0.038
LEG-000524,Lantan,Port Nyanzaru,Sea of Swords coasting run,sea,sea,Deep-water galleon,False,False,336.139331,400000,65.0,5.17,2190.92,0.033
LEG-000525,Lantan,Tashluta,The Shining Sea Run,sea,sea,Coasting cog,False,False,861.017776,100000,63.4,13.59,1673.82,0.039
LEG-000525,Lantan,Tashluta,The Shining Sea Run,sea,sea,Merchant caravel,False,False,861.017776,180000,75.6,11.39,2789.7,0.036
LEG-000525,Lantan,Tashluta,The Shining Sea Run,sea,sea,Deep-water galleon,False,False,861.017776,400000,68.4,12.59,5331.42,0.031
LEG-000526,Lantan,Urbreth,Calimshan-Lantan Coastal Run,sea,sea,Sword Coast Coasters,False,False,961.27986,100000,66.5,14.45,1779.74,0.037
LEG-000526,Lantan,Urbreth,Calimshan-Lantan Coastal Run,sea,sea,Merchant caravel,False,False,961.27986,180000,79.4,12.11,2966.23,0.034
LEG-000526,Lantan,Urbreth,Calimshan-Lantan Coastal Run,sea,sea,Deep-water galleon,False,False,961.27986,400000,71.8,13.38,5668.8,0.029
LEG-000527,Lantan,Velen,Sea of Swords coasting run,sea,sea,Coasting cog,False,False,222.035763,100000,60.2,3.69,454.36,0.041
LEG-000527,Lantan,Velen,Sea of Swords coasting run,sea,sea,Merchant caravel,False,False,222.035763,180000,71.8,3.09,757.26,0.038
LEG-000527,Lantan,Velen,Sea of Swords coasting run,sea,sea,Deep-water galleon,False,False,222.035763,400000,65.0,3.42,1447.21,0.033
LEG-000528,Laothkund,Glarondar,local market trail,trail,trail,Pack pony string,True,False,112.837449,1200,13.0,8.7,15.44,0.228
LEG-000528,Laothkund,Glarondar,local market trail,trail,trail,Mule train,True,False,112.837449,2400,12.3,9.14,29.25,0.216
LEG-000528,Laothkund,Glarondar,local market trail,trail,trail,Porter company,True,False,112.837449,1000,9.6,11.71,16.25,0.288
LEG-000529,Lapalgard,Ithmong,Ithmong through Lapalgard to Lushpool,trail,trail,Pack pony string,False,False,99.57049,1200,14.0,7.13,12.65,0.212
LEG-000529,Lapalgard,Ithmong,Ithmong through Lapalgard to Lushpool,trail,trail,Mule train,False,False,99.57049,2400,13.3,7.49,23.97,0.201
LEG-000529,Lapalgard,Ithmong,Ithmong through Lapalgard to Lushpool,trail,trail,Porter company,False,False,99.57049,1000,10.4,9.6,13.31,0.267
LEG-000530,Lapalgard,Lushpool,Ithmong through Lapalgard to Lushpool,trail,trail,Pack pony string,False,False,77.49866,1200,14.0,5.55,9.84,0.212
LEG-000530,Lapalgard,Lushpool,Ithmong through Lapalgard to Lushpool,trail,trail,Mule train,False,False,77.49866,2400,13.3,5.83,18.65,0.201
LEG-000530,Lapalgard,Lushpool,Ithmong through Lapalgard to Lushpool,trail,trail,Porter company,False,False,77.49866,1000,10.4,7.47,10.36,0.267
LEG-000531,Laviguer,Dilpur,Laviguer to Ilmwatch road junction,road,road,Ox freight wagon,False,False,224.796151,6000,14.7,15.3,78.07,0.116
LEG-000531,Laviguer,Dilpur,Laviguer to Ilmwatch road junction,road,road,Horse freight wagon,False,False,224.796151,4000,20.4,11.02,63.47,0.141
LEG-000531,Laviguer,Dilpur,Laviguer to Ilmwatch road junction,road,road,Mule cart,False,False,224.796151,2000,18.4,12.24,27.93,0.124
LEG-000532,Leilon,Longsaddle,caravan track,track,track,Camel caravan,True,False,147.286999,3000,17.6,8.37,40.7,0.184
LEG-000532,Leilon,Longsaddle,caravan track,track,track,Mule caravan,True,False,147.286999,2400,15.3,9.63,36.18,0.205
LEG-000532,Leilon,Longsaddle,caravan track,track,track,Ox caravan,True,False,147.286999,5000,10.7,13.75,61.81,0.168
LEG-000533,Leilon,Luskan,caravan track,track,track,Camel caravan,True,False,185.571226,3000,17.6,10.55,51.28,0.184
LEG-000533,Leilon,Luskan,caravan track,track,track,Mule caravan,True,False,185.571226,2400,15.3,12.13,45.59,0.205
LEG-000533,Leilon,Luskan,caravan track,track,track,Ox caravan,True,False,185.571226,5000,10.7,17.33,77.87,0.168
LEG-000534,Leilon,Neverwinter,The High Road,road,road,Ox freight wagon,False,False,90.603276,6000,21.6,4.19,21.4,0.079
LEG-000534,Leilon,Neverwinter,The High Road,road,road,Horse freight wagon,False,False,90.603276,4000,30.0,3.02,17.4,0.096
LEG-000534,Leilon,Neverwinter,The High Road,road,road,Mule cart,False,False,90.603276,2000,27.0,3.36,7.65,0.084
LEG-000535,Leilon,Phandalin,caravan track,track,track,Camel caravan,True,False,66.672108,3000,17.6,3.79,18.43,0.184
LEG-000535,Leilon,Phandalin,caravan track,track,track,Mule caravan,True,False,66.672108,2400,15.3,4.36,16.38,0.205
LEG-000535,Leilon,Phandalin,caravan track,track,track,Ox caravan,True,False,66.672108,5000,10.7,6.23,27.98,0.168
LEG-000536,Leilon,Port Llast,caravan track,track,track,Camel caravan,True,False,117.851135,3000,17.6,6.7,32.57,0.184
LEG-000536,Leilon,Port Llast,caravan track,track,track,Mule caravan,True,False,117.851135,2400,15.3,7.7,28.95,0.205
LEG-000536,Leilon,Port Llast,caravan track,track,track,Ox caravan,True,False,117.851135,5000,10.7,11.0,49.46,0.168
LEG-000537,Leilon,Waterdeep,The High Road,road,road,Ox freight wagon,False,False,232.216476,6000,21.6,10.75,54.84,0.079
LEG-000537,Leilon,Waterdeep,The High Road,road,road,Horse freight wagon,False,False,232.216476,4000,30.0,7.74,44.59,0.096
LEG-000537,Leilon,Waterdeep,The High Road,road,road,Mule cart,False,False,232.216476,2000,27.0,8.6,19.62,0.084
LEG-000538,Lheshayl,Elversult,Dragon Coast trail to Shining Plains road,trail,trail,Pack pony string,False,False,410.131227,1200,14.0,29.37,52.1,0.212
LEG-000538,Lheshayl,Elversult,Dragon Coast trail to Shining Plains road,trail,trail,Mule train,False,False,410.131227,2400,13.3,30.84,98.71,0.201
LEG-000538,Lheshayl,Elversult,Dragon Coast trail to Shining Plains road,trail,trail,Porter company,False,False,410.131227,1000,10.4,39.53,54.84,0.267
LEG-000539,Lheshayl,Ormath,The Shining Plains Road,road,road,Ox freight wagon,False,False,84.693565,6000,17.3,4.9,25.0,0.098
LEG-000539,Lheshayl,Ormath,The Shining Plains Road,road,road,Horse freight wagon,False,False,84.693565,4000,24.0,3.53,20.33,0.12
LEG-000539,Lheshayl,Ormath,The Shining Plains Road,road,road,Mule cart,False,False,84.693565,2000,21.6,3.92,8.94,0.106
LEG-000540,Lheshayl,Riatavin,The Shining Plains Road,road,road,Ox freight wagon,False,False,385.902799,6000,17.3,22.33,113.92,0.098
LEG-000540,Lheshayl,Riatavin,The Shining Plains Road,road,road,Horse freight wagon,False,False,385.902799,4000,24.0,16.08,92.62,0.12
LEG-000540,Lheshayl,Riatavin,The Shining Plains Road,road,road,Mule cart,False,False,385.902799,2000,21.6,17.87,40.75,0.106
LEG-000541,Lhesper,Innarlith,The Golden Road: Innarlith to Shaarmid,road,road,Ox freight wagon,False,False,294.261202,6000,14.7,20.03,102.2,0.116
LEG-000541,Lhesper,Innarlith,The Golden Road: Innarlith to Shaarmid,road,road,Horse freight wagon,False,False,294.261202,4000,20.4,14.42,83.09,0.141
LEG-000541,Lhesper,Innarlith,The Golden Road: Innarlith to Shaarmid,road,road,Mule cart,False,False,294.261202,2000,18.4,16.03,36.56,0.124
LEG-000542,Lhesper,Kormul,Shaarmid southern road,road,road,Ox freight wagon,False,False,162.786744,6000,14.7,11.08,56.53,0.116
LEG-000542,Lhesper,Kormul,Shaarmid southern road,road,road,Horse freight wagon,False,False,162.786744,4000,20.4,7.98,45.96,0.141
LEG-000542,Lhesper,Kormul,Shaarmid southern road,road,road,Mule cart,False,False,162.786744,2000,18.4,8.87,20.22,0.124
LEG-000543,Lhesper,Shaarmid,Shaarmid southern road,road,road,Ox freight wagon,False,False,58.986439,6000,14.7,4.02,20.49,0.116
LEG-000543,Lhesper,Shaarmid,Shaarmid southern road,road,road,Horse freight wagon,False,False,58.986439,4000,20.4,2.89,16.65,0.141
LEG-000543,Lhesper,Shaarmid,Shaarmid southern road,road,road,Mule cart,False,False,58.986439,2000,18.4,3.21,7.33,0.124
LEG-000544,Llewellyn,Caer Corwell,local market ferry,ferry,ferry,Cargo ferry,True,False,120.546837,30000,17.6,6.87,221.99,0.123
LEG-000544,Llewellyn,Caer Corwell,local market ferry,ferry,ferry,Fast packet,True,False,120.546837,8000,24.4,4.95,81.01,0.168
LEG-000545,Llorkh,Loudwater,The Delimbiyr Route,road,road,Ox freight wagon,False,False,98.4801,6000,14.7,6.7,34.2,0.116
LEG-000545,Llorkh,Loudwater,The Delimbiyr Route,road,road,Horse freight wagon,False,False,98.4801,4000,20.4,4.83,27.81,0.141
LEG-000545,Llorkh,Loudwater,The Delimbiyr Route,road,road,Mule cart,False,False,98.4801,2000,18.4,5.36,12.23,0.124
LEG-000546,Llorkh,Parnast,The Delimbiyr Route,road,road,Ox freight wagon,False,False,147.312491,6000,14.7,10.03,51.16,0.116
LEG-000546,Llorkh,Parnast,The Delimbiyr Route,road,road,Horse freight wagon,False,False,147.312491,4000,20.4,7.22,41.59,0.141
LEG-000546,Llorkh,Parnast,The Delimbiyr Route,road,road,Mule cart,False,False,147.312491,2000,18.4,8.02,18.3,0.124
LEG-000547,Llorkh,Shade,Black Road across Anauroch to Dagger Falls,trail,trail,Pack pony string,False,False,529.859165,1200,14.0,37.94,67.31,0.212
LEG-000547,Llorkh,Shade,Black Road across Anauroch to Dagger Falls,trail,trail,Mule train,False,False,529.859165,2400,13.3,39.84,127.53,0.201
LEG-000547,Llorkh,Shade,Black Road across Anauroch to Dagger Falls,trail,trail,Porter company,False,False,529.859165,1000,10.4,51.08,70.85,0.267
LEG-000548,Llorkh,Sshamath,Sshamath Deep Way,tunnel+trail,tunnel,Rothe caravan,True,True,379.198761,4000,3.9,96.34,367.44,0.484
LEG-000548,Llorkh,Sshamath,Sshamath Deep Way,tunnel+trail,tunnel,Deep mule train,True,True,379.198761,1800,4.8,79.0,194.53,0.57
LEG-000548,Llorkh,Sshamath,Sshamath Deep Way,tunnel+trail,tunnel,Porter company,True,True,379.198761,900,3.8,98.75,116.72,0.684
LEG-000548,Llorkh,Sshamath,Sshamath Deep Way,tunnel+trail,trail,Pack pony string,True,True,379.198761,1200,8.0,47.52,84.3,0.37
LEG-000548,Llorkh,Sshamath,Sshamath Deep Way,tunnel+trail,trail,Mule train,True,True,379.198761,2400,7.6,49.89,159.72,0.351
LEG-000548,Llorkh,Sshamath,Sshamath Deep Way,tunnel+trail,trail,Porter company,True,True,379.198761,1000,5.9,63.97,88.73,0.468
LEG-000549,Llorkh,Triel,The Dusk Road,road,road,Ox freight wagon,False,False,386.776887,6000,14.7,26.33,134.33,0.116
LEG-000549,Llorkh,Triel,The Dusk Road,road,road,Horse freight wagon,False,False,386.776887,4000,20.4,18.96,109.21,0.141
LEG-000549,Llorkh,Triel,The Dusk Road,road,road,Mule cart,False,False,386.776887,2000,18.4,21.07,48.05,0.124
LEG-000550,Lonelywood,Bryn Shander,caravan track,track,track,Camel caravan,True,False,29.873902,3000,17.6,1.7,8.26,0.184
LEG-000550,Lonelywood,Bryn Shander,caravan track,track,track,Mule caravan,True,False,29.873902,2400,15.3,1.95,7.34,0.205
LEG-000550,Lonelywood,Bryn Shander,caravan track,track,track,Ox caravan,True,False,29.873902,5000,10.7,2.79,12.54,0.168
LEG-000551,Lonelywood,Easthaven,caravan track,track,track,Camel caravan,True,False,53.525041,3000,17.6,3.04,14.79,0.184
LEG-000551,Lonelywood,Easthaven,caravan track,track,track,Mule caravan,True,False,53.525041,2400,15.3,3.5,13.15,0.205
LEG-000551,Lonelywood,Easthaven,caravan track,track,track,Ox caravan,True,False,53.525041,5000,10.7,5.0,22.46,0.168
LEG-000552,Lonelywood,Targos,caravan track,track,track,Camel caravan,True,False,25.057733,3000,17.6,1.42,6.92,0.184
LEG-000552,Lonelywood,Targos,caravan track,track,track,Mule caravan,True,False,25.057733,2400,15.3,1.64,6.16,0.205
LEG-000552,Lonelywood,Targos,caravan track,track,track,Ox caravan,True,False,25.057733,5000,10.7,2.34,10.52,0.168
LEG-000553,Lonelywood,Termalaine,caravan track,track,track,Camel caravan,True,False,14.650939,3000,17.6,0.83,4.05,0.184
LEG-000553,Lonelywood,Termalaine,caravan track,track,track,Mule caravan,True,False,14.650939,2400,15.3,0.96,3.6,0.205
LEG-000553,Lonelywood,Termalaine,caravan track,track,track,Ox caravan,True,False,14.650939,5000,10.7,1.37,6.15,0.168
LEG-000554,Longsaddle,Leilon,caravan track,track,track,Camel caravan,True,False,147.286999,3000,17.6,8.37,40.7,0.184
LEG-000554,Longsaddle,Leilon,caravan track,track,track,Mule caravan,True,False,147.286999,2400,15.3,9.63,36.18,0.205
LEG-000554,Longsaddle,Leilon,caravan track,track,track,Ox caravan,True,False,147.286999,5000,10.7,13.75,61.81,0.168
LEG-000555,Longsaddle,Luskan,caravan track,track,track,Camel caravan,True,False,202.614165,3000,17.6,11.52,55.99,0.184
LEG-000555,Longsaddle,Luskan,caravan track,track,track,Mule caravan,True,False,202.614165,2400,15.3,13.24,49.77,0.205
LEG-000555,Longsaddle,Luskan,caravan track,track,track,Ox caravan,True,False,202.614165,5000,10.7,18.92,85.03,0.168
LEG-000556,Longsaddle,Mirabar,The Long Road,road,road,Ox freight wagon,False,False,161.078123,6000,19.0,8.47,43.23,0.089
LEG-000556,Longsaddle,Mirabar,The Long Road,road,road,Horse freight wagon,False,False,161.078123,4000,26.4,6.1,35.14,0.109
LEG-000556,Longsaddle,Mirabar,The Long Road,road,road,Mule cart,False,False,161.078123,2000,23.8,6.78,15.46,0.096
LEG-000557,Longsaddle,Phandalin,caravan track,track,track,Camel caravan,True,False,118.022074,3000,17.6,6.71,32.62,0.184
LEG-000557,Longsaddle,Phandalin,caravan track,track,track,Mule caravan,True,False,118.022074,2400,15.3,7.71,28.99,0.205
LEG-000557,Longsaddle,Phandalin,caravan track,track,track,Ox caravan,True,False,118.022074,5000,10.7,11.02,49.53,0.168
LEG-000558,Longsaddle,Port Llast,caravan track,track,track,Camel caravan,True,False,160.256201,3000,17.6,9.11,44.29,0.184
LEG-000558,Longsaddle,Port Llast,caravan track,track,track,Mule caravan,True,False,160.256201,2400,15.3,10.47,39.37,0.205
LEG-000558,Longsaddle,Port Llast,caravan track,track,track,Ox caravan,True,False,160.256201,5000,10.7,14.96,67.25,0.168
LEG-000559,Longsaddle,Triboar,The Long Road,road,road,Ox freight wagon,False,False,137.300785,6000,19.0,7.22,36.85,0.089
LEG-000559,Longsaddle,Triboar,The Long Road,road,road,Horse freight wagon,False,False,137.300785,4000,26.4,5.2,29.96,0.109
LEG-000559,Longsaddle,Triboar,The Long Road,road,road,Mule cart,False,False,137.300785,2000,23.8,5.78,13.18,0.096
LEG-000560,Longsaddle,Yartar,Long Road: Mirabar to Waterdeep,road,road,Ox freight wagon,False,False,183.024217,6000,14.7,12.46,63.56,0.116
LEG-000560,Longsaddle,Yartar,Long Road: Mirabar to Waterdeep,road,road,Horse freight wagon,False,False,183.024217,4000,20.4,8.97,51.68,0.141
LEG-000560,Longsaddle,Yartar,Long Road: Mirabar to Waterdeep,road,road,Mule cart,False,False,183.024217,2000,18.4,9.97,22.74,0.124
LEG-000561,Loudwater,Llorkh,The Delimbiyr Route,road,road,Ox freight wagon,False,False,98.4801,6000,14.7,6.7,34.2,0.116
LEG-000561,Loudwater,Llorkh,The Delimbiyr Route,road,road,Horse freight wagon,False,False,98.4801,4000,20.4,4.83,27.81,0.141
LEG-000561,Loudwater,Llorkh,The Delimbiyr Route,road,road,Mule cart,False,False,98.4801,2000,18.4,5.36,12.23,0.124
LEG-000562,Loudwater,Secomber,The Delimbiyr Route,road,road,Ox freight wagon,False,False,122.457013,6000,14.7,8.34,42.53,0.116
LEG-000562,Loudwater,Secomber,The Delimbiyr Route,road,road,Horse freight wagon,False,False,122.457013,4000,20.4,6.0,34.58,0.141
LEG-000562,Loudwater,Secomber,The Delimbiyr Route,road,road,Mule cart,False,False,122.457013,2000,18.4,6.67,15.21,0.124
LEG-000563,Lundeth,Tashluta,local market trail,trail,trail,Pack pony string,True,False,212.617262,1200,13.0,16.4,29.09,0.228
LEG-000563,Lundeth,Tashluta,local market trail,trail,trail,Mule train,True,False,212.617262,2400,12.3,17.22,55.11,0.216
LEG-000563,Lundeth,Tashluta,local market trail,trail,trail,Porter company,True,False,212.617262,1000,9.6,22.07,30.62,0.288
LEG-000564,Lushpool,Ithmong,Sheirtalar through Lushpool and Ithmong to Sammarash,road,road,Ox freight wagon,False,False,69.487049,6000,14.7,4.73,24.13,0.116
LEG-000564,Lushpool,Ithmong,Sheirtalar through Lushpool and Ithmong to Sammarash,road,road,Horse freight wagon,False,False,69.487049,4000,20.4,3.41,19.62,0.141
LEG-000564,Lushpool,Ithmong,Sheirtalar through Lushpool and Ithmong to Sammarash,road,road,Mule cart,False,False,69.487049,2000,18.4,3.78,8.63,0.124
LEG-000565,Lushpool,Lapalgard,Ithmong through Lapalgard to Lushpool,trail,trail,Pack pony string,False,False,77.49866,1200,14.0,5.55,9.84,0.212
LEG-000565,Lushpool,Lapalgard,Ithmong through Lapalgard to Lushpool,trail,trail,Mule train,False,False,77.49866,2400,13.3,5.83,18.65,0.201
LEG-000565,Lushpool,Lapalgard,Ithmong through Lapalgard to Lushpool,trail,trail,Porter company,False,False,77.49866,1000,10.4,7.47,10.36,0.267
LEG-000566,Lushpool,Sheirtalar,Sheirtalar through Lushpool and Ithmong to Sammarash,road,road,Ox freight wagon,False,False,228.370781,6000,14.7,15.55,79.31,0.116
LEG-000566,Lushpool,Sheirtalar,Sheirtalar through Lushpool and Ithmong to Sammarash,road,road,Horse freight wagon,False,False,228.370781,4000,20.4,11.19,64.48,0.141
LEG-000566,Lushpool,Sheirtalar,Sheirtalar through Lushpool and Ithmong to Sammarash,road,road,Mule cart,False,False,228.370781,2000,18.4,12.44,28.37,0.124
LEG-000567,Luskan,Bryn Shander,The Ten Trail,trail+ferry,trail,Pack pony string,False,True,589.730523,1200,11.0,53.75,95.34,0.269
LEG-000567,Luskan,Bryn Shander,The Ten Trail,trail+ferry,trail,Mule train,False,True,589.730523,2400,10.5,56.43,180.65,0.255
LEG-000567,Luskan,Bryn Shander,The Ten Trail,trail+ferry,trail,Porter company,False,True,589.730523,1000,8.2,72.35,100.36,0.34
LEG-000567,Luskan,Bryn Shander,The Ten Trail,trail+ferry,ferry,Cargo ferry,False,True,589.730523,30000,14.9,39.71,1283.47,0.145
LEG-000567,Luskan,Bryn Shander,The Ten Trail,trail+ferry,ferry,Fast packet,False,True,589.730523,8000,20.6,28.59,468.35,0.199
LEG-000568,Luskan,Leilon,caravan track,track,track,Camel caravan,True,False,185.571226,3000,17.6,10.55,51.28,0.184
LEG-000568,Luskan,Leilon,caravan track,track,track,Mule caravan,True,False,185.571226,2400,15.3,12.13,45.59,0.205
LEG-000568,Luskan,Leilon,caravan track,track,track,Ox caravan,True,False,185.571226,5000,10.7,17.33,77.87,0.168
LEG-000569,Luskan,Longsaddle,caravan track,track,track,Camel caravan,True,False,202.614165,3000,17.6,11.52,55.99,0.184
LEG-000569,Luskan,Longsaddle,caravan track,track,track,Mule caravan,True,False,202.614165,2400,15.3,13.24,49.77,0.205
LEG-000569,Luskan,Longsaddle,caravan track,track,track,Ox caravan,True,False,202.614165,5000,10.7,18.92,85.03,0.168
LEG-000570,Luskan,Mirabar,Luskan to Mirabar,road,road,Ox freight wagon,False,False,221.592158,6000,14.7,15.09,76.96,0.116
LEG-000570,Luskan,Mirabar,Luskan to Mirabar,road,road,Horse freight wagon,False,False,221.592158,4000,20.4,10.86,62.57,0.141
LEG-000570,Luskan,Mirabar,Luskan to Mirabar,road,road,Mule cart,False,False,221.592158,2000,18.4,12.07,27.53,0.124
LEG-000571,Luskan,Neverwinter,caravan track,track,track,Camel caravan,True,False,126.281313,3000,17.6,7.18,34.9,0.184
LEG-000571,Luskan,Neverwinter,caravan track,track,track,Mule caravan,True,False,126.281313,2400,15.3,8.25,31.02,0.205
LEG-000571,Luskan,Neverwinter,caravan track,track,track,Ox caravan,True,False,126.281313,5000,10.7,11.79,52.99,0.168
LEG-000572,Luskan,Port Llast,The Sword Coast Run,sea,sea,Coasting cog,False,False,67.735441,100000,76.0,0.89,109.73,0.032
LEG-000572,Luskan,Port Llast,The Sword Coast Run,sea,sea,Merchant caravel,False,False,67.735441,180000,90.7,0.75,182.89,0.03
LEG-000572,Luskan,Port Llast,The Sword Coast Run,sea,sea,Deep-water galleon,False,False,67.735441,400000,82.1,0.83,349.51,0.026
LEG-000573,Luskan,Ruathym,Sea of Swords coasting run,sea,sea,Coasting cog,False,False,301.833414,100000,60.2,5.01,617.65,0.041
LEG-000573,Luskan,Ruathym,Sea of Swords coasting run,sea,sea,Merchant caravel,False,False,301.833414,180000,71.8,4.2,1029.41,0.038
LEG-000573,Luskan,Ruathym,Sea of Swords coasting run,sea,sea,Deep-water galleon,False,False,301.833414,400000,65.0,4.65,1967.32,0.033
LEG-000574,Luthcheq,Airspur,caravan track,track,track,Camel caravan,True,False,225.718852,3000,17.6,12.83,62.38,0.184
LEG-000574,Luthcheq,Airspur,caravan track,track,track,Mule caravan,True,False,225.718852,2400,15.3,14.75,55.45,0.205
LEG-000574,Luthcheq,Airspur,caravan track,track,track,Ox caravan,True,False,225.718852,5000,10.7,21.08,94.72,0.168
LEG-000575,Luthcheq,Cimbar,The Eastern Shaar Road,road,road,Ox freight wagon,False,False,168.547475,6000,17.3,9.75,49.76,0.098
LEG-000575,Luthcheq,Cimbar,The Eastern Shaar Road,road,road,Horse freight wagon,False,False,168.547475,4000,24.0,7.02,40.45,0.12
LEG-000575,Luthcheq,Cimbar,The Eastern Shaar Road,road,road,Mule cart,False,False,168.547475,2000,21.6,7.8,17.8,0.106
LEG-000576,Luthcheq,Messemprar,The Eastern Shaar Road,road,road,Ox freight wagon,False,False,295.240055,6000,17.3,17.09,87.15,0.098
LEG-000576,Luthcheq,Messemprar,The Eastern Shaar Road,road,road,Horse freight wagon,False,False,295.240055,4000,24.0,12.3,70.86,0.12
LEG-000576,Luthcheq,Messemprar,The Eastern Shaar Road,road,road,Mule cart,False,False,295.240055,2000,21.6,13.67,31.18,0.106
LEG-000577,Luthcheq,Mordulkin,Airspur through Cimbar and Soorenar to Mordulkin,road,road,Ox freight wagon,False,False,134.419854,6000,14.7,9.15,46.68,0.116
LEG-000577,Luthcheq,Mordulkin,Airspur through Cimbar and Soorenar to Mordulkin,road,road,Horse freight wagon,False,False,134.419854,4000,20.4,6.59,37.95,0.141
LEG-000577,Luthcheq,Mordulkin,Airspur through Cimbar and Soorenar to Mordulkin,road,road,Mule cart,False,False,134.419854,2000,18.4,7.32,16.7,0.124
LEG-000578,Luthcheq,Soorenar,Airspur through Cimbar and Soorenar to Mordulkin,road,road,Ox freight wagon,False,False,117.71007,6000,14.7,8.01,40.88,0.116
LEG-000578,Luthcheq,Soorenar,Airspur through Cimbar and Soorenar to Mordulkin,road,road,Horse freight wagon,False,False,117.71007,4000,20.4,5.77,33.24,0.141
LEG-000578,Luthcheq,Soorenar,Airspur through Cimbar and Soorenar to Mordulkin,road,road,Mule cart,False,False,117.71007,2000,18.4,6.41,14.62,0.124
LEG-000579,Lyrabar,Airspur,Sea of Fallen Stars coasting run,sea,sea,Coasting cog,False,False,450.38811,100000,60.2,7.48,921.64,0.041
LEG-000579,Lyrabar,Airspur,Sea of Fallen Stars coasting run,sea,sea,Merchant caravel,False,False,450.38811,180000,71.8,6.27,1536.06,0.038
LEG-000579,Lyrabar,Airspur,Sea of Fallen Stars coasting run,sea,sea,Deep-water galleon,False,False,450.38811,400000,65.0,6.93,2935.58,0.033
LEG-000580,Lyrabar,Hlammach,Sarshel to Hlammach and Lyrabar,road,road,Ox freight wagon,False,False,53.204515,6000,14.7,3.62,18.48,0.116
LEG-000580,Lyrabar,Hlammach,Sarshel to Hlammach and Lyrabar,road,road,Horse freight wagon,False,False,53.204515,4000,20.4,2.61,15.02,0.141
LEG-000580,Lyrabar,Hlammach,Sarshel to Hlammach and Lyrabar,road,road,Mule cart,False,False,53.204515,2000,18.4,2.9,6.61,0.124
LEG-000581,Lyrabar,Procampur,caravan track,track,track,Camel caravan,True,False,149.177813,3000,14.5,10.3,50.06,0.224
LEG-000581,Lyrabar,Procampur,caravan track,track,track,Mule caravan,True,False,149.177813,2400,12.6,11.84,44.5,0.249
LEG-000581,Lyrabar,Procampur,caravan track,track,track,Ox caravan,True,False,149.177813,5000,8.8,16.91,76.02,0.204
LEG-000582,Lyrabar,Ravens Bluff,The Inner Sea Run,sea,sea,Coasting cog,False,False,171.812136,100000,76.0,2.26,278.34,0.032
LEG-000582,Lyrabar,Ravens Bluff,The Inner Sea Run,sea,sea,Merchant caravel,False,False,171.812136,180000,90.7,1.89,463.89,0.03
LEG-000582,Lyrabar,Ravens Bluff,The Inner Sea Run,sea,sea,Deep-water galleon,False,False,171.812136,400000,82.1,2.09,886.55,0.026
LEG-000583,Lyrabar,Tantras,The Vast Road,road,road,Ox freight wagon,False,False,214.307559,6000,18.1,11.81,60.25,0.094
LEG-000583,Lyrabar,Tantras,The Vast Road,road,road,Horse freight wagon,False,False,214.307559,4000,25.2,8.5,48.98,0.114
LEG-000583,Lyrabar,Tantras,The Vast Road,road,road,Mule cart,False,False,214.307559,2000,22.7,9.45,21.55,0.101
LEG-000584,Lyrabar,Telflamm,The Inner Sea Run,sea,sea,Coasting cog,False,False,232.13621,100000,76.0,3.05,376.06,0.032
LEG-000584,Lyrabar,Telflamm,The Inner Sea Run,sea,sea,Merchant caravel,False,False,232.13621,180000,90.7,2.56,626.77,0.03
LEG-000584,Lyrabar,Telflamm,The Inner Sea Run,sea,sea,Deep-water galleon,False,False,232.13621,400000,82.1,2.83,1197.82,0.026
LEG-000585,Lyrabar,Tsurlagol,Sea of Fallen Stars coasting run,sea,sea,Coasting cog,False,False,104.022353,100000,60.2,1.73,212.86,0.041
LEG-000585,Lyrabar,Tsurlagol,Sea of Fallen Stars coasting run,sea,sea,Merchant caravel,False,False,104.022353,180000,71.8,1.45,354.77,0.038
LEG-000585,Lyrabar,Tsurlagol,Sea of Fallen Stars coasting run,sea,sea,Deep-water galleon,False,False,104.022353,400000,65.0,1.6,678.01,0.033
LEG-000586,Lyrabar,Velprintalar,Sea of Fallen Stars coasting run,sea,sea,Coasting cog,False,False,294.768859,100000,60.2,4.9,603.19,0.041
LEG-000586,Lyrabar,Velprintalar,Sea of Fallen Stars coasting run,sea,sea,Merchant caravel,False,False,294.768859,180000,71.8,4.1,1005.32,0.038
LEG-000586,Lyrabar,Velprintalar,Sea of Fallen Stars coasting run,sea,sea,Deep-water galleon,False,False,294.768859,400000,65.0,4.54,1921.27,0.033
LEG-000587,Maarlith,Cathyr,Cathyr to Maarlith trail,trail,trail,Pack pony string,False,False,178.142144,1200,14.0,12.76,22.63,0.212
LEG-000587,Maarlith,Cathyr,Cathyr to Maarlith trail,trail,trail,Mule train,False,False,178.142144,2400,13.3,13.39,42.88,0.201
LEG-000587,Maarlith,Cathyr,Cathyr to Maarlith trail,trail,trail,Porter company,False,False,178.142144,1000,10.4,17.17,23.82,0.267
LEG-000588,Maerlar,Phannaskul,Skuld via Maerlar toward Khalab,road,road,Ox freight wagon,False,False,365.125321,6000,14.7,24.86,126.81,0.116
LEG-000588,Maerlar,Phannaskul,Skuld via Maerlar toward Khalab,road,road,Horse freight wagon,False,False,365.125321,4000,20.4,17.9,103.09,0.141
LEG-000588,Maerlar,Phannaskul,Skuld via Maerlar toward Khalab,road,road,Mule cart,False,False,365.125321,2000,18.4,19.89,45.36,0.124
LEG-000589,Maerlar,Rauthil,Rauthil to Maerlar,trail,trail,Pack pony string,False,False,97.298206,1200,14.0,6.97,12.36,0.212
LEG-000589,Maerlar,Rauthil,Rauthil to Maerlar,trail,trail,Mule train,False,False,97.298206,2400,13.3,7.32,23.42,0.201
LEG-000589,Maerlar,Rauthil,Rauthil to Maerlar,trail,trail,Porter company,False,False,97.298206,1000,10.4,9.38,13.01,0.267
LEG-000590,Maerlar,Skuld,Skuld via Maerlar toward Khalab,road,road,Ox freight wagon,False,False,154.650642,6000,14.7,10.53,53.71,0.116
LEG-000590,Maerlar,Skuld,Skuld via Maerlar toward Khalab,road,road,Horse freight wagon,False,False,154.650642,4000,20.4,7.58,43.67,0.141
LEG-000590,Maerlar,Skuld,Skuld via Maerlar toward Khalab,road,road,Mule cart,False,False,154.650642,2000,18.4,8.42,19.21,0.124
LEG-000591,Manshaka,Schamedar,Manshaka through Schamedar toward Almraiven,trail,trail,Pack pony string,False,False,45.88557,1200,14.0,3.29,5.83,0.212
LEG-000591,Manshaka,Schamedar,Manshaka through Schamedar toward Almraiven,trail,trail,Mule train,False,False,45.88557,2400,13.3,3.45,11.04,0.201
LEG-000591,Manshaka,Schamedar,Manshaka through Schamedar toward Almraiven,trail,trail,Porter company,False,False,45.88557,1000,10.4,4.42,6.14,0.267
LEG-000592,Mantol-Derith,Blingdenstone,Underdark passage,tunnel,tunnel,Rothe caravan,True,False,31.228513,4000,8.4,3.73,14.24,0.228
LEG-000592,Mantol-Derith,Blingdenstone,Underdark passage,tunnel,tunnel,Deep mule train,True,False,31.228513,1800,10.2,3.06,7.54,0.268
LEG-000592,Mantol-Derith,Blingdenstone,Underdark passage,tunnel,tunnel,Porter company,True,False,31.228513,900,8.2,3.83,4.52,0.322
LEG-000593,Mantol-Derith,Gracklstugh,Underdark passage,tunnel,tunnel,Rothe caravan,True,False,35.088602,4000,8.4,4.2,16.0,0.228
LEG-000593,Mantol-Derith,Gracklstugh,Underdark passage,tunnel,tunnel,Deep mule train,True,False,35.088602,1800,10.2,3.44,8.47,0.268
LEG-000593,Mantol-Derith,Gracklstugh,Underdark passage,tunnel,tunnel,Porter company,True,False,35.088602,900,8.2,4.3,5.08,0.322
LEG-000594,Mantol-Derith,Menzoberranzan,Underdark passage,tunnel,tunnel,Rothe caravan,True,False,35.618254,4000,8.4,4.26,16.24,0.228
LEG-000594,Mantol-Derith,Menzoberranzan,Underdark passage,tunnel,tunnel,Deep mule train,True,False,35.618254,1800,10.2,3.49,8.6,0.268
LEG-000594,Mantol-Derith,Menzoberranzan,Underdark passage,tunnel,tunnel,Porter company,True,False,35.618254,900,8.2,4.36,5.16,0.322
LEG-000595,Mantol-Derith,Sshamath,The Deepdark Road,tunnel,tunnel,Rothe caravan,True,False,818.154173,4000,4.9,166.29,634.23,0.388
LEG-000595,Mantol-Derith,Sshamath,The Deepdark Road,tunnel,tunnel,Deep mule train,True,False,818.154173,1800,6.0,136.36,335.77,0.456
LEG-000595,Mantol-Derith,Sshamath,The Deepdark Road,tunnel,tunnel,Porter company,True,False,818.154173,900,4.8,170.45,201.46,0.547
LEG-000596,Marsember,Arabel,Arabel to Suzail,road,road,Ox freight wagon,False,False,109.856979,6000,14.7,7.48,38.15,0.116
LEG-000596,Marsember,Arabel,Arabel to Suzail,road,road,Horse freight wagon,False,False,109.856979,4000,20.4,5.39,31.02,0.141
LEG-000596,Marsember,Arabel,Arabel to Suzail,road,road,Mule cart,False,False,109.856979,2000,18.4,5.98,13.65,0.124
LEG-000597,Marsember,Elversult,caravan track,track,track,Camel caravan,True,False,144.871391,3000,14.5,10.0,48.61,0.224
LEG-000597,Marsember,Elversult,caravan track,track,track,Mule caravan,True,False,144.871391,2400,12.6,11.5,43.21,0.249
LEG-000597,Marsember,Elversult,caravan track,track,track,Ox caravan,True,False,144.871391,5000,8.8,16.43,73.82,0.204
LEG-000598,Marsember,Proskur,caravan track,track,track,Camel caravan,True,False,179.705008,3000,14.5,12.4,60.3,0.224
LEG-000598,Marsember,Proskur,caravan track,track,track,Mule caravan,True,False,179.705008,2400,12.6,14.26,53.6,0.249
LEG-000598,Marsember,Proskur,caravan track,track,track,Ox caravan,True,False,179.705008,5000,8.8,20.37,91.57,0.204
LEG-000599,Marsember,Suzail,The Inner Sea Run,sea,sea,Coasting cog,False,False,35.109116,100000,76.0,0.46,56.88,0.032
LEG-000599,Marsember,Suzail,The Inner Sea Run,sea,sea,Merchant caravel,False,False,35.109116,180000,90.7,0.39,94.79,0.03
LEG-000599,Marsember,Suzail,The Inner Sea Run,sea,sea,Deep-water galleon,False,False,35.109116,400000,82.1,0.43,181.16,0.026
LEG-000600,Marsember,Teziir,The Dragonmere,sea,sea,Coasting cog,False,False,114.951686,100000,72.9,1.58,194.32,0.034
LEG-000600,Marsember,Teziir,The Dragonmere,sea,sea,Merchant caravel,False,False,114.951686,180000,86.9,1.32,323.86,0.031
LEG-000600,Marsember,Teziir,The Dragonmere,sea,sea,Deep-water galleon,False,False,114.951686,400000,78.7,1.46,618.94,0.027
LEG-000601,Marsember,Tilverton,caravan track,track,track,Camel caravan,True,False,197.098605,3000,17.6,11.2,54.47,0.184
LEG-000601,Marsember,Tilverton,caravan track,track,track,Mule caravan,True,False,197.098605,2400,15.3,12.88,48.42,0.205
LEG-000601,Marsember,Tilverton,caravan track,track,track,Ox caravan,True,False,197.098605,5000,10.7,18.4,82.71,0.168
LEG-000602,Marsember,Urmlaspyr,The Inner Sea Run,sea,sea,Coasting cog,False,False,197.56318,100000,76.0,2.6,320.05,0.032
LEG-000602,Marsember,Urmlaspyr,The Inner Sea Run,sea,sea,Merchant caravel,False,False,197.56318,180000,90.7,2.18,533.42,0.03
LEG-000602,Marsember,Urmlaspyr,The Inner Sea Run,sea,sea,Deep-water galleon,False,False,197.56318,400000,82.1,2.41,1019.43,0.026
LEG-000603,Marsember,Westgate,Sea of Fallen Stars coasting run,sea,sea,Coasting cog,False,False,174.66883,100000,60.2,2.9,357.43,0.041
LEG-000603,Marsember,Westgate,Sea of Fallen Stars coasting run,sea,sea,Merchant caravel,False,False,174.66883,180000,71.8,2.43,595.71,0.038
LEG-000603,Marsember,Westgate,Sea of Fallen Stars coasting run,sea,sea,Deep-water galleon,False,False,174.66883,400000,65.0,2.69,1138.47,0.033
LEG-000604,Marsember,Wheloon,The Starwater,river+barge,river,Keelboat,False,True,208.920751,30000,46.2,4.52,188.03,0.06
LEG-000604,Marsember,Wheloon,The Starwater,river+barge,river,River barge,False,True,208.920751,80000,31.7,6.59,411.16,0.049
LEG-000604,Marsember,Wheloon,The Starwater,river+barge,river,Shallow-draft wherry,False,True,208.920751,12000,51.9,4.02,86.49,0.069
LEG-000604,Marsember,Wheloon,The Starwater,river+barge,barge,Canal barge,False,True,208.920751,100000,24.0,8.7,399.99,0.038
LEG-000604,Marsember,Wheloon,The Starwater,river+barge,barge,Horse-drawn barge,False,True,208.920751,70000,30.8,6.78,323.07,0.044
LEG-000605,Mauberg's Oak,Bezentil,Uthmere through the Great Dale to Kront,road,road,Ox freight wagon,False,False,217.189031,6000,14.7,14.79,75.43,0.116
LEG-000605,Mauberg's Oak,Bezentil,Uthmere through the Great Dale to Kront,road,road,Horse freight wagon,False,False,217.189031,4000,20.4,10.65,61.32,0.141
LEG-000605,Mauberg's Oak,Bezentil,Uthmere through the Great Dale to Kront,road,road,Mule cart,False,False,217.189031,2000,18.4,11.83,26.98,0.124
LEG-000606,Mauberg's Oak,Uthmere,Uthmere through the Great Dale to Kront,road,road,Ox freight wagon,False,False,135.241083,6000,14.7,9.21,46.97,0.116
LEG-000606,Mauberg's Oak,Uthmere,Uthmere through the Great Dale to Kront,road,road,Horse freight wagon,False,False,135.241083,4000,20.4,6.63,38.19,0.141
LEG-000606,Mauberg's Oak,Uthmere,Uthmere through the Great Dale to Kront,road,road,Mule cart,False,False,135.241083,2000,18.4,7.37,16.8,0.124
LEG-000607,Melvaunt,Elmwood,caravan track,track,track,Camel caravan,True,False,140.173357,3000,17.6,7.97,38.74,0.184
LEG-000607,Melvaunt,Elmwood,caravan track,track,track,Mule caravan,True,False,140.173357,2400,15.3,9.16,34.43,0.205
LEG-000607,Melvaunt,Elmwood,caravan track,track,track,Ox caravan,True,False,140.173357,5000,10.7,13.09,58.82,0.168
LEG-000608,Melvaunt,Hillsfar,Moonsea coasting run,sea,sea,Coasting cog,False,False,104.735715,100000,60.2,1.74,214.32,0.041
LEG-000608,Melvaunt,Hillsfar,Moonsea coasting run,sea,sea,Merchant caravel,False,False,104.735715,180000,71.8,1.46,357.2,0.038
LEG-000608,Melvaunt,Hillsfar,Moonsea coasting run,sea,sea,Deep-water galleon,False,False,104.735715,400000,65.0,1.61,682.66,0.033
LEG-000609,Melvaunt,Mulmaster,caravan track,track,track,Camel caravan,True,False,164.84796,3000,17.6,9.37,45.56,0.184
LEG-000609,Melvaunt,Mulmaster,caravan track,track,track,Mule caravan,True,False,164.84796,2400,15.3,10.77,40.49,0.205
LEG-000609,Melvaunt,Mulmaster,caravan track,track,track,Ox caravan,True,False,164.84796,5000,10.7,15.39,69.18,0.168
LEG-000610,Melvaunt,Phlan,The Moonsea Run,sea,sea,Coasting cog,False,False,48.92157,100000,66.5,0.74,90.57,0.037
LEG-000610,Melvaunt,Phlan,The Moonsea Run,sea,sea,Merchant caravel,False,False,48.92157,180000,79.4,0.62,150.96,0.034
LEG-000610,Melvaunt,Phlan,The Moonsea Run,sea,sea,Deep-water galleon,False,False,48.92157,400000,71.8,0.68,288.5,0.029
LEG-000611,Melvaunt,Thentia,The Moonsea Run,sea,sea,Coasting cog,False,False,37.081801,100000,66.5,0.56,68.65,0.037
LEG-000611,Melvaunt,Thentia,The Moonsea Run,sea,sea,Merchant caravel,False,False,37.081801,180000,79.4,0.47,114.42,0.034
LEG-000611,Melvaunt,Thentia,The Moonsea Run,sea,sea,Deep-water galleon,False,False,37.081801,400000,71.8,0.52,218.68,0.029
LEG-000612,Melvaunt,Zhentil Keep,Moonsea coasting run,sea,sea,Coasting cog,False,False,115.710025,100000,60.2,1.92,236.78,0.041
LEG-000612,Melvaunt,Zhentil Keep,Moonsea coasting run,sea,sea,Merchant caravel,False,False,115.710025,180000,71.8,1.61,394.63,0.038
LEG-000612,Melvaunt,Zhentil Keep,Moonsea coasting run,sea,sea,Deep-water galleon,False,False,115.710025,400000,65.0,1.78,754.19,0.033
LEG-000613,Memnon,Almraiven,The Shining Sea Run,sea,sea,Coasting cog,False,False,456.640712,100000,63.4,7.21,887.71,0.039
LEG-000613,Memnon,Almraiven,The Shining Sea Run,sea,sea,Merchant caravel,False,False,456.640712,180000,75.6,6.04,1479.52,0.036
LEG-000613,Memnon,Almraiven,The Shining Sea Run,sea,sea,Deep-water galleon,False,False,456.640712,400000,68.4,6.68,2827.52,0.031
LEG-000614,Memnon,Calimport,The Sword Coast Run,sea,sea,Coasting cog,False,False,168.079416,100000,76.0,2.21,272.29,0.032
LEG-000614,Memnon,Calimport,The Sword Coast Run,sea,sea,Merchant caravel,False,False,168.079416,180000,90.7,1.85,453.81,0.03
LEG-000614,Memnon,Calimport,The Sword Coast Run,sea,sea,Deep-water galleon,False,False,168.079416,400000,82.1,2.05,867.29,0.026
LEG-000615,Memnon,Castle Tethyr,Zazesspur through Castle Tethyr to Myratma,road,road,Ox freight wagon,False,False,113.352032,6000,14.7,7.72,39.37,0.116
LEG-000615,Memnon,Castle Tethyr,Zazesspur through Castle Tethyr to Myratma,road,road,Horse freight wagon,False,False,113.352032,4000,20.4,5.56,32.01,0.141
LEG-000615,Memnon,Castle Tethyr,Zazesspur through Castle Tethyr to Myratma,road,road,Mule cart,False,False,113.352032,2000,18.4,6.17,14.08,0.124
LEG-000616,Memnon,Lantan,The Shining Sea Run,sea,sea,Coasting cog,False,False,402.284588,100000,63.4,6.35,782.04,0.039
LEG-000616,Memnon,Lantan,The Shining Sea Run,sea,sea,Merchant caravel,False,False,402.284588,180000,75.6,5.32,1303.4,0.036
LEG-000616,Memnon,Lantan,The Shining Sea Run,sea,sea,Deep-water galleon,False,False,402.284588,400000,68.4,5.88,2490.95,0.031
LEG-000617,Memnon,Myratma,The Trade Way,road,road,Ox freight wagon,False,False,39.498987,6000,22.5,1.76,8.97,0.076
LEG-000617,Memnon,Myratma,The Trade Way,road,road,Horse freight wagon,False,False,39.498987,4000,31.2,1.27,7.29,0.092
LEG-000617,Memnon,Myratma,The Trade Way,road,road,Mule cart,False,False,39.498987,2000,28.1,1.41,3.21,0.081
LEG-000618,Memnon,Nimbral,Sea of Swords coasting run,sea,sea,Coasting cog,False,False,393.175546,100000,60.2,6.53,804.56,0.041
LEG-000618,Memnon,Nimbral,Sea of Swords coasting run,sea,sea,Merchant caravel,False,False,393.175546,180000,71.8,5.47,1340.94,0.038
LEG-000618,Memnon,Nimbral,Sea of Swords coasting run,sea,sea,Deep-water galleon,False,False,393.175546,400000,65.0,6.05,2562.68,0.033
LEG-000619,Memnon,Port Nyanzaru,Sea of Swords coasting run,sea,sea,Coasting cog,False,False,458.680128,100000,60.2,7.62,938.6,0.041
LEG-000619,Memnon,Port Nyanzaru,Sea of Swords coasting run,sea,sea,Merchant caravel,False,False,458.680128,180000,71.8,6.39,1564.34,0.038
LEG-000619,Memnon,Port Nyanzaru,Sea of Swords coasting run,sea,sea,Deep-water galleon,False,False,458.680128,400000,65.0,7.06,2989.63,0.033
LEG-000620,Memnon,Zazesspur,The Sword Coast Run,sea,sea,Coasting cog,False,False,146.608902,100000,76.0,1.93,237.51,0.032
LEG-000620,Memnon,Zazesspur,The Sword Coast Run,sea,sea,Merchant caravel,False,False,146.608902,180000,90.7,1.62,395.84,0.03
LEG-000620,Memnon,Zazesspur,The Sword Coast Run,sea,sea,Deep-water galleon,False,False,146.608902,400000,82.1,1.79,756.5,0.026
LEG-000621,Menzoberranzan,Blingdenstone,Underdark passage,tunnel,tunnel,Rothe caravan,True,False,17.854971,4000,8.4,2.13,8.14,0.228
LEG-000621,Menzoberranzan,Blingdenstone,Underdark passage,tunnel,tunnel,Deep mule train,True,False,17.854971,1800,10.2,1.75,4.31,0.268
LEG-000621,Menzoberranzan,Blingdenstone,Underdark passage,tunnel,tunnel,Porter company,True,False,17.854971,900,8.2,2.19,2.59,0.322
LEG-000622,Menzoberranzan,Gracklstugh,Underdark passage,tunnel,tunnel,Rothe caravan,True,False,8.0,4000,8.4,0.96,3.65,0.228
LEG-000622,Menzoberranzan,Gracklstugh,Underdark passage,tunnel,tunnel,Deep mule train,True,False,8.0,1800,10.2,0.78,1.93,0.268
LEG-000622,Menzoberranzan,Gracklstugh,Underdark passage,tunnel,tunnel,Porter company,True,False,8.0,900,8.2,0.98,1.16,0.322
LEG-000623,Menzoberranzan,Mantol-Derith,Underdark passage,tunnel,tunnel,Rothe caravan,True,False,35.618254,4000,8.4,4.26,16.24,0.228
LEG-000623,Menzoberranzan,Mantol-Derith,Underdark passage,tunnel,tunnel,Deep mule train,True,False,35.618254,1800,10.2,3.49,8.6,0.268
LEG-000623,Menzoberranzan,Mantol-Derith,Underdark passage,tunnel,tunnel,Porter company,True,False,35.618254,900,8.2,4.36,5.16,0.322
LEG-000624,Menzoberranzan,Nesmé,Menzoberranzan Surface Way,tunnel+trail,tunnel,Rothe caravan,True,True,35.618254,4000,3.9,9.05,34.51,0.484
LEG-000624,Menzoberranzan,Nesmé,Menzoberranzan Surface Way,tunnel+trail,tunnel,Deep mule train,True,True,35.618254,1800,4.8,7.42,18.27,0.57
LEG-000624,Menzoberranzan,Nesmé,Menzoberranzan Surface Way,tunnel+trail,tunnel,Porter company,True,True,35.618254,900,3.8,9.28,10.96,0.684
LEG-000624,Menzoberranzan,Nesmé,Menzoberranzan Surface Way,tunnel+trail,trail,Pack pony string,True,True,35.618254,1200,8.0,4.46,7.92,0.37
LEG-000624,Menzoberranzan,Nesmé,Menzoberranzan Surface Way,tunnel+trail,trail,Mule train,True,True,35.618254,2400,7.6,4.69,15.0,0.351
LEG-000624,Menzoberranzan,Nesmé,Menzoberranzan Surface Way,tunnel+trail,trail,Porter company,True,True,35.618254,1000,5.9,6.01,8.33,0.468
LEG-000625,Messemprar,Bezantur,The Vilhon Passage,sea,sea,Coasting cog,False,False,243.46815,100000,66.5,3.66,450.76,0.037
LEG-000625,Messemprar,Bezantur,The Vilhon Passage,sea,sea,Merchant caravel,False,False,243.46815,180000,79.4,3.07,751.27,0.034
LEG-000625,Messemprar,Bezantur,The Vilhon Passage,sea,sea,Deep-water galleon,False,False,243.46815,400000,71.8,3.39,1435.77,0.029
LEG-000626,Messemprar,Cimbar,The Vilhon Passage,sea,sea,Coasting cog,False,False,387.351339,100000,66.5,5.82,717.15,0.037
LEG-000626,Messemprar,Cimbar,The Vilhon Passage,sea,sea,Merchant caravel,False,False,387.351339,180000,79.4,4.88,1195.26,0.034
LEG-000626,Messemprar,Cimbar,The Vilhon Passage,sea,sea,Deep-water galleon,False,False,387.351339,400000,71.8,5.39,2284.27,0.029
LEG-000627,Messemprar,Luthcheq,The Eastern Shaar Road,road,road,Ox freight wagon,False,False,295.240055,6000,17.3,17.09,87.15,0.098
LEG-000627,Messemprar,Luthcheq,The Eastern Shaar Road,road,road,Horse freight wagon,False,False,295.240055,4000,24.0,12.3,70.86,0.12
LEG-000627,Messemprar,Luthcheq,The Eastern Shaar Road,road,road,Mule cart,False,False,295.240055,2000,21.6,13.67,31.18,0.106
LEG-000628,Messemprar,Mordulkin,Mordulkin through Threskel toward Messemprar,trail,trail,Pack pony string,False,False,304.587826,1200,14.0,21.81,38.69,0.212
LEG-000628,Messemprar,Mordulkin,Mordulkin through Threskel toward Messemprar,trail,trail,Mule train,False,False,304.587826,2400,13.3,22.9,73.31,0.201
LEG-000628,Messemprar,Mordulkin,Mordulkin through Threskel toward Messemprar,trail,trail,Porter company,False,False,304.587826,1000,10.4,29.36,40.73,0.267
LEG-000629,Messemprar,Shussel,Messemprar to Shussel,trail,trail,Pack pony string,False,False,101.335728,1200,14.0,7.26,12.87,0.212
LEG-000629,Messemprar,Shussel,Messemprar to Shussel,trail,trail,Mule train,False,False,101.335728,2400,13.3,7.62,24.39,0.201
LEG-000629,Messemprar,Shussel,Messemprar to Shussel,trail,trail,Porter company,False,False,101.335728,1000,10.4,9.77,13.55,0.267
LEG-000630,Messemprar,Skuld,The Alamber Run,sea,sea,Coasting cog,False,False,192.339518,100000,69.7,2.76,339.92,0.035
LEG-000630,Messemprar,Skuld,The Alamber Run,sea,sea,Merchant caravel,False,False,192.339518,180000,83.2,2.31,566.53,0.033
LEG-000630,Messemprar,Skuld,The Alamber Run,sea,sea,Deep-water galleon,False,False,192.339518,400000,75.2,2.56,1082.7,0.028
LEG-000631,Messemprar,Velprintalar,Sea of Fallen Stars coasting run,sea,sea,Coasting cog,False,False,470.079015,100000,60.2,7.81,961.93,0.041
LEG-000631,Messemprar,Velprintalar,Sea of Fallen Stars coasting run,sea,sea,Merchant caravel,False,False,470.079015,180000,71.8,6.55,1603.22,0.038
LEG-000631,Messemprar,Velprintalar,Sea of Fallen Stars coasting run,sea,sea,Deep-water galleon,False,False,470.079015,400000,65.0,7.23,3063.93,0.033
LEG-000632,Mezro,Ishau,local market trail,trail,trail,Pack pony string,True,False,144.105864,1200,13.0,11.11,19.71,0.228
LEG-000632,Mezro,Ishau,local market trail,trail,trail,Mule train,True,False,144.105864,2400,12.3,11.67,37.35,0.216
LEG-000632,Mezro,Ishau,local market trail,trail,trail,Porter company,True,False,144.105864,1000,9.6,14.96,20.75,0.288
LEG-000633,Mezro,Port Castigliar,local market trail,trail,trail,Pack pony string,True,False,17.22353,1200,13.0,1.33,2.36,0.228
LEG-000633,Mezro,Port Castigliar,local market trail,trail,trail,Mule train,True,False,17.22353,2400,12.3,1.39,4.46,0.216
LEG-000633,Mezro,Port Castigliar,local market trail,trail,trail,Porter company,True,False,17.22353,1000,9.6,1.79,2.48,0.288
LEG-000634,Mimph,Arrabar,The Vilhon Road,road,road,Vilhon Reach Milk Run,False,False,24.285181,6000,14.7,1.65,8.43,0.116
LEG-000634,Mimph,Arrabar,The Vilhon Road,road,road,Horse freight wagon,False,False,24.285181,4000,20.4,1.19,6.86,0.141
LEG-000634,Mimph,Arrabar,The Vilhon Road,road,road,Mule cart,False,False,24.285181,2000,18.4,1.32,3.02,0.124
LEG-000635,Mimph,Fort Arran,The Vilhon Road,road,road,Vilhon Reach Milk Run,False,False,60.602414,6000,14.7,4.13,21.05,0.116
LEG-000635,Mimph,Fort Arran,The Vilhon Road,road,road,Horse freight wagon,False,False,60.602414,4000,20.4,2.97,17.11,0.141
LEG-000635,Mimph,Fort Arran,The Vilhon Road,road,road,Mule cart,False,False,60.602414,2000,18.4,3.3,7.53,0.124
LEG-000636,Mimph,Hlondeth,Mimph to Nimpeth trail,trail,trail,Pack pony string,False,False,79.891329,1200,14.0,5.72,10.15,0.212
LEG-000636,Mimph,Hlondeth,Mimph to Nimpeth trail,trail,trail,Mule train,False,False,79.891329,2400,13.3,6.01,19.23,0.201
LEG-000636,Mimph,Hlondeth,Mimph to Nimpeth trail,trail,trail,Porter company,False,False,79.891329,1000,10.4,7.7,10.68,0.267
LEG-000637,Mines of Tethyamar,Dagger Falls,Black Road across Anauroch to Dagger Falls,trail,trail,Pack pony string,False,False,60.82146,1200,14.0,4.36,7.73,0.212
LEG-000637,Mines of Tethyamar,Dagger Falls,Black Road across Anauroch to Dagger Falls,trail,trail,Mule train,False,False,60.82146,2400,13.3,4.57,14.64,0.201
LEG-000637,Mines of Tethyamar,Dagger Falls,Black Road across Anauroch to Dagger Falls,trail,trail,Porter company,False,False,60.82146,1000,10.4,5.86,8.13,0.267
LEG-000638,Mines of Tethyamar,Shade,Black Road across Anauroch to Dagger Falls,trail,trail,Pack pony string,False,False,234.875153,1200,14.0,16.82,29.84,0.212
LEG-000638,Mines of Tethyamar,Shade,Black Road across Anauroch to Dagger Falls,trail,trail,Mule train,False,False,234.875153,2400,13.3,17.66,56.53,0.201
LEG-000638,Mines of Tethyamar,Shade,Black Road across Anauroch to Dagger Falls,trail,trail,Porter company,False,False,234.875153,1000,10.4,22.64,31.41,0.267
LEG-000639,Mines of Tethyamar,Voonlar,Dagger Falls to Teshwave trail,trail,trail,Pack pony string,False,False,168.222834,1200,14.0,12.05,21.37,0.212
LEG-000639,Mines of Tethyamar,Voonlar,Dagger Falls to Teshwave trail,trail,trail,Mule train,False,False,168.222834,2400,13.3,12.65,40.49,0.201
LEG-000639,Mines of Tethyamar,Voonlar,Dagger Falls to Teshwave trail,trail,trail,Porter company,False,False,168.222834,1000,10.4,16.22,22.49,0.267
LEG-000640,Mintar,Saelmur,Saradush through Mintar to Ankhapur,trail,trail,Pack pony string,False,False,118.834447,1200,14.0,8.51,15.1,0.212
LEG-000640,Mintar,Saelmur,Saradush through Mintar to Ankhapur,trail,trail,Mule train,False,False,118.834447,2400,13.3,8.93,28.6,0.201
LEG-000640,Mintar,Saelmur,Saradush through Mintar to Ankhapur,trail,trail,Porter company,False,False,118.834447,1000,10.4,11.46,15.89,0.267
LEG-000641,Mintar,Saradush,Saradush through Mintar to Ankhapur,trail,trail,Pack pony string,False,False,164.310216,1200,14.0,11.77,20.87,0.212
LEG-000641,Mintar,Saradush,Saradush through Mintar to Ankhapur,trail,trail,Mule train,False,False,164.310216,2400,13.3,12.35,39.55,0.201
LEG-000641,Mintar,Saradush,Saradush through Mintar to Ankhapur,trail,trail,Porter company,False,False,164.310216,1000,10.4,15.84,21.97,0.267
LEG-000642,Mintar,Yeshpek,Mintar junction via Yeshpek to Tulmon and Suldolphor,trail,trail,Pack pony string,False,False,179.74383,1200,14.0,12.87,22.83,0.212
LEG-000642,Mintar,Yeshpek,Mintar junction via Yeshpek to Tulmon and Suldolphor,trail,trail,Mule train,False,False,179.74383,2400,13.3,13.51,43.26,0.201
LEG-000642,Mintar,Yeshpek,Mintar junction via Yeshpek to Tulmon and Suldolphor,trail,trail,Porter company,False,False,179.74383,1000,10.4,17.33,24.03,0.267
LEG-000643,Mintarn,Baldur's Gate,The Nelanther Passage,sea,sea,Coasting cog,False,False,310.809138,100000,63.4,4.91,604.21,0.039
LEG-000643,Mintarn,Baldur's Gate,The Nelanther Passage,sea,sea,Merchant caravel,False,False,310.809138,180000,75.6,4.11,1007.02,0.036
LEG-000643,Mintarn,Baldur's Gate,The Nelanther Passage,sea,sea,Deep-water galleon,False,False,310.809138,400000,68.4,4.54,1924.53,0.031
LEG-000644,Mintarn,Caer Calidyrr,Sea of Swords coasting run,sea,sea,Coasting cog,False,False,158.20749,100000,60.2,2.63,323.74,0.041
LEG-000644,Mintarn,Caer Calidyrr,Sea of Swords coasting run,sea,sea,Merchant caravel,False,False,158.20749,180000,71.8,2.2,539.57,0.038
LEG-000644,Mintarn,Caer Calidyrr,Sea of Swords coasting run,sea,sea,Deep-water galleon,False,False,158.20749,400000,65.0,2.43,1031.18,0.033
LEG-000645,Mintarn,Caer Corwell,Sea of Swords coasting run,sea,sea,Coasting cog,False,False,374.028475,100000,60.2,6.21,765.38,0.041
LEG-000645,Mintarn,Caer Corwell,Sea of Swords coasting run,sea,sea,Merchant caravel,False,False,374.028475,180000,71.8,5.21,1275.63,0.038
LEG-000645,Mintarn,Caer Corwell,Sea of Swords coasting run,sea,sea,Deep-water galleon,False,False,374.028475,400000,65.0,5.76,2437.88,0.033
LEG-000646,Mintarn,Candlekeep,Sea of Swords coasting run,sea,sea,Coasting cog,False,False,339.975176,100000,60.2,5.65,695.7,0.041
LEG-000646,Mintarn,Candlekeep,Sea of Swords coasting run,sea,sea,Merchant caravel,False,False,339.975176,180000,71.8,4.73,1159.49,0.038
LEG-000646,Mintarn,Candlekeep,Sea of Swords coasting run,sea,sea,Deep-water galleon,False,False,339.975176,400000,65.0,5.23,2215.92,0.033
LEG-000647,Mintarn,Orlumbor,The Nelanther Passage,sea,sea,Coasting cog,False,False,210.101737,100000,63.4,3.32,408.44,0.039
LEG-000647,Mintarn,Orlumbor,The Nelanther Passage,sea,sea,Merchant caravel,False,False,210.101737,180000,75.6,2.78,680.73,0.036
LEG-000647,Mintarn,Orlumbor,The Nelanther Passage,sea,sea,Deep-water galleon,False,False,210.101737,400000,68.4,3.07,1300.95,0.031
LEG-000648,Mintarn,Waterdeep,Sea of Swords coasting run,sea,sea,Coasting cog,False,False,369.250186,100000,60.2,6.13,755.6,0.041
LEG-000648,Mintarn,Waterdeep,Sea of Swords coasting run,sea,sea,Merchant caravel,False,False,369.250186,180000,71.8,5.14,1259.34,0.038
LEG-000648,Mintarn,Waterdeep,Sea of Swords coasting run,sea,sea,Deep-water galleon,False,False,369.250186,400000,65.0,5.68,2406.73,0.033
LEG-000649,Mirabar,Gracklstugh,Mirabar Underway,tunnel+trail,tunnel,Rothe caravan,True,True,219.117799,4000,3.9,55.67,212.33,0.484
LEG-000649,Mirabar,Gracklstugh,Mirabar Underway,tunnel+trail,tunnel,Deep mule train,True,True,219.117799,1800,4.8,45.65,112.41,0.57
LEG-000649,Mirabar,Gracklstugh,Mirabar Underway,tunnel+trail,tunnel,Porter company,True,True,219.117799,900,3.8,57.06,67.44,0.684
LEG-000649,Mirabar,Gracklstugh,Mirabar Underway,tunnel+trail,trail,Pack pony string,True,True,219.117799,1200,8.0,27.46,48.71,0.37
LEG-000649,Mirabar,Gracklstugh,Mirabar Underway,tunnel+trail,trail,Mule train,True,True,219.117799,2400,7.6,28.83,92.29,0.351
LEG-000649,Mirabar,Gracklstugh,Mirabar Underway,tunnel+trail,trail,Porter company,True,True,219.117799,1000,5.9,36.96,51.27,0.468
LEG-000650,Mirabar,Jalanthar,caravan track,track,track,Camel caravan,True,False,177.929902,3000,11.4,15.63,75.99,0.285
LEG-000650,Mirabar,Jalanthar,caravan track,track,track,Mule caravan,True,False,177.929902,2400,9.9,17.97,67.55,0.316
LEG-000650,Mirabar,Jalanthar,caravan track,track,track,Ox caravan,True,False,177.929902,5000,6.9,25.68,115.4,0.259
LEG-000651,Mirabar,Longsaddle,The Long Road,road,road,Ox freight wagon,False,False,161.078123,6000,19.0,8.47,43.23,0.089
LEG-000651,Mirabar,Longsaddle,The Long Road,road,road,Horse freight wagon,False,False,161.078123,4000,26.4,6.1,35.14,0.109
LEG-000651,Mirabar,Longsaddle,The Long Road,road,road,Mule cart,False,False,161.078123,2000,23.8,6.78,15.46,0.096
LEG-000652,Mirabar,Luskan,Luskan to Mirabar,road,road,Ox freight wagon,False,False,221.592158,6000,14.7,15.09,76.96,0.116
LEG-000652,Mirabar,Luskan,Luskan to Mirabar,road,road,Horse freight wagon,False,False,221.592158,4000,20.4,10.86,62.57,0.141
LEG-000652,Mirabar,Luskan,Luskan to Mirabar,road,road,Mule cart,False,False,221.592158,2000,18.4,12.07,27.53,0.124
LEG-000653,Mirabar,Nesmé,caravan track,track,track,Camel caravan,True,False,187.597228,3000,11.4,16.48,80.12,0.285
LEG-000653,Mirabar,Nesmé,caravan track,track,track,Mule caravan,True,False,187.597228,2400,9.9,18.95,71.22,0.316
LEG-000653,Mirabar,Nesmé,caravan track,track,track,Ox caravan,True,False,187.597228,5000,6.9,27.07,121.67,0.259
LEG-000654,Mishtan,City of the Dead,local market trail,trail,trail,Pack pony string,True,False,35.746328,1200,13.0,2.76,4.89,0.228
LEG-000654,Mishtan,City of the Dead,local market trail,trail,trail,Mule train,True,False,35.746328,2400,12.3,2.89,9.27,0.216
LEG-000654,Mishtan,City of the Dead,local market trail,trail,trail,Porter company,True,False,35.746328,1000,9.6,3.71,5.15,0.288
LEG-000655,Mishtan,Skuld,local market trail,trail,trail,Pack pony string,True,False,263.390395,1200,13.0,20.31,36.03,0.228
LEG-000655,Mishtan,Skuld,local market trail,trail,trail,Mule train,True,False,263.390395,2400,12.3,21.33,68.27,0.216
LEG-000655,Mishtan,Skuld,local market trail,trail,trail,Porter company,True,False,263.390395,1000,9.6,27.34,37.93,0.288
LEG-000656,Mithral Hall,Everlund,caravan track,track,track,Camel caravan,True,False,156.909432,3000,14.5,10.83,52.65,0.224
LEG-000656,Mithral Hall,Everlund,caravan track,track,track,Mule caravan,True,False,156.909432,2400,12.6,12.45,46.8,0.249
LEG-000656,Mithral Hall,Everlund,caravan track,track,track,Ox caravan,True,False,156.909432,5000,8.8,17.79,79.96,0.204
LEG-000657,Mithral Hall,Jalanthar,caravan track,track,track,Camel caravan,True,False,48.572626,3000,17.6,2.76,13.42,0.184
LEG-000657,Mithral Hall,Jalanthar,caravan track,track,track,Mule caravan,True,False,48.572626,2400,15.3,3.17,11.93,0.205
LEG-000657,Mithral Hall,Jalanthar,caravan track,track,track,Ox caravan,True,False,48.572626,5000,10.7,4.54,20.38,0.168
LEG-000658,Mithral Hall,Nesmé,The Mithral Road,road,road,Ox freight wagon,False,False,72.911247,6000,16.4,4.44,22.66,0.104
LEG-000658,Mithral Hall,Nesmé,The Mithral Road,road,road,Horse freight wagon,False,False,72.911247,4000,22.8,3.2,18.42,0.126
LEG-000658,Mithral Hall,Nesmé,The Mithral Road,road,road,Mule cart,False,False,72.911247,2000,20.5,3.55,8.1,0.111
LEG-000659,Mithral Hall,Silverymoon,caravan track,track,track,Camel caravan,True,False,122.331517,3000,17.6,6.95,33.81,0.184
LEG-000659,Mithral Hall,Silverymoon,caravan track,track,track,Mule caravan,True,False,122.331517,2400,15.3,8.0,30.05,0.205
LEG-000659,Mithral Hall,Silverymoon,caravan track,track,track,Ox caravan,True,False,122.331517,5000,10.7,11.42,51.34,0.168
LEG-000660,Monastery of the Yellow Rose,Mulmaster,local market trail,trail,trail,Pack pony string,True,False,123.961325,1200,13.0,9.56,16.96,0.228
LEG-000660,Monastery of the Yellow Rose,Mulmaster,local market trail,trail,trail,Mule train,True,False,123.961325,2400,12.3,10.04,32.13,0.216
LEG-000660,Monastery of the Yellow Rose,Mulmaster,local market trail,trail,trail,Porter company,True,False,123.961325,1000,9.6,12.87,17.85,0.288
LEG-000661,Mordulkin,Luthcheq,Airspur through Cimbar and Soorenar to Mordulkin,road,road,Ox freight wagon,False,False,134.419854,6000,14.7,9.15,46.68,0.116
LEG-000661,Mordulkin,Luthcheq,Airspur through Cimbar and Soorenar to Mordulkin,road,road,Horse freight wagon,False,False,134.419854,4000,20.4,6.59,37.95,0.141
LEG-000661,Mordulkin,Luthcheq,Airspur through Cimbar and Soorenar to Mordulkin,road,road,Mule cart,False,False,134.419854,2000,18.4,7.32,16.7,0.124
LEG-000662,Mordulkin,Messemprar,Mordulkin through Threskel toward Messemprar,trail,trail,Pack pony string,False,False,304.587826,1200,14.0,21.81,38.69,0.212
LEG-000662,Mordulkin,Messemprar,Mordulkin through Threskel toward Messemprar,trail,trail,Mule train,False,False,304.587826,2400,13.3,22.9,73.31,0.201
LEG-000662,Mordulkin,Messemprar,Mordulkin through Threskel toward Messemprar,trail,trail,Porter company,False,False,304.587826,1000,10.4,29.36,40.73,0.267
LEG-000663,Morningstar Hollows,Alaghôn,Alaghon through Turmish to Hlondeth,road,road,Ox freight wagon,False,False,41.179555,6000,14.7,2.8,14.3,0.116
LEG-000663,Morningstar Hollows,Alaghôn,Alaghon through Turmish to Hlondeth,road,road,Horse freight wagon,False,False,41.179555,4000,20.4,2.02,11.63,0.141
LEG-000663,Morningstar Hollows,Alaghôn,Alaghon through Turmish to Hlondeth,road,road,Mule cart,False,False,41.179555,2000,18.4,2.24,5.12,0.124
LEG-000664,Morningstar Hollows,Nonthal,Alaghon through Turmish to Hlondeth,road,road,Ox freight wagon,False,False,63.693321,6000,14.7,4.34,22.12,0.116
LEG-000664,Morningstar Hollows,Nonthal,Alaghon through Turmish to Hlondeth,road,road,Horse freight wagon,False,False,63.693321,4000,20.4,3.12,17.98,0.141
LEG-000664,Morningstar Hollows,Nonthal,Alaghon through Turmish to Hlondeth,road,road,Mule cart,False,False,63.693321,2000,18.4,3.47,7.91,0.124
LEG-000665,Mosstone,Castle Tethyr,Trade Way: Mosstone to Zazesspur,road,road,Ox freight wagon,False,False,158.889356,6000,14.7,10.82,55.18,0.116
LEG-000665,Mosstone,Castle Tethyr,Trade Way: Mosstone to Zazesspur,road,road,Horse freight wagon,False,False,158.889356,4000,20.4,7.79,44.86,0.141
LEG-000665,Mosstone,Castle Tethyr,Trade Way: Mosstone to Zazesspur,road,road,Mule cart,False,False,158.889356,2000,18.4,8.65,19.74,0.124
LEG-000666,Mosstone,Murann,Crimmor through Purskul and Imnescar to Mosstone,road,road,Ox freight wagon,False,False,168.147606,6000,14.7,11.45,58.4,0.116
LEG-000666,Mosstone,Murann,Crimmor through Purskul and Imnescar to Mosstone,road,road,Horse freight wagon,False,False,168.147606,4000,20.4,8.24,47.48,0.141
LEG-000666,Mosstone,Murann,Crimmor through Purskul and Imnescar to Mosstone,road,road,Mule cart,False,False,168.147606,2000,18.4,9.16,20.89,0.124
LEG-000667,Mount Talath,Halarahh,local market trail,trail,trail,Pack pony string,True,False,155.476976,1200,13.0,11.99,21.27,0.228
LEG-000667,Mount Talath,Halarahh,local market trail,trail,trail,Mule train,True,False,155.476976,2400,12.3,12.59,40.3,0.216
LEG-000667,Mount Talath,Halarahh,local market trail,trail,trail,Porter company,True,False,155.476976,1000,9.6,16.14,22.39,0.288
LEG-000668,Mulmaster,Elmwood,The Moonsea Run,sea,sea,Coasting cog,False,False,53.958688,100000,66.5,0.81,99.9,0.037
LEG-000668,Mulmaster,Elmwood,The Moonsea Run,sea,sea,Merchant caravel,False,False,53.958688,180000,79.4,0.68,166.5,0.034
LEG-000668,Mulmaster,Elmwood,The Moonsea Run,sea,sea,Deep-water galleon,False,False,53.958688,400000,71.8,0.75,318.2,0.029
LEG-000669,Mulmaster,Harrowdale Town,The River Lis,river+sea,river,Keelboat,False,True,235.476453,30000,42.0,5.61,233.12,0.066
LEG-000669,Mulmaster,Harrowdale Town,The River Lis,river+sea,river,River barge,False,True,235.476453,80000,28.8,8.18,509.76,0.054
LEG-000669,Mulmaster,Harrowdale Town,The River Lis,river+sea,river,Shallow-draft wherry,False,True,235.476453,12000,47.2,4.99,107.24,0.076
LEG-000669,Mulmaster,Harrowdale Town,The River Lis,river+sea,sea,Coasting cog,False,True,235.476453,100000,63.4,3.72,457.77,0.039
LEG-000669,Mulmaster,Harrowdale Town,The River Lis,river+sea,sea,Merchant caravel,False,True,235.476453,180000,75.6,3.11,762.94,0.036
LEG-000669,Mulmaster,Harrowdale Town,The River Lis,river+sea,sea,Deep-water galleon,False,True,235.476453,400000,68.4,3.44,1458.07,0.031
LEG-000670,Mulmaster,Melvaunt,caravan track,track,track,Camel caravan,True,False,164.84796,3000,17.6,9.37,45.56,0.184
LEG-000670,Mulmaster,Melvaunt,caravan track,track,track,Mule caravan,True,False,164.84796,2400,15.3,10.77,40.49,0.205
LEG-000670,Mulmaster,Melvaunt,caravan track,track,track,Ox caravan,True,False,164.84796,5000,10.7,15.39,69.18,0.168
LEG-000671,Mulmaster,Monastery of the Yellow Rose,local market trail,trail,trail,Pack pony string,True,False,123.961325,1200,13.0,9.56,16.96,0.228
LEG-000671,Mulmaster,Monastery of the Yellow Rose,local market trail,trail,trail,Mule train,True,False,123.961325,2400,12.3,10.04,32.13,0.216
LEG-000671,Mulmaster,Monastery of the Yellow Rose,local market trail,trail,trail,Porter company,True,False,123.961325,1000,9.6,12.87,17.85,0.288
LEG-000672,Mulmaster,Phlan,caravan track,track,track,Camel caravan,True,False,213.291655,3000,17.6,12.12,58.94,0.184
LEG-000672,Mulmaster,Phlan,caravan track,track,track,Mule caravan,True,False,213.291655,2400,15.3,13.94,52.39,0.205
LEG-000672,Mulmaster,Phlan,caravan track,track,track,Ox caravan,True,False,213.291655,5000,10.7,19.92,89.51,0.168
LEG-000673,Mulmaster,Thentia,The Moonsea Run,sea,sea,Coasting cog,False,False,128.447382,100000,66.5,1.93,237.81,0.037
LEG-000673,Mulmaster,Thentia,The Moonsea Run,sea,sea,Merchant caravel,False,False,128.447382,180000,79.4,1.62,396.35,0.034
LEG-000673,Mulmaster,Thentia,The Moonsea Run,sea,sea,Deep-water galleon,False,False,128.447382,400000,71.8,1.79,757.47,0.029
LEG-000674,Mulptan,Immilmar,Nathoud via Mulptan to Immilmar,trail,trail,Pack pony string,False,False,105.204755,1200,14.0,7.53,13.36,0.212
LEG-000674,Mulptan,Immilmar,Nathoud via Mulptan to Immilmar,trail,trail,Mule train,False,False,105.204755,2400,13.3,7.91,25.32,0.201
LEG-000674,Mulptan,Immilmar,Nathoud via Mulptan to Immilmar,trail,trail,Porter company,False,False,105.204755,1000,10.4,10.14,14.07,0.267
LEG-000675,Mulptan,Nathoud,Nathoud via Mulptan to Immilmar,trail,trail,Pack pony string,False,False,179.395511,1200,14.0,12.85,22.79,0.212
LEG-000675,Mulptan,Nathoud,Nathoud via Mulptan to Immilmar,trail,trail,Mule train,False,False,179.395511,2400,13.3,13.49,43.18,0.201
LEG-000675,Mulptan,Nathoud,Nathoud via Mulptan to Immilmar,trail,trail,Porter company,False,False,179.395511,1000,10.4,17.29,23.99,0.267
LEG-000676,Mulptan,Surthay,Mulptan to Mulsantir,road,road,Ox freight wagon,False,False,286.950758,6000,14.7,19.54,99.66,0.116
LEG-000676,Mulptan,Surthay,Mulptan to Mulsantir,road,road,Horse freight wagon,False,False,286.950758,4000,20.4,14.07,81.02,0.141
LEG-000676,Mulptan,Surthay,Mulptan to Mulsantir,road,road,Mule cart,False,False,286.950758,2000,18.4,15.63,35.65,0.124
LEG-000677,Mulsantir,Kront,Kront to Two Stars,road,road,Ox freight wagon,False,False,182.420967,6000,14.7,12.42,63.35,0.116
LEG-000677,Mulsantir,Kront,Kront to Two Stars,road,road,Horse freight wagon,False,False,182.420967,4000,20.4,8.94,51.51,0.141
LEG-000677,Mulsantir,Kront,Kront to Two Stars,road,road,Mule cart,False,False,182.420967,2000,18.4,9.94,22.66,0.124
LEG-000678,Mulsantir,Surthay,Mulptan to Mulsantir,road,road,Ox freight wagon,False,False,89.120209,6000,14.7,6.07,30.95,0.116
LEG-000678,Mulsantir,Surthay,Mulptan to Mulsantir,road,road,Horse freight wagon,False,False,89.120209,4000,20.4,4.37,25.16,0.141
LEG-000678,Mulsantir,Surthay,Mulptan to Mulsantir,road,road,Mule cart,False,False,89.120209,2000,18.4,4.85,11.07,0.124
LEG-000679,Mulsantir,Two Stars,Mulptan to Mulsantir,road,road,Ox freight wagon,False,False,60.351388,6000,14.7,4.11,20.96,0.116
LEG-000679,Mulsantir,Two Stars,Mulptan to Mulsantir,road,road,Horse freight wagon,False,False,60.351388,4000,20.4,2.96,17.04,0.141
LEG-000679,Mulsantir,Two Stars,Mulptan to Mulsantir,road,road,Mule cart,False,False,60.351388,2000,18.4,3.29,7.5,0.124
LEG-000680,Murann,Athkatla,The Sword Coast Run,sea,sea,Coasting cog,False,False,158.814766,100000,76.0,2.09,257.28,0.032
LEG-000680,Murann,Athkatla,The Sword Coast Run,sea,sea,Merchant caravel,False,False,158.814766,180000,90.7,1.75,428.8,0.03
LEG-000680,Murann,Athkatla,The Sword Coast Run,sea,sea,Deep-water galleon,False,False,158.814766,400000,82.1,1.93,819.48,0.026
LEG-000681,Murann,Crimmor,caravan track,track,track,Camel caravan,True,False,167.063341,3000,17.6,9.49,46.17,0.184
LEG-000681,Murann,Crimmor,caravan track,track,track,Mule caravan,True,False,167.063341,2400,15.3,10.92,41.04,0.205
LEG-000681,Murann,Crimmor,caravan track,track,track,Ox caravan,True,False,167.063341,5000,10.7,15.6,70.11,0.168
LEG-000682,Murann,Esmeltaran,caravan track,track,track,Camel caravan,True,False,249.40012,3000,17.6,14.17,68.92,0.184
LEG-000682,Murann,Esmeltaran,caravan track,track,track,Mule caravan,True,False,249.40012,2400,15.3,16.3,61.26,0.205
LEG-000682,Murann,Esmeltaran,caravan track,track,track,Ox caravan,True,False,249.40012,5000,10.7,23.29,104.66,0.168
LEG-000683,Murann,Imnescar,Crimmor through Purskul and Imnescar to Mosstone,road,road,Ox freight wagon,False,False,121.884788,6000,14.7,8.3,42.33,0.116
LEG-000683,Murann,Imnescar,Crimmor through Purskul and Imnescar to Mosstone,road,road,Horse freight wagon,False,False,121.884788,4000,20.4,5.97,34.41,0.141
LEG-000683,Murann,Imnescar,Crimmor through Purskul and Imnescar to Mosstone,road,road,Mule cart,False,False,121.884788,2000,18.4,6.64,15.14,0.124
LEG-000684,Murann,Lantan,Sea of Swords coasting run,sea,sea,Coasting cog,False,False,371.796087,100000,60.2,6.18,760.81,0.041
LEG-000684,Murann,Lantan,Sea of Swords coasting run,sea,sea,Merchant caravel,False,False,371.796087,180000,71.8,5.18,1268.02,0.038
LEG-000684,Murann,Lantan,Sea of Swords coasting run,sea,sea,Deep-water galleon,False,False,371.796087,400000,65.0,5.72,2423.33,0.033
LEG-000685,Murann,Mosstone,Crimmor through Purskul and Imnescar to Mosstone,road,road,Ox freight wagon,False,False,168.147606,6000,14.7,11.45,58.4,0.116
LEG-000685,Murann,Mosstone,Crimmor through Purskul and Imnescar to Mosstone,road,road,Horse freight wagon,False,False,168.147606,4000,20.4,8.24,47.48,0.141
LEG-000685,Murann,Mosstone,Crimmor through Purskul and Imnescar to Mosstone,road,road,Mule cart,False,False,168.147606,2000,18.4,9.16,20.89,0.124
LEG-000686,Murann,Purskul,caravan track,track,track,Camel caravan,True,False,146.951318,3000,17.6,8.35,40.61,0.184
LEG-000686,Murann,Purskul,caravan track,track,track,Mule caravan,True,False,146.951318,2400,15.3,9.6,36.1,0.205
LEG-000686,Murann,Purskul,caravan track,track,track,Ox caravan,True,False,146.951318,5000,10.7,13.72,61.67,0.168
LEG-000687,Murann,Velen,Sea of Swords coasting run,sea,sea,Coasting cog,False,False,215.430383,100000,60.2,3.58,440.84,0.041
LEG-000687,Murann,Velen,Sea of Swords coasting run,sea,sea,Merchant caravel,False,False,215.430383,180000,71.8,3.0,734.73,0.038
LEG-000687,Murann,Velen,Sea of Swords coasting run,sea,sea,Deep-water galleon,False,False,215.430383,400000,65.0,3.32,1404.15,0.033
LEG-000688,Murann,Zazesspur,The Sword Coast Run,sea,sea,Coasting cog,False,False,209.390664,100000,76.0,2.75,339.21,0.032
LEG-000688,Murann,Zazesspur,The Sword Coast Run,sea,sea,Merchant caravel,False,False,209.390664,180000,90.7,2.31,565.35,0.03
LEG-000688,Murann,Zazesspur,The Sword Coast Run,sea,sea,Deep-water galleon,False,False,209.390664,400000,82.1,2.55,1080.46,0.026
LEG-000689,Murghyr,Rauthil,Sultim through Rauthil to Murghyr,trail,trail,Pack pony string,False,False,93.723226,1200,14.0,6.71,11.91,0.212
LEG-000689,Murghyr,Rauthil,Sultim through Rauthil to Murghyr,trail,trail,Mule train,False,False,93.723226,2400,13.3,7.05,22.56,0.201
LEG-000689,Murghyr,Rauthil,Sultim through Rauthil to Murghyr,trail,trail,Porter company,False,False,93.723226,1000,10.4,9.03,12.53,0.267
LEG-000690,Mussum,Elbulder,Iljak junction through Elbulder to Torsh trail,trail,trail,Pack pony string,False,False,230.724217,1200,14.0,16.52,29.31,0.212
LEG-000690,Mussum,Elbulder,Iljak junction through Elbulder to Torsh trail,trail,trail,Mule train,False,False,230.724217,2400,13.3,17.35,55.53,0.201
LEG-000690,Mussum,Elbulder,Iljak junction through Elbulder to Torsh trail,trail,trail,Porter company,False,False,230.724217,1000,10.4,22.24,30.85,0.267
LEG-000691,Mussum,Fort Arran,The Vilhon Road,road,road,Vilhon Reach Milk Run,False,False,127.696827,6000,14.7,8.69,44.35,0.116
LEG-000691,Mussum,Fort Arran,The Vilhon Road,road,road,Horse freight wagon,False,False,127.696827,4000,20.4,6.26,36.06,0.141
LEG-000691,Mussum,Fort Arran,The Vilhon Road,road,road,Mule cart,False,False,127.696827,2000,18.4,6.96,15.86,0.124
LEG-000692,Mussum,Iljak,The Vilhon Road,road,road,Vilhon Reach Milk Run,False,False,108.972451,6000,14.7,7.42,37.85,0.116
LEG-000692,Mussum,Iljak,The Vilhon Road,road,road,Horse freight wagon,False,False,108.972451,4000,20.4,5.34,30.77,0.141
LEG-000692,Mussum,Iljak,The Vilhon Road,road,road,Mule cart,False,False,108.972451,2000,18.4,5.94,13.54,0.124
LEG-000693,Mussum,Shamph,Iljak junction through Elbulder to Torsh trail,trail,trail,Pack pony string,False,False,82.879595,1200,14.0,5.93,10.53,0.212
LEG-000693,Mussum,Shamph,Iljak junction through Elbulder to Torsh trail,trail,trail,Mule train,False,False,82.879595,2400,13.3,6.23,19.95,0.201
LEG-000693,Mussum,Shamph,Iljak junction through Elbulder to Torsh trail,trail,trail,Porter company,False,False,82.879595,1000,10.4,7.99,11.08,0.267
LEG-000694,Myratma,Calimport,Memnon to Calimport,road,road,Ox freight wagon,False,False,208.325753,6000,14.7,14.18,72.35,0.116
LEG-000694,Myratma,Calimport,Memnon to Calimport,road,road,Horse freight wagon,False,False,208.325753,4000,20.4,10.21,58.82,0.141
LEG-000694,Myratma,Calimport,Memnon to Calimport,road,road,Mule cart,False,False,208.325753,2000,18.4,11.35,25.88,0.124
LEG-000695,Myratma,Darromar,caravan track,track,track,Camel caravan,True,False,235.370771,3000,17.6,13.38,65.05,0.184
LEG-000695,Myratma,Darromar,caravan track,track,track,Mule caravan,True,False,235.370771,2400,15.3,15.38,57.82,0.205
LEG-000695,Myratma,Darromar,caravan track,track,track,Ox caravan,True,False,235.370771,5000,10.7,21.98,98.77,0.168
LEG-000696,Myratma,Memnon,The Trade Way,road,road,Ox freight wagon,False,False,39.498987,6000,22.5,1.76,8.97,0.076
LEG-000696,Myratma,Memnon,The Trade Way,road,road,Horse freight wagon,False,False,39.498987,4000,31.2,1.27,7.29,0.092
LEG-000696,Myratma,Memnon,The Trade Way,road,road,Mule cart,False,False,39.498987,2000,28.1,1.41,3.21,0.081
LEG-000697,Myratma,Zazesspur,The Trade Way,road,road,Ox freight wagon,False,False,120.88168,6000,22.5,5.38,27.45,0.076
LEG-000697,Myratma,Zazesspur,The Trade Way,road,road,Horse freight wagon,False,False,120.88168,4000,31.2,3.87,22.32,0.092
LEG-000697,Myratma,Zazesspur,The Trade Way,road,road,Mule cart,False,False,120.88168,2000,28.1,4.3,9.82,0.081
LEG-000698,Myth Drannor,Ashabenford,caravan track,track,track,Camel caravan,True,False,72.180468,3000,17.6,4.1,19.95,0.184
LEG-000698,Myth Drannor,Ashabenford,caravan track,track,track,Mule caravan,True,False,72.180468,2400,15.3,4.72,17.73,0.205
LEG-000698,Myth Drannor,Ashabenford,caravan track,track,track,Ox caravan,True,False,72.180468,5000,10.7,6.74,30.29,0.168
LEG-000699,Myth Drannor,Elventree,Tilverton via Ashabenford junction to Hillsfar,road,road,Ox freight wagon,False,False,194.263731,6000,14.7,13.23,67.47,0.116
LEG-000699,Myth Drannor,Elventree,Tilverton via Ashabenford junction to Hillsfar,road,road,Horse freight wagon,False,False,194.263731,4000,20.4,9.52,54.85,0.141
LEG-000699,Myth Drannor,Elventree,Tilverton via Ashabenford junction to Hillsfar,road,road,Mule cart,False,False,194.263731,2000,18.4,10.58,24.13,0.124
LEG-000700,Myth Drannor,Essembra,Tilverton via Ashabenford junction to Hillsfar,road,road,Ox freight wagon,False,False,110.826616,6000,14.7,7.55,38.49,0.116
LEG-000700,Myth Drannor,Essembra,Tilverton via Ashabenford junction to Hillsfar,road,road,Horse freight wagon,False,False,110.826616,4000,20.4,5.43,31.29,0.141
LEG-000700,Myth Drannor,Essembra,Tilverton via Ashabenford junction to Hillsfar,road,road,Mule cart,False,False,110.826616,2000,18.4,6.04,13.77,0.124
LEG-000701,Myth Drannor,Harrowdale Town,The Dalelands Trail,trail,trail,Pack pony string,False,False,145.659226,1200,18.0,8.11,14.39,0.165
LEG-000701,Myth Drannor,Harrowdale Town,The Dalelands Trail,trail,trail,Mule train,False,False,145.659226,2400,17.1,8.52,27.27,0.156
LEG-000701,Myth Drannor,Harrowdale Town,The Dalelands Trail,trail,trail,Porter company,False,False,145.659226,1000,13.3,10.92,15.15,0.208
LEG-000702,Myth Drannor,Hillsfar,caravan track,track,track,Camel caravan,True,False,100.126969,3000,14.5,6.91,33.6,0.224
LEG-000702,Myth Drannor,Hillsfar,caravan track,track,track,Mule caravan,True,False,100.126969,2400,12.6,7.95,29.87,0.249
LEG-000702,Myth Drannor,Hillsfar,caravan track,track,track,Ox caravan,True,False,100.126969,5000,8.8,11.35,51.02,0.204
LEG-000703,Myth Drannor,Shadowdale,caravan track,track,track,Camel caravan,True,False,123.612338,3000,17.6,7.03,34.16,0.184
LEG-000703,Myth Drannor,Shadowdale,caravan track,track,track,Mule caravan,True,False,123.612338,2400,15.3,8.08,30.37,0.205
LEG-000703,Myth Drannor,Shadowdale,caravan track,track,track,Ox caravan,True,False,123.612338,5000,10.7,11.54,51.87,0.168
LEG-000704,Myth Drannor,Zhentil Keep,caravan track,track,track,Camel caravan,True,False,120.455178,3000,14.5,8.31,40.42,0.224
LEG-000704,Myth Drannor,Zhentil Keep,caravan track,track,track,Mule caravan,True,False,120.455178,2400,12.6,9.56,35.93,0.249
LEG-000704,Myth Drannor,Zhentil Keep,caravan track,track,track,Ox caravan,True,False,120.455178,5000,8.8,13.66,61.38,0.204
LEG-000705,N'Jast,Bildoobaris,Narfell Long Road from Impiltur junction to N'Jast,trail,trail,Pack pony string,False,False,35.537304,1200,14.0,2.54,4.51,0.212
LEG-000705,N'Jast,Bildoobaris,Narfell Long Road from Impiltur junction to N'Jast,trail,trail,Mule train,False,False,35.537304,2400,13.3,2.67,8.55,0.201
LEG-000705,N'Jast,Bildoobaris,Narfell Long Road from Impiltur junction to N'Jast,trail,trail,Porter company,False,False,35.537304,1000,10.4,3.43,4.75,0.267
LEG-000706,Nashkel,Athkatla,The Trade Way,road,road,Ox freight wagon,False,False,118.526157,6000,22.5,5.28,26.91,0.076
LEG-000706,Nashkel,Athkatla,The Trade Way,road,road,Horse freight wagon,False,False,118.526157,4000,31.2,3.8,21.88,0.092
LEG-000706,Nashkel,Athkatla,The Trade Way,road,road,Mule cart,False,False,118.526157,2000,28.1,4.22,9.63,0.081
LEG-000707,Nashkel,Beregost,The Trade Way,road,road,Ox freight wagon,False,False,101.783918,6000,22.5,4.53,23.11,0.076
LEG-000707,Nashkel,Beregost,The Trade Way,road,road,Horse freight wagon,False,False,101.783918,4000,31.2,3.26,18.79,0.092
LEG-000707,Nashkel,Beregost,The Trade Way,road,road,Mule cart,False,False,101.783918,2000,28.1,3.62,8.27,0.081
LEG-000708,Nashkel,Candlekeep,caravan track,track,track,Camel caravan,True,False,135.632002,3000,14.5,9.36,45.51,0.224
LEG-000708,Nashkel,Candlekeep,caravan track,track,track,Mule caravan,True,False,135.632002,2400,12.6,10.76,40.46,0.249
LEG-000708,Nashkel,Candlekeep,caravan track,track,track,Ox caravan,True,False,135.632002,5000,8.8,15.38,69.11,0.204
LEG-000709,Nashkel,Crimmor,caravan track,track,track,Camel caravan,True,False,100.169956,3000,17.6,5.69,27.68,0.184
LEG-000709,Nashkel,Crimmor,caravan track,track,track,Mule caravan,True,False,100.169956,2400,15.3,6.55,24.61,0.205
LEG-000709,Nashkel,Crimmor,caravan track,track,track,Ox caravan,True,False,100.169956,5000,10.7,9.35,42.04,0.168
LEG-000710,Nashkel,Durlag's Tower,Coast Way: Beregost to Nashkel,road,road,Ox freight wagon,False,False,78.136282,6000,14.7,5.32,27.14,0.116
LEG-000710,Nashkel,Durlag's Tower,Coast Way: Beregost to Nashkel,road,road,Horse freight wagon,False,False,78.136282,4000,20.4,3.83,22.06,0.141
LEG-000710,Nashkel,Durlag's Tower,Coast Way: Beregost to Nashkel,road,road,Mule cart,False,False,78.136282,2000,18.4,4.26,9.71,0.124
LEG-000711,Nashkel,Esmeltaran,caravan track,track,track,Camel caravan,True,False,225.454297,3000,17.6,12.81,62.3,0.184
LEG-000711,Nashkel,Esmeltaran,caravan track,track,track,Mule caravan,True,False,225.454297,2400,15.3,14.74,55.38,0.205
LEG-000711,Nashkel,Esmeltaran,caravan track,track,track,Ox caravan,True,False,225.454297,5000,10.7,21.05,94.61,0.168
LEG-000712,Nashkel,Purskul,caravan track,track,track,Camel caravan,True,False,121.665155,3000,17.6,6.91,33.62,0.184
LEG-000712,Nashkel,Purskul,caravan track,track,track,Mule caravan,True,False,121.665155,2400,15.3,7.95,29.89,0.205
LEG-000712,Nashkel,Purskul,caravan track,track,track,Ox caravan,True,False,121.665155,5000,10.7,11.36,51.06,0.168
LEG-000713,Nashkel,The Twin Towers,Nashkel through Cloud Peaks to Crimmor,road,road,Ox freight wagon,False,False,71.083257,6000,14.7,4.84,24.69,0.116
LEG-000713,Nashkel,The Twin Towers,Nashkel through Cloud Peaks to Crimmor,road,road,Horse freight wagon,False,False,71.083257,4000,20.4,3.48,20.07,0.141
LEG-000713,Nashkel,The Twin Towers,Nashkel through Cloud Peaks to Crimmor,road,road,Mule cart,False,False,71.083257,2000,18.4,3.87,8.83,0.124
LEG-000714,Nathlekh,Assam,Ormath through Assam to Nathlekh,trail,trail,Pack pony string,False,False,99.563345,1200,14.0,7.13,12.65,0.212
LEG-000714,Nathlekh,Assam,Ormath through Assam to Nathlekh,trail,trail,Mule train,False,False,99.563345,2400,13.3,7.49,23.96,0.201
LEG-000714,Nathlekh,Assam,Ormath through Assam to Nathlekh,trail,trail,Porter company,False,False,99.563345,1000,10.4,9.6,13.31,0.267
LEG-000715,Nathoud,Bildoobaris,N'Jast to Nathoud,trail,trail,Pack pony string,False,False,415.524131,1200,14.0,29.75,52.78,0.212
LEG-000715,Nathoud,Bildoobaris,N'Jast to Nathoud,trail,trail,Mule train,False,False,415.524131,2400,13.3,31.24,100.01,0.201
LEG-000715,Nathoud,Bildoobaris,N'Jast to Nathoud,trail,trail,Porter company,False,False,415.524131,1000,10.4,40.05,55.56,0.267
LEG-000716,Nathoud,Mulptan,Nathoud via Mulptan to Immilmar,trail,trail,Pack pony string,False,False,179.395511,1200,14.0,12.85,22.79,0.212
LEG-000716,Nathoud,Mulptan,Nathoud via Mulptan to Immilmar,trail,trail,Mule train,False,False,179.395511,2400,13.3,13.49,43.18,0.201
LEG-000716,Nathoud,Mulptan,Nathoud via Mulptan to Immilmar,trail,trail,Porter company,False,False,179.395511,1000,10.4,17.29,23.99,0.267
LEG-000717,Neldorild,Gheldaneth,Skuld to Gheldaneth trail,trail,trail,Pack pony string,False,False,68.478907,1200,14.0,4.9,8.7,0.212
LEG-000717,Neldorild,Gheldaneth,Skuld to Gheldaneth trail,trail,trail,Mule train,False,False,68.478907,2400,13.3,5.15,16.48,0.201
LEG-000717,Neldorild,Gheldaneth,Skuld to Gheldaneth trail,trail,trail,Porter company,False,False,68.478907,1000,10.4,6.6,9.16,0.267
LEG-000718,Neldorild,Skuld,Skuld to Gheldaneth trail,trail,trail,Pack pony string,False,False,107.759147,1200,14.0,7.72,13.69,0.212
LEG-000718,Neldorild,Skuld,Skuld to Gheldaneth trail,trail,trail,Mule train,False,False,107.759147,2400,13.3,8.1,25.94,0.201
LEG-000718,Neldorild,Skuld,Skuld to Gheldaneth trail,trail,trail,Porter company,False,False,107.759147,1000,10.4,10.39,14.41,0.267
LEG-000719,Nemesser,Lantan,local market ferry,ferry,ferry,Cargo ferry,True,False,91.915722,30000,17.6,5.24,169.27,0.123
LEG-000719,Nemesser,Lantan,local market ferry,ferry,ferry,Fast packet,True,False,91.915722,8000,24.4,3.77,61.77,0.168
LEG-000720,Nemesser,Sundrah,local market ferry,ferry,ferry,Cargo ferry,True,False,249.78833,30000,17.6,14.23,459.99,0.123
LEG-000720,Nemesser,Sundrah,local market ferry,ferry,ferry,Fast packet,True,False,249.78833,8000,24.4,10.25,167.86,0.168
LEG-000721,Nesmé,Everlund,The River Rauvin,river,river,Keelboat,False,False,145.225136,30000,44.1,3.29,136.93,0.063
LEG-000721,Nesmé,Everlund,The River Rauvin,river,river,River barge,False,False,145.225136,80000,30.2,4.8,299.41,0.052
LEG-000721,Nesmé,Everlund,The River Rauvin,river,river,Shallow-draft wherry,False,False,145.225136,12000,49.6,2.93,62.99,0.072
LEG-000722,Nesmé,Griffon's Nest,local market trail,trail,trail,Pack pony string,True,False,83.431709,1200,13.0,6.43,11.41,0.228
LEG-000722,Nesmé,Griffon's Nest,local market trail,trail,trail,Mule train,True,False,83.431709,2400,12.3,6.76,21.63,0.216
LEG-000722,Nesmé,Griffon's Nest,local market trail,trail,trail,Porter company,True,False,83.431709,1000,9.6,8.66,12.01,0.288
LEG-000723,Nesmé,Jalanthar,caravan track,track,track,Camel caravan,True,False,28.856368,3000,17.6,1.64,7.97,0.184
LEG-000723,Nesmé,Jalanthar,caravan track,track,track,Mule caravan,True,False,28.856368,2400,15.3,1.89,7.09,0.205
LEG-000723,Nesmé,Jalanthar,caravan track,track,track,Ox caravan,True,False,28.856368,5000,10.7,2.69,12.11,0.168
LEG-000724,Nesmé,Menzoberranzan,Menzoberranzan Surface Way,tunnel+trail,tunnel,Rothe caravan,True,True,35.618254,4000,3.9,9.05,34.51,0.484
LEG-000724,Nesmé,Menzoberranzan,Menzoberranzan Surface Way,tunnel+trail,tunnel,Deep mule train,True,True,35.618254,1800,4.8,7.42,18.27,0.57
LEG-000724,Nesmé,Menzoberranzan,Menzoberranzan Surface Way,tunnel+trail,tunnel,Porter company,True,True,35.618254,900,3.8,9.28,10.96,0.684
LEG-000724,Nesmé,Menzoberranzan,Menzoberranzan Surface Way,tunnel+trail,trail,Pack pony string,True,True,35.618254,1200,8.0,4.46,7.92,0.37
LEG-000724,Nesmé,Menzoberranzan,Menzoberranzan Surface Way,tunnel+trail,trail,Mule train,True,True,35.618254,2400,7.6,4.69,15.0,0.351
LEG-000724,Nesmé,Menzoberranzan,Menzoberranzan Surface Way,tunnel+trail,trail,Porter company,True,True,35.618254,1000,5.9,6.01,8.33,0.468
LEG-000725,Nesmé,Mirabar,caravan track,track,track,Camel caravan,True,False,187.597228,3000,11.4,16.48,80.12,0.285
LEG-000725,Nesmé,Mirabar,caravan track,track,track,Mule caravan,True,False,187.597228,2400,9.9,18.95,71.22,0.316
LEG-000725,Nesmé,Mirabar,caravan track,track,track,Ox caravan,True,False,187.597228,5000,6.9,27.07,121.67,0.259
LEG-000726,Nesmé,Mithral Hall,The Mithral Road,road,road,Ox freight wagon,False,False,72.911247,6000,16.4,4.44,22.66,0.104
LEG-000726,Nesmé,Mithral Hall,The Mithral Road,road,road,Horse freight wagon,False,False,72.911247,4000,22.8,3.2,18.42,0.126
LEG-000726,Nesmé,Mithral Hall,The Mithral Road,road,road,Mule cart,False,False,72.911247,2000,20.5,3.55,8.1,0.111
LEG-000727,Nesmé,Silverymoon,The Mithral Road,road,road,Ox freight wagon,False,False,132.708138,6000,16.4,8.08,41.24,0.104
LEG-000727,Nesmé,Silverymoon,The Mithral Road,road,road,Horse freight wagon,False,False,132.708138,4000,22.8,5.82,33.53,0.126
LEG-000727,Nesmé,Silverymoon,The Mithral Road,road,road,Mule cart,False,False,132.708138,2000,20.5,6.47,14.75,0.111
LEG-000728,Nesmé,Yartar,The Evermoor Way,road,road,Ox freight wagon,False,False,171.040258,6000,16.4,10.42,53.15,0.104
LEG-000728,Nesmé,Yartar,The Evermoor Way,road,road,Horse freight wagon,False,False,171.040258,4000,22.8,7.5,43.21,0.126
LEG-000728,Nesmé,Yartar,The Evermoor Way,road,road,Mule cart,False,False,171.040258,2000,20.5,8.34,19.01,0.111
LEG-000729,Nethentir,Nethjet,Nethjet through Amruthar to Pyarados,road,road,Ox freight wagon,False,False,34.754136,6000,14.7,2.37,12.07,0.116
LEG-000729,Nethentir,Nethjet,Nethjet through Amruthar to Pyarados,road,road,Horse freight wagon,False,False,34.754136,4000,20.4,1.7,9.81,0.141
LEG-000729,Nethentir,Nethjet,Nethjet through Amruthar to Pyarados,road,road,Mule cart,False,False,34.754136,2000,18.4,1.89,4.32,0.124
LEG-000730,Nethentir,Phent,Phent to Nethentir trail,trail,trail,Pack pony string,False,False,310.177939,1200,14.0,22.21,39.4,0.212
LEG-000730,Nethentir,Phent,Phent to Nethentir trail,trail,trail,Mule train,False,False,310.177939,2400,13.3,23.32,74.66,0.201
LEG-000730,Nethentir,Phent,Phent to Nethentir trail,trail,trail,Porter company,False,False,310.177939,1000,10.4,29.9,41.48,0.267
LEG-000731,Nethentir,Two Stars,Two Stars to Nethentir trail,trail,trail,Pack pony string,False,False,249.111956,1200,14.0,17.84,31.64,0.212
LEG-000731,Nethentir,Two Stars,Two Stars to Nethentir trail,trail,trail,Mule train,False,False,249.111956,2400,13.3,18.73,59.96,0.201
LEG-000731,Nethentir,Two Stars,Two Stars to Nethentir trail,trail,trail,Porter company,False,False,249.111956,1000,10.4,24.01,33.31,0.267
LEG-000732,Nethjet,Amruthar,Nethjet through Amruthar to Pyarados,road,road,Ox freight wagon,False,False,115.034766,6000,14.7,7.83,39.95,0.116
LEG-000732,Nethjet,Amruthar,Nethjet through Amruthar to Pyarados,road,road,Horse freight wagon,False,False,115.034766,4000,20.4,5.64,32.48,0.141
LEG-000732,Nethjet,Amruthar,Nethjet through Amruthar to Pyarados,road,road,Mule cart,False,False,115.034766,2000,18.4,6.27,14.29,0.124
LEG-000733,Nethjet,Nethentir,Nethjet through Amruthar to Pyarados,road,road,Ox freight wagon,False,False,34.754136,6000,14.7,2.37,12.07,0.116
LEG-000733,Nethjet,Nethentir,Nethjet through Amruthar to Pyarados,road,road,Horse freight wagon,False,False,34.754136,4000,20.4,1.7,9.81,0.141
LEG-000733,Nethjet,Nethentir,Nethjet through Amruthar to Pyarados,road,road,Mule cart,False,False,34.754136,2000,18.4,1.89,4.32,0.124
LEG-000734,Neverwinter,Leilon,The High Road,road,road,Ox freight wagon,False,False,90.603276,6000,21.6,4.19,21.4,0.079
LEG-000734,Neverwinter,Leilon,The High Road,road,road,Horse freight wagon,False,False,90.603276,4000,30.0,3.02,17.4,0.096
LEG-000734,Neverwinter,Leilon,The High Road,road,road,Mule cart,False,False,90.603276,2000,27.0,3.36,7.65,0.084
LEG-000735,Neverwinter,Luskan,caravan track,track,track,Camel caravan,True,False,126.281313,3000,17.6,7.18,34.9,0.184
LEG-000735,Neverwinter,Luskan,caravan track,track,track,Mule caravan,True,False,126.281313,2400,15.3,8.25,31.02,0.205
LEG-000735,Neverwinter,Luskan,caravan track,track,track,Ox caravan,True,False,126.281313,5000,10.7,11.79,52.99,0.168
LEG-000736,Neverwinter,Phandalin,caravan track,track,track,Camel caravan,True,False,120.524271,3000,17.6,6.85,33.31,0.184
LEG-000736,Neverwinter,Phandalin,caravan track,track,track,Mule caravan,True,False,120.524271,2400,15.3,7.88,29.61,0.205
LEG-000736,Neverwinter,Phandalin,caravan track,track,track,Ox caravan,True,False,120.524271,5000,10.7,11.25,50.58,0.168
LEG-000737,Neverwinter,Port Llast,The Sword Coast Run,sea,sea,Coasting cog,False,False,59.823908,100000,76.0,0.79,96.91,0.032
LEG-000737,Neverwinter,Port Llast,The Sword Coast Run,sea,sea,Merchant caravel,False,False,59.823908,180000,90.7,0.66,161.52,0.03
LEG-000737,Neverwinter,Port Llast,The Sword Coast Run,sea,sea,Deep-water galleon,False,False,59.823908,400000,82.1,0.73,308.69,0.026
LEG-000738,Neverwinter,Ruathym,Sea of Swords coasting run,sea,sea,Coasting cog,False,False,404.599011,100000,60.2,6.72,827.94,0.041
LEG-000738,Neverwinter,Ruathym,Sea of Swords coasting run,sea,sea,Merchant caravel,False,False,404.599011,180000,71.8,5.63,1379.9,0.038
LEG-000738,Neverwinter,Ruathym,Sea of Swords coasting run,sea,sea,Deep-water galleon,False,False,404.599011,400000,65.0,6.23,2637.13,0.033
LEG-000739,Neverwinter,Waterdeep,The Sword Coast Run,sea,sea,Coasting cog,False,False,246.606671,100000,76.0,3.24,399.5,0.032
LEG-000739,Neverwinter,Waterdeep,The Sword Coast Run,sea,sea,Merchant caravel,False,False,246.606671,180000,90.7,2.72,665.84,0.03
LEG-000739,Neverwinter,Waterdeep,The Sword Coast Run,sea,sea,Deep-water galleon,False,False,246.606671,400000,82.1,3.0,1272.49,0.026
LEG-000740,Nighthawk Tower,Phsant,local market trail,trail,trail,Pack pony string,True,False,294.736306,1200,13.0,22.73,40.32,0.228
LEG-000740,Nighthawk Tower,Phsant,local market trail,trail,trail,Mule train,True,False,294.736306,2400,12.3,23.87,76.4,0.216
LEG-000740,Nighthawk Tower,Phsant,local market trail,trail,trail,Porter company,True,False,294.736306,1000,9.6,30.6,42.44,0.288
LEG-000741,Nimbral,Calimport,Sea of Swords coasting run,sea,sea,Coasting cog,False,False,428.376587,100000,60.2,7.12,876.59,0.041
LEG-000741,Nimbral,Calimport,Sea of Swords coasting run,sea,sea,Merchant caravel,False,False,428.376587,180000,71.8,5.96,1460.99,0.038
LEG-000741,Nimbral,Calimport,Sea of Swords coasting run,sea,sea,Deep-water galleon,False,False,428.376587,400000,65.0,6.59,2792.11,0.033
LEG-000742,Nimbral,Fort Beluarian,local market trail,trail,trail,Pack pony string,True,False,24.455879,1200,13.0,1.89,3.35,0.228
LEG-000742,Nimbral,Fort Beluarian,local market trail,trail,trail,Mule train,True,False,24.455879,2400,12.3,1.98,6.34,0.216
LEG-000742,Nimbral,Fort Beluarian,local market trail,trail,trail,Porter company,True,False,24.455879,1000,9.6,2.54,3.52,0.288
LEG-000743,Nimbral,Lantan,Sea of Swords coasting run,sea,sea,Coasting cog,False,False,261.585053,100000,60.2,4.35,535.29,0.041
LEG-000743,Nimbral,Lantan,Sea of Swords coasting run,sea,sea,Merchant caravel,False,False,261.585053,180000,71.8,3.64,892.14,0.038
LEG-000743,Nimbral,Lantan,Sea of Swords coasting run,sea,sea,Deep-water galleon,False,False,261.585053,400000,65.0,4.03,1704.98,0.033
LEG-000744,Nimbral,Memnon,Sea of Swords coasting run,sea,sea,Coasting cog,False,False,393.175546,100000,60.2,6.53,804.56,0.041
LEG-000744,Nimbral,Memnon,Sea of Swords coasting run,sea,sea,Merchant caravel,False,False,393.175546,180000,71.8,5.47,1340.94,0.038
LEG-000744,Nimbral,Memnon,Sea of Swords coasting run,sea,sea,Deep-water galleon,False,False,393.175546,400000,65.0,6.05,2562.68,0.033
LEG-000745,Nimbral,Port Nyanzaru,Sea of Swords coasting run,sea,sea,Coasting cog,False,False,83.543821,100000,60.2,1.39,170.96,0.041
LEG-000745,Nimbral,Port Nyanzaru,Sea of Swords coasting run,sea,sea,Merchant caravel,False,False,83.543821,180000,71.8,1.16,284.93,0.038
LEG-000745,Nimbral,Port Nyanzaru,Sea of Swords coasting run,sea,sea,Deep-water galleon,False,False,83.543821,400000,65.0,1.29,544.53,0.033
LEG-000746,Nimbral,Sambar,local market ferry,ferry,ferry,Cargo ferry,True,False,313.059627,30000,17.6,17.84,576.51,0.123
LEG-000746,Nimbral,Sambar,local market ferry,ferry,ferry,Fast packet,True,False,313.059627,8000,24.4,12.84,210.38,0.168
LEG-000747,Nimbral,Velen,The Nimbral Run,sea+air,sea,Coasting cog,False,True,471.51808,100000,57.0,8.27,1018.48,0.043
LEG-000747,Nimbral,Velen,The Nimbral Run,sea+air,sea,Merchant caravel,False,True,471.51808,180000,68.0,6.93,1697.47,0.04
LEG-000747,Nimbral,Velen,The Nimbral Run,sea+air,sea,Deep-water galleon,False,True,471.51808,400000,61.6,7.66,3244.04,0.034
LEG-000747,Nimbral,Velen,The Nimbral Run,sea+air,air,Gryphon flight,False,True,471.51808,600,99.0,4.76,57.34,0.405
LEG-000747,Nimbral,Velen,The Nimbral Run,sea+air,air,Hippogriff flight,False,True,471.51808,450,87.1,5.41,37.12,0.35
LEG-000747,Nimbral,Velen,The Nimbral Run,sea+air,air,Giant eagle flight,False,True,471.51808,300,116.8,4.04,32.59,0.461
LEG-000747,Nimbral,Velen,The Nimbral Run,sea+air,air,Pegasus courier,False,True,471.51808,200,130.7,3.61,27.16,0.576
LEG-000747,Nimbral,Velen,The Nimbral Run,sea+air,air,Halruaan skyship,False,True,471.51808,20000,81.2,5.81,1488.74,0.316
LEG-000748,Nimbral,Winterkeep,The Nimbral Accord,teleport,teleport,Licensed portal transfer,False,False,3483.846257,2000,3750.0,0.93,4459.32,1.28
LEG-000748,Nimbral,Winterkeep,The Nimbral Accord,teleport,teleport,Priority circle transfer,False,False,3483.846257,500,4312.5,0.81,1505.02,1.728
LEG-000749,Nimpeth,Hlondeth,Mimph to Nimpeth trail,trail,trail,Pack pony string,False,False,94.740895,1200,14.0,6.78,12.03,0.212
LEG-000749,Nimpeth,Hlondeth,Mimph to Nimpeth trail,trail,trail,Mule train,False,False,94.740895,2400,13.3,7.12,22.8,0.201
LEG-000749,Nimpeth,Hlondeth,Mimph to Nimpeth trail,trail,trail,Porter company,False,False,94.740895,1000,10.4,9.13,12.67,0.267
LEG-000750,Nonthal,Gildenglade,Alaghon through Turmish to Hlondeth,road,road,Ox freight wagon,False,False,46.697745,6000,14.7,3.18,16.22,0.116
LEG-000750,Nonthal,Gildenglade,Alaghon through Turmish to Hlondeth,road,road,Horse freight wagon,False,False,46.697745,4000,20.4,2.29,13.19,0.141
LEG-000750,Nonthal,Gildenglade,Alaghon through Turmish to Hlondeth,road,road,Mule cart,False,False,46.697745,2000,18.4,2.54,5.8,0.124
LEG-000751,Nonthal,Morningstar Hollows,Alaghon through Turmish to Hlondeth,road,road,Ox freight wagon,False,False,63.693321,6000,14.7,4.34,22.12,0.116
LEG-000751,Nonthal,Morningstar Hollows,Alaghon through Turmish to Hlondeth,road,road,Horse freight wagon,False,False,63.693321,4000,20.4,3.12,17.98,0.141
LEG-000751,Nonthal,Morningstar Hollows,Alaghon through Turmish to Hlondeth,road,road,Mule cart,False,False,63.693321,2000,18.4,3.47,7.91,0.124
LEG-000752,Nyth,Telflamm,Telflamm through Phent and Phsant to Tammar,road,road,Ox freight wagon,False,False,51.614339,6000,14.7,3.51,17.93,0.116
LEG-000752,Nyth,Telflamm,Telflamm through Phent and Phsant to Tammar,road,road,Horse freight wagon,False,False,51.614339,4000,20.4,2.53,14.57,0.141
LEG-000752,Nyth,Telflamm,Telflamm through Phent and Phsant to Tammar,road,road,Mule cart,False,False,51.614339,2000,18.4,2.81,6.41,0.124
LEG-000753,Ordulin,Archenbridge,Arabel via Highmoon road to Ordulin,road,road,Ox freight wagon,False,False,176.957521,6000,14.7,12.05,61.46,0.116
LEG-000753,Ordulin,Archenbridge,Arabel via Highmoon road to Ordulin,road,road,Horse freight wagon,False,False,176.957521,4000,20.4,8.67,49.96,0.141
LEG-000753,Ordulin,Archenbridge,Arabel via Highmoon road to Ordulin,road,road,Mule cart,False,False,176.957521,2000,18.4,9.64,21.98,0.124
LEG-000754,Ordulin,Harrowdale Town,caravan track,track,track,Camel caravan,True,False,141.201735,3000,14.5,9.74,47.38,0.224
LEG-000754,Ordulin,Harrowdale Town,caravan track,track,track,Mule caravan,True,False,141.201735,2400,12.6,11.21,42.12,0.249
LEG-000754,Ordulin,Harrowdale Town,caravan track,track,track,Ox caravan,True,False,141.201735,5000,8.8,16.01,71.95,0.204
LEG-000755,Ordulin,Saerloon,caravan track,track,track,Camel caravan,True,False,156.016185,3000,17.6,8.87,43.12,0.184
LEG-000755,Ordulin,Saerloon,caravan track,track,track,Mule caravan,True,False,156.016185,2400,15.3,10.2,38.32,0.205
LEG-000755,Ordulin,Saerloon,caravan track,track,track,Ox caravan,True,False,156.016185,5000,10.7,14.57,65.47,0.168
LEG-000756,Ordulin,Scardale,Ordulin to Yhaunn,road,road,Ox freight wagon,False,False,115.073699,6000,14.7,7.83,39.96,0.116
LEG-000756,Ordulin,Scardale,Ordulin to Yhaunn,road,road,Horse freight wagon,False,False,115.073699,4000,20.4,5.64,32.49,0.141
LEG-000756,Ordulin,Scardale,Ordulin to Yhaunn,road,road,Mule cart,False,False,115.073699,2000,18.4,6.27,14.3,0.124
LEG-000757,Ordulin,Selgaunt,The Sembian Roads,road,road,Ox freight wagon,False,False,100.26514,6000,20.7,4.84,24.67,0.082
LEG-000757,Ordulin,Selgaunt,The Sembian Roads,road,road,Horse freight wagon,False,False,100.26514,4000,28.8,3.48,20.05,0.1
LEG-000757,Ordulin,Selgaunt,The Sembian Roads,road,road,Mule cart,False,False,100.26514,2000,25.9,3.87,8.82,0.088
LEG-000758,Ordulin,Yhaunn,The Sembian Roads,road,road,Ox freight wagon,False,False,56.262599,6000,20.7,2.71,13.84,0.082
LEG-000758,Ordulin,Yhaunn,The Sembian Roads,road,road,Horse freight wagon,False,False,56.262599,4000,28.8,1.95,11.25,0.1
LEG-000758,Ordulin,Yhaunn,The Sembian Roads,road,road,Mule cart,False,False,56.262599,2000,25.9,2.17,4.95,0.088
LEG-000759,Orlumbor,Baldur's Gate,Sea of Swords coasting run,sea,sea,Coasting cog,False,False,203.807802,100000,60.2,3.39,417.06,0.041
LEG-000759,Orlumbor,Baldur's Gate,Sea of Swords coasting run,sea,sea,Merchant caravel,False,False,203.807802,180000,71.8,2.84,695.09,0.038
LEG-000759,Orlumbor,Baldur's Gate,Sea of Swords coasting run,sea,sea,Deep-water galleon,False,False,203.807802,400000,65.0,3.14,1328.4,0.033
LEG-000760,Orlumbor,Candlekeep,Sea of Swords coasting run,sea,sea,Coasting cog,False,False,316.237284,100000,60.2,5.25,647.12,0.041
LEG-000760,Orlumbor,Candlekeep,Sea of Swords coasting run,sea,sea,Merchant caravel,False,False,316.237284,180000,71.8,4.4,1078.54,0.038
LEG-000760,Orlumbor,Candlekeep,Sea of Swords coasting run,sea,sea,Deep-water galleon,False,False,316.237284,400000,65.0,4.87,2061.2,0.033
LEG-000761,Orlumbor,Mintarn,The Nelanther Passage,sea,sea,Coasting cog,False,False,210.101737,100000,63.4,3.32,408.44,0.039
LEG-000761,Orlumbor,Mintarn,The Nelanther Passage,sea,sea,Merchant caravel,False,False,210.101737,180000,75.6,2.78,680.73,0.036
LEG-000761,Orlumbor,Mintarn,The Nelanther Passage,sea,sea,Deep-water galleon,False,False,210.101737,400000,68.4,3.07,1300.95,0.031
LEG-000762,Orlumbor,Warlock's Crypt,local market trail,trail,trail,Pack pony string,True,False,95.135535,1200,13.0,7.34,13.01,0.228
LEG-000762,Orlumbor,Warlock's Crypt,local market trail,trail,trail,Mule train,True,False,95.135535,2400,12.3,7.7,24.66,0.216
LEG-000762,Orlumbor,Warlock's Crypt,local market trail,trail,trail,Porter company,True,False,95.135535,1000,9.6,9.88,13.7,0.288
LEG-000763,Orlumbor,Waterdeep,The Nelanther Passage,sea,sea,Coasting cog,False,False,268.341424,100000,63.4,4.24,521.66,0.039
LEG-000763,Orlumbor,Waterdeep,The Nelanther Passage,sea,sea,Merchant caravel,False,False,268.341424,180000,75.6,3.55,869.43,0.036
LEG-000763,Orlumbor,Waterdeep,The Nelanther Passage,sea,sea,Deep-water galleon,False,False,268.341424,400000,68.4,3.92,1661.57,0.031
LEG-000764,Ormath,Assam,Ormath through Assam to Nathlekh,trail,trail,Pack pony string,False,False,108.56811,1200,14.0,7.77,13.79,0.212
LEG-000764,Ormath,Assam,Ormath through Assam to Nathlekh,trail,trail,Mule train,False,False,108.56811,2400,13.3,8.16,26.13,0.201
LEG-000764,Ormath,Assam,Ormath through Assam to Nathlekh,trail,trail,Porter company,False,False,108.56811,1000,10.4,10.47,14.52,0.267
LEG-000765,Ormath,Hlondeth,The Shining Plains Road,road,road,Ox freight wagon,False,False,289.478975,6000,17.3,16.75,85.45,0.098
LEG-000765,Ormath,Hlondeth,The Shining Plains Road,road,road,Horse freight wagon,False,False,289.478975,4000,24.0,12.06,69.47,0.12
LEG-000765,Ormath,Hlondeth,The Shining Plains Road,road,road,Mule cart,False,False,289.478975,2000,21.6,13.4,30.57,0.106
LEG-000766,Ormath,Lheshayl,The Shining Plains Road,road,road,Ox freight wagon,False,False,84.693565,6000,17.3,4.9,25.0,0.098
LEG-000766,Ormath,Lheshayl,The Shining Plains Road,road,road,Horse freight wagon,False,False,84.693565,4000,24.0,3.53,20.33,0.12
LEG-000766,Ormath,Lheshayl,The Shining Plains Road,road,road,Mule cart,False,False,84.693565,2000,21.6,3.92,8.94,0.106
LEG-000767,Ormpe,Vaelan,Ormpе through Vaelan and Assur toward Shoun,trail,trail,Pack pony string,False,False,72.920183,1200,14.0,5.22,9.26,0.212
LEG-000767,Ormpe,Vaelan,Ormpе through Vaelan and Assur toward Shoun,trail,trail,Mule train,False,False,72.920183,2400,13.3,5.48,17.55,0.201
LEG-000767,Ormpe,Vaelan,Ormpе through Vaelan and Assur toward Shoun,trail,trail,Porter company,False,False,72.920183,1000,10.4,7.03,9.75,0.267
LEG-000768,Ormpetarr,Arrabar,The Vilhon Road,road,road,Vilhon Reach Milk Run,False,False,87.73212,6000,17.3,5.08,25.9,0.098
LEG-000768,Ormpetarr,Arrabar,The Vilhon Road,road,road,Horse freight wagon,False,False,87.73212,4000,24.0,3.66,21.06,0.12
LEG-000768,Ormpetarr,Arrabar,The Vilhon Road,road,road,Mule cart,False,False,87.73212,2000,21.6,4.06,9.26,0.106
LEG-000769,Ormpetarr,Fort Arran,The Vilhon Road,road,road,Vilhon Reach Milk Run,False,False,48.80502,6000,14.7,3.32,16.95,0.116
LEG-000769,Ormpetarr,Fort Arran,The Vilhon Road,road,road,Horse freight wagon,False,False,48.80502,4000,20.4,2.39,13.78,0.141
LEG-000769,Ormpetarr,Fort Arran,The Vilhon Road,road,road,Mule cart,False,False,48.80502,2000,18.4,2.66,6.06,0.124
LEG-000770,Ormpetarr,Kagarr,The Golden Road: Ormpetarr to Innarlith,road,road,Ox freight wagon,False,False,98.676667,6000,14.7,6.72,34.27,0.116
LEG-000770,Ormpetarr,Kagarr,The Golden Road: Ormpetarr to Innarlith,road,road,Horse freight wagon,False,False,98.676667,4000,20.4,4.84,27.86,0.141
LEG-000770,Ormpetarr,Kagarr,The Golden Road: Ormpetarr to Innarlith,road,road,Mule cart,False,False,98.676667,2000,18.4,5.37,12.26,0.124
LEG-000771,Ormpur,Sheirtalar,Ormpur to Sheirtalar trail,trail,trail,Pack pony string,False,False,77.798911,1200,14.0,5.57,9.88,0.212
LEG-000771,Ormpur,Sheirtalar,Ormpur to Sheirtalar trail,trail,trail,Mule train,False,False,77.798911,2400,13.3,5.85,18.73,0.201
LEG-000771,Ormpur,Sheirtalar,Ormpur to Sheirtalar trail,trail,trail,Porter company,False,False,77.798911,1000,10.4,7.5,10.4,0.267
LEG-000772,Palischuk,Castle Perilous,Castle Perilous to Darmshall,trail,trail,Pack pony string,False,False,70.787011,1200,14.0,5.07,8.99,0.212
LEG-000772,Palischuk,Castle Perilous,Castle Perilous to Darmshall,trail,trail,Mule train,False,False,70.787011,2400,13.3,5.32,17.04,0.201
LEG-000772,Palischuk,Castle Perilous,Castle Perilous to Darmshall,trail,trail,Porter company,False,False,70.787011,1000,10.4,6.82,9.47,0.267
LEG-000773,Palischuk,Talagbar,Castle Perilous to Darmshall,trail,trail,Pack pony string,False,False,104.880203,1200,14.0,7.51,13.32,0.212
LEG-000773,Palischuk,Talagbar,Castle Perilous to Darmshall,trail,trail,Mule train,False,False,104.880203,2400,13.3,7.89,25.24,0.201
LEG-000773,Palischuk,Talagbar,Castle Perilous to Darmshall,trail,trail,Porter company,False,False,104.880203,1000,10.4,10.11,14.02,0.267
LEG-000774,Parnast,Evereska,caravan track,track,track,Camel caravan,True,False,82.51212,3000,14.5,5.69,27.69,0.224
LEG-000774,Parnast,Evereska,caravan track,track,track,Mule caravan,True,False,82.51212,2400,12.6,6.55,24.61,0.249
LEG-000774,Parnast,Evereska,caravan track,track,track,Ox caravan,True,False,82.51212,5000,8.8,9.36,42.05,0.204
LEG-000775,Parnast,Llorkh,The Delimbiyr Route,road,road,Ox freight wagon,False,False,147.312491,6000,14.7,10.03,51.16,0.116
LEG-000775,Parnast,Llorkh,The Delimbiyr Route,road,road,Horse freight wagon,False,False,147.312491,4000,20.4,7.22,41.59,0.141
LEG-000775,Parnast,Llorkh,The Delimbiyr Route,road,road,Mule cart,False,False,147.312491,2000,18.4,8.02,18.3,0.124
LEG-000776,Peltarch,Heliogabalus,Narfell Long Road from Impiltur junction to N'Jast,trail,trail,Pack pony string,False,False,348.237539,1200,14.0,24.94,44.24,0.212
LEG-000776,Peltarch,Heliogabalus,Narfell Long Road from Impiltur junction to N'Jast,trail,trail,Mule train,False,False,348.237539,2400,13.3,26.18,83.82,0.201
LEG-000776,Peltarch,Heliogabalus,Narfell Long Road from Impiltur junction to N'Jast,trail,trail,Porter company,False,False,348.237539,1000,10.4,33.57,46.56,0.267
LEG-000777,Peltarch,Jiyyd,Narfell Long Road from Impiltur junction to N'Jast,trail,trail,Pack pony string,False,False,85.813491,1200,14.0,6.14,10.9,0.212
LEG-000777,Peltarch,Jiyyd,Narfell Long Road from Impiltur junction to N'Jast,trail,trail,Mule train,False,False,85.813491,2400,13.3,6.45,20.65,0.201
LEG-000777,Peltarch,Jiyyd,Narfell Long Road from Impiltur junction to N'Jast,trail,trail,Porter company,False,False,85.813491,1000,10.4,8.27,11.47,0.267
LEG-000778,Phandalin,Amphail,caravan track,track,track,Camel caravan,True,False,102.858058,3000,14.5,7.1,34.52,0.224
LEG-000778,Phandalin,Amphail,caravan track,track,track,Mule caravan,True,False,102.858058,2400,12.6,8.16,30.68,0.249
LEG-000778,Phandalin,Amphail,caravan track,track,track,Ox caravan,True,False,102.858058,5000,8.8,11.66,52.41,0.204
LEG-000779,Phandalin,Leilon,caravan track,track,track,Camel caravan,True,False,66.672108,3000,17.6,3.79,18.43,0.184
LEG-000779,Phandalin,Leilon,caravan track,track,track,Mule caravan,True,False,66.672108,2400,15.3,4.36,16.38,0.205
LEG-000779,Phandalin,Leilon,caravan track,track,track,Ox caravan,True,False,66.672108,5000,10.7,6.23,27.98,0.168
LEG-000780,Phandalin,Longsaddle,caravan track,track,track,Camel caravan,True,False,118.022074,3000,17.6,6.71,32.62,0.184
LEG-000780,Phandalin,Longsaddle,caravan track,track,track,Mule caravan,True,False,118.022074,2400,15.3,7.71,28.99,0.205
LEG-000780,Phandalin,Longsaddle,caravan track,track,track,Ox caravan,True,False,118.022074,5000,10.7,11.02,49.53,0.168
LEG-000781,Phandalin,Neverwinter,caravan track,track,track,Camel caravan,True,False,120.524271,3000,17.6,6.85,33.31,0.184
LEG-000781,Phandalin,Neverwinter,caravan track,track,track,Mule caravan,True,False,120.524271,2400,15.3,7.88,29.61,0.205
LEG-000781,Phandalin,Neverwinter,caravan track,track,track,Ox caravan,True,False,120.524271,5000,10.7,11.25,50.58,0.168
LEG-000782,Phandalin,Red Larch,caravan track,track,track,Camel caravan,True,False,105.68349,3000,14.5,7.29,35.46,0.224
LEG-000782,Phandalin,Red Larch,caravan track,track,track,Mule caravan,True,False,105.68349,2400,12.6,8.39,31.52,0.249
LEG-000782,Phandalin,Red Larch,caravan track,track,track,Ox caravan,True,False,105.68349,5000,8.8,11.98,53.85,0.204
LEG-000783,Phandalin,Triboar,caravan track,track,track,Camel caravan,True,False,86.533288,3000,14.5,5.97,29.04,0.224
LEG-000783,Phandalin,Triboar,caravan track,track,track,Mule caravan,True,False,86.533288,2400,12.6,6.87,25.81,0.249
LEG-000783,Phandalin,Triboar,caravan track,track,track,Ox caravan,True,False,86.533288,5000,8.8,9.81,44.09,0.204
LEG-000784,Phannaskul,Maerlar,Skuld via Maerlar toward Khalab,road,road,Ox freight wagon,False,False,365.125321,6000,14.7,24.86,126.81,0.116
LEG-000784,Phannaskul,Maerlar,Skuld via Maerlar toward Khalab,road,road,Horse freight wagon,False,False,365.125321,4000,20.4,17.9,103.09,0.141
LEG-000784,Phannaskul,Maerlar,Skuld via Maerlar toward Khalab,road,road,Mule cart,False,False,365.125321,2000,18.4,19.89,45.36,0.124
LEG-000785,Phannaskul,Zindalankh,Skuld via Maerlar toward Khalab,road,road,Ox freight wagon,False,False,286.15022,6000,14.7,19.48,99.38,0.116
LEG-000785,Phannaskul,Zindalankh,Skuld via Maerlar toward Khalab,road,road,Horse freight wagon,False,False,286.15022,4000,20.4,14.03,80.8,0.141
LEG-000785,Phannaskul,Zindalankh,Skuld via Maerlar toward Khalab,road,road,Mule cart,False,False,286.15022,2000,18.4,15.59,35.55,0.124
LEG-000786,Phent,Nethentir,Phent to Nethentir trail,trail,trail,Pack pony string,False,False,310.177939,1200,14.0,22.21,39.4,0.212
LEG-000786,Phent,Nethentir,Phent to Nethentir trail,trail,trail,Mule train,False,False,310.177939,2400,13.3,23.32,74.66,0.201
LEG-000786,Phent,Nethentir,Phent to Nethentir trail,trail,trail,Porter company,False,False,310.177939,1000,10.4,29.9,41.48,0.267
LEG-000787,Phent,Phsant,Telflamm through Phent and Phsant to Tammar,road,road,Ox freight wagon,False,False,106.280926,6000,14.7,7.24,36.91,0.116
LEG-000787,Phent,Phsant,Telflamm through Phent and Phsant to Tammar,road,road,Horse freight wagon,False,False,106.280926,4000,20.4,5.21,30.01,0.141
LEG-000787,Phent,Phsant,Telflamm through Phent and Phsant to Tammar,road,road,Mule cart,False,False,106.280926,2000,18.4,5.79,13.2,0.124
LEG-000788,Phent,Telflamm,Telflamm through Phent and Phsant to Tammar,road,road,Ox freight wagon,False,False,79.627247,6000,14.7,5.42,27.65,0.116
LEG-000788,Phent,Telflamm,Telflamm through Phent and Phsant to Tammar,road,road,Horse freight wagon,False,False,79.627247,4000,20.4,3.9,22.48,0.141
LEG-000788,Phent,Telflamm,Telflamm through Phent and Phsant to Tammar,road,road,Mule cart,False,False,79.627247,2000,18.4,4.34,9.89,0.124
LEG-000789,Phlan,Hillsfar,Moonsea coasting run,sea,sea,Coasting cog,False,False,95.820301,100000,60.2,1.59,196.08,0.041
LEG-000789,Phlan,Hillsfar,Moonsea coasting run,sea,sea,Merchant caravel,False,False,95.820301,180000,71.8,1.33,326.8,0.038
LEG-000789,Phlan,Hillsfar,Moonsea coasting run,sea,sea,Deep-water galleon,False,False,95.820301,400000,65.0,1.47,624.55,0.033
LEG-000790,Phlan,Melvaunt,The Moonsea Run,sea,sea,Coasting cog,False,False,48.92157,100000,66.5,0.74,90.57,0.037
LEG-000790,Phlan,Melvaunt,The Moonsea Run,sea,sea,Merchant caravel,False,False,48.92157,180000,79.4,0.62,150.96,0.034
LEG-000790,Phlan,Melvaunt,The Moonsea Run,sea,sea,Deep-water galleon,False,False,48.92157,400000,71.8,0.68,288.5,0.029
LEG-000791,Phlan,Mulmaster,caravan track,track,track,Camel caravan,True,False,213.291655,3000,17.6,12.12,58.94,0.184
LEG-000791,Phlan,Mulmaster,caravan track,track,track,Mule caravan,True,False,213.291655,2400,15.3,13.94,52.39,0.205
LEG-000791,Phlan,Mulmaster,caravan track,track,track,Ox caravan,True,False,213.291655,5000,10.7,19.92,89.51,0.168
LEG-000792,Phlan,Thentia,caravan track,track,track,Camel caravan,True,False,84.868486,3000,17.6,4.82,23.45,0.184
LEG-000792,Phlan,Thentia,caravan track,track,track,Mule caravan,True,False,84.868486,2400,15.3,5.55,20.85,0.205
LEG-000792,Phlan,Thentia,caravan track,track,track,Ox caravan,True,False,84.868486,5000,10.7,7.92,35.61,0.168
LEG-000793,Phlan,Zhentil Keep,Moonsea coasting run,sea,sea,Coasting cog,False,False,74.109446,100000,60.2,1.23,151.65,0.041
LEG-000793,Phlan,Zhentil Keep,Moonsea coasting run,sea,sea,Merchant caravel,False,False,74.109446,180000,71.8,1.03,252.75,0.038
LEG-000793,Phlan,Zhentil Keep,Moonsea coasting run,sea,sea,Deep-water galleon,False,False,74.109446,400000,65.0,1.14,483.04,0.033
LEG-000794,Phsant,Eltabbar,The Golden Way,road,road,Ox freight wagon,False,False,420.489156,6000,19.0,22.12,112.84,0.089
LEG-000794,Phsant,Eltabbar,The Golden Way,road,road,Horse freight wagon,False,False,420.489156,4000,26.4,15.93,91.74,0.109
LEG-000794,Phsant,Eltabbar,The Golden Way,road,road,Mule cart,False,False,420.489156,2000,23.8,17.7,40.37,0.096
LEG-000795,Phsant,Nighthawk Tower,local market trail,trail,trail,Pack pony string,True,False,294.736306,1200,13.0,22.73,40.32,0.228
LEG-000795,Phsant,Nighthawk Tower,local market trail,trail,trail,Mule train,True,False,294.736306,2400,12.3,23.87,76.4,0.216
LEG-000795,Phsant,Nighthawk Tower,local market trail,trail,trail,Porter company,True,False,294.736306,1000,9.6,30.6,42.44,0.288
LEG-000796,Phsant,Phent,Telflamm through Phent and Phsant to Tammar,road,road,Ox freight wagon,False,False,106.280926,6000,14.7,7.24,36.91,0.116
LEG-000796,Phsant,Phent,Telflamm through Phent and Phsant to Tammar,road,road,Horse freight wagon,False,False,106.280926,4000,20.4,5.21,30.01,0.141
LEG-000796,Phsant,Phent,Telflamm through Phent and Phsant to Tammar,road,road,Mule cart,False,False,106.280926,2000,18.4,5.79,13.2,0.124
LEG-000797,Phsant,Tammar,Telflamm through Phent and Phsant to Tammar,road,road,Ox freight wagon,False,False,129.764965,6000,14.7,8.83,45.07,0.116
LEG-000797,Phsant,Tammar,Telflamm through Phent and Phsant to Tammar,road,road,Horse freight wagon,False,False,129.764965,4000,20.4,6.36,36.64,0.141
LEG-000797,Phsant,Tammar,Telflamm through Phent and Phsant to Tammar,road,road,Mule cart,False,False,129.764965,2000,18.4,7.07,16.12,0.124
LEG-000798,Phsant,Telflamm,The Golden Way,road,road,Ox freight wagon,False,False,185.908172,6000,19.0,9.78,49.89,0.089
LEG-000798,Phsant,Telflamm,The Golden Way,road,road,Horse freight wagon,False,False,185.908172,4000,26.4,7.04,40.56,0.109
LEG-000798,Phsant,Telflamm,The Golden Way,road,road,Mule cart,False,False,185.908172,2000,23.8,7.82,17.85,0.096
LEG-000799,Port Castigliar,Mezro,local market trail,trail,trail,Pack pony string,True,False,17.22353,1200,13.0,1.33,2.36,0.228
LEG-000799,Port Castigliar,Mezro,local market trail,trail,trail,Mule train,True,False,17.22353,2400,12.3,1.39,4.46,0.216
LEG-000799,Port Castigliar,Mezro,local market trail,trail,trail,Porter company,True,False,17.22353,1000,9.6,1.79,2.48,0.288
LEG-000800,Port Castigliar,Port Nyanzaru,local market trail,trail,trail,Pack pony string,True,False,88.748183,1200,13.0,6.84,12.14,0.228
LEG-000800,Port Castigliar,Port Nyanzaru,local market trail,trail,trail,Mule train,True,False,88.748183,2400,12.3,7.19,23.0,0.216
LEG-000800,Port Castigliar,Port Nyanzaru,local market trail,trail,trail,Porter company,True,False,88.748183,1000,9.6,9.21,12.78,0.288
LEG-000801,Port Ghaast,Khalab,Port Ghaast Ferry,ferry,ferry,Cargo ferry,False,False,173.347339,30000,20.2,8.56,276.66,0.106
LEG-000801,Port Ghaast,Khalab,Port Ghaast Ferry,ferry,ferry,Fast packet,False,False,173.347339,8000,28.1,6.16,100.96,0.146
LEG-000802,Port Llast,Leilon,caravan track,track,track,Camel caravan,True,False,117.851135,3000,17.6,6.7,32.57,0.184
LEG-000802,Port Llast,Leilon,caravan track,track,track,Mule caravan,True,False,117.851135,2400,15.3,7.7,28.95,0.205
LEG-000802,Port Llast,Leilon,caravan track,track,track,Ox caravan,True,False,117.851135,5000,10.7,11.0,49.46,0.168
LEG-000803,Port Llast,Longsaddle,caravan track,track,track,Camel caravan,True,False,160.256201,3000,17.6,9.11,44.29,0.184
LEG-000803,Port Llast,Longsaddle,caravan track,track,track,Mule caravan,True,False,160.256201,2400,15.3,10.47,39.37,0.205
LEG-000803,Port Llast,Longsaddle,caravan track,track,track,Ox caravan,True,False,160.256201,5000,10.7,14.96,67.25,0.168
LEG-000804,Port Llast,Luskan,The Sword Coast Run,sea,sea,Coasting cog,False,False,67.735441,100000,76.0,0.89,109.73,0.032
LEG-000804,Port Llast,Luskan,The Sword Coast Run,sea,sea,Merchant caravel,False,False,67.735441,180000,90.7,0.75,182.89,0.03
LEG-000804,Port Llast,Luskan,The Sword Coast Run,sea,sea,Deep-water galleon,False,False,67.735441,400000,82.1,0.83,349.51,0.026
LEG-000805,Port Llast,Neverwinter,The Sword Coast Run,sea,sea,Coasting cog,False,False,59.823908,100000,76.0,0.79,96.91,0.032
LEG-000805,Port Llast,Neverwinter,The Sword Coast Run,sea,sea,Merchant caravel,False,False,59.823908,180000,90.7,0.66,161.52,0.03
LEG-000805,Port Llast,Neverwinter,The Sword Coast Run,sea,sea,Deep-water galleon,False,False,59.823908,400000,82.1,0.73,308.69,0.026
LEG-000806,Port Llast,Ruathym,Sea of Swords coasting run,sea,sea,Coasting cog,False,False,359.777292,100000,60.2,5.98,736.22,0.041
LEG-000806,Port Llast,Ruathym,Sea of Swords coasting run,sea,sea,Merchant caravel,False,False,359.777292,180000,71.8,5.01,1227.03,0.038
LEG-000806,Port Llast,Ruathym,Sea of Swords coasting run,sea,sea,Deep-water galleon,False,False,359.777292,400000,65.0,5.54,2344.99,0.033
LEG-000807,Port Nyanzaru,Anchoril,local market ferry,ferry,ferry,Cargo ferry,True,False,233.690607,30000,17.6,13.32,430.35,0.123
LEG-000807,Port Nyanzaru,Anchoril,local market ferry,ferry,ferry,Fast packet,True,False,233.690607,8000,24.4,9.59,157.04,0.168
LEG-000808,Port Nyanzaru,Calimport,Sea of Swords coasting run,sea,sea,Coasting cog,False,False,469.703108,100000,60.2,7.8,961.16,0.041
LEG-000808,Port Nyanzaru,Calimport,Sea of Swords coasting run,sea,sea,Merchant caravel,False,False,469.703108,180000,71.8,6.54,1601.93,0.038
LEG-000808,Port Nyanzaru,Calimport,Sea of Swords coasting run,sea,sea,Deep-water galleon,False,False,469.703108,400000,65.0,7.23,3061.48,0.033
LEG-000809,Port Nyanzaru,Lantan,Sea of Swords coasting run,sea,sea,Coasting cog,False,False,336.139331,100000,60.2,5.58,687.85,0.041
LEG-000809,Port Nyanzaru,Lantan,Sea of Swords coasting run,sea,sea,Merchant caravel,False,False,336.139331,180000,71.8,4.68,1146.41,0.038
LEG-000809,Port Nyanzaru,Lantan,Sea of Swords coasting run,sea,sea,Deep-water galleon,False,False,336.139331,400000,65.0,5.17,2190.92,0.033
LEG-000810,Port Nyanzaru,Memnon,Sea of Swords coasting run,sea,sea,Coasting cog,False,False,458.680128,100000,60.2,7.62,938.6,0.041
LEG-000810,Port Nyanzaru,Memnon,Sea of Swords coasting run,sea,sea,Merchant caravel,False,False,458.680128,180000,71.8,6.39,1564.34,0.038
LEG-000810,Port Nyanzaru,Memnon,Sea of Swords coasting run,sea,sea,Deep-water galleon,False,False,458.680128,400000,65.0,7.06,2989.63,0.033
LEG-000811,Port Nyanzaru,Nimbral,Sea of Swords coasting run,sea,sea,Coasting cog,False,False,83.543821,100000,60.2,1.39,170.96,0.041
LEG-000811,Port Nyanzaru,Nimbral,Sea of Swords coasting run,sea,sea,Merchant caravel,False,False,83.543821,180000,71.8,1.16,284.93,0.038
LEG-000811,Port Nyanzaru,Nimbral,Sea of Swords coasting run,sea,sea,Deep-water galleon,False,False,83.543821,400000,65.0,1.29,544.53,0.033
LEG-000812,Port Nyanzaru,Port Castigliar,local market trail,trail,trail,Pack pony string,True,False,88.748183,1200,13.0,6.84,12.14,0.228
LEG-000812,Port Nyanzaru,Port Castigliar,local market trail,trail,trail,Mule train,True,False,88.748183,2400,12.3,7.19,23.0,0.216
LEG-000812,Port Nyanzaru,Port Castigliar,local market trail,trail,trail,Porter company,True,False,88.748183,1000,9.6,9.21,12.78,0.288
LEG-000813,Port Nyanzaru,Samargol,Halruaa-Chult Coastal Run,sea,sea,Sword Coast Coasters,False,False,543.824282,100000,66.5,8.17,1006.85,0.037
LEG-000813,Port Nyanzaru,Samargol,Halruaa-Chult Coastal Run,sea,sea,Merchant caravel,False,False,543.824282,180000,79.4,6.85,1678.09,0.034
LEG-000813,Port Nyanzaru,Samargol,Halruaa-Chult Coastal Run,sea,sea,Deep-water galleon,False,False,543.824282,400000,71.8,7.57,3207.01,0.029
LEG-000814,Port Nyanzaru,Tashluta,Chult-Tashalar Coastal Run,sea,sea,Sword Coast Coasters,False,False,692.246502,100000,66.5,10.41,1281.64,0.037
LEG-000814,Port Nyanzaru,Tashluta,Chult-Tashalar Coastal Run,sea,sea,Merchant caravel,False,False,692.246502,180000,79.4,8.72,2136.07,0.034
LEG-000814,Port Nyanzaru,Tashluta,Chult-Tashalar Coastal Run,sea,sea,Deep-water galleon,False,False,692.246502,400000,71.8,9.64,4082.28,0.029
LEG-000815,Praka,Heliogabalus,Trail's End to Ilmwatch road,road,road,Ox freight wagon,False,False,30.439276,6000,14.7,2.07,10.57,0.116
LEG-000815,Praka,Heliogabalus,Trail's End to Ilmwatch road,road,road,Horse freight wagon,False,False,30.439276,4000,20.4,1.49,8.59,0.141
LEG-000815,Praka,Heliogabalus,Trail's End to Ilmwatch road,road,road,Mule cart,False,False,30.439276,2000,18.4,1.66,3.78,0.124
LEG-000816,Praka,Trail's End,Trail's End to Ilmwatch road,road,road,Ox freight wagon,False,False,12.649111,6000,14.7,0.86,4.39,0.116
LEG-000816,Praka,Trail's End,Trail's End to Ilmwatch road,road,road,Horse freight wagon,False,False,12.649111,4000,20.4,0.62,3.57,0.141
LEG-000816,Praka,Trail's End,Trail's End to Ilmwatch road,road,road,Mule cart,False,False,12.649111,2000,18.4,0.69,1.57,0.124
LEG-000817,Priapurl,Easting,Iriaebor to Proskur,road,road,Ox freight wagon,False,False,79.36097,6000,14.7,5.4,27.56,0.116
LEG-000817,Priapurl,Easting,Iriaebor to Proskur,road,road,Horse freight wagon,False,False,79.36097,4000,20.4,3.89,22.41,0.141
LEG-000817,Priapurl,Easting,Iriaebor to Proskur,road,road,Mule cart,False,False,79.36097,2000,18.4,4.32,9.86,0.124
LEG-000818,Priapurl,Elversult,Proskur via Elversult and Teziir to Westgate,road,road,Ox freight wagon,False,False,109.279843,6000,14.7,7.44,37.95,0.116
LEG-000818,Priapurl,Elversult,Proskur via Elversult and Teziir to Westgate,road,road,Horse freight wagon,False,False,109.279843,4000,20.4,5.36,30.86,0.141
LEG-000818,Priapurl,Elversult,Proskur via Elversult and Teziir to Westgate,road,road,Mule cart,False,False,109.279843,2000,18.4,5.95,13.58,0.124
LEG-000819,Priapurl,Iriaebor,Trader's Road from Easting through Priapurl to Elversult,road,road,Ox freight wagon,False,False,123.166564,6000,14.7,8.39,42.78,0.116
LEG-000819,Priapurl,Iriaebor,Trader's Road from Easting through Priapurl to Elversult,road,road,Horse freight wagon,False,False,123.166564,4000,20.4,6.04,34.78,0.141
LEG-000819,Priapurl,Iriaebor,Trader's Road from Easting through Priapurl to Elversult,road,road,Mule cart,False,False,123.166564,2000,18.4,6.71,15.3,0.124
LEG-000820,Priapurl,Proskur,Iriaebor to Proskur,road,road,Ox freight wagon,False,False,64.503411,6000,14.7,4.39,22.4,0.116
LEG-000820,Priapurl,Proskur,Iriaebor to Proskur,road,road,Horse freight wagon,False,False,64.503411,4000,20.4,3.16,18.21,0.141
LEG-000820,Priapurl,Proskur,Iriaebor to Proskur,road,road,Mule cart,False,False,64.503411,2000,18.4,3.51,8.01,0.124
LEG-000821,Procampur,Alaghôn,Sea of Fallen Stars coasting run,sea,sea,Coasting cog,False,False,353.380036,100000,60.2,5.87,723.13,0.041
LEG-000821,Procampur,Alaghôn,Sea of Fallen Stars coasting run,sea,sea,Merchant caravel,False,False,353.380036,180000,71.8,4.92,1205.21,0.038
LEG-000821,Procampur,Alaghôn,Sea of Fallen Stars coasting run,sea,sea,Deep-water galleon,False,False,353.380036,400000,65.0,5.44,2303.29,0.033
LEG-000822,Procampur,Lyrabar,caravan track,track,track,Camel caravan,True,False,149.177813,3000,14.5,10.3,50.06,0.224
LEG-000822,Procampur,Lyrabar,caravan track,track,track,Mule caravan,True,False,149.177813,2400,12.6,11.84,44.5,0.249
LEG-000822,Procampur,Lyrabar,caravan track,track,track,Ox caravan,True,False,149.177813,5000,8.8,16.91,76.02,0.204
LEG-000823,Procampur,Ravens Bluff,Sea of Fallen Stars coasting run,sea,sea,Coasting cog,False,False,81.276134,100000,60.2,1.35,166.32,0.041
LEG-000823,Procampur,Ravens Bluff,Sea of Fallen Stars coasting run,sea,sea,Merchant caravel,False,False,81.276134,180000,71.8,1.13,277.19,0.038
LEG-000823,Procampur,Ravens Bluff,Sea of Fallen Stars coasting run,sea,sea,Deep-water galleon,False,False,81.276134,400000,65.0,1.25,529.75,0.033
LEG-000824,Procampur,Tantras,caravan track,track,track,Camel caravan,True,False,114.350208,3000,17.6,6.5,31.6,0.184
LEG-000824,Procampur,Tantras,caravan track,track,track,Mule caravan,True,False,114.350208,2400,15.3,7.47,28.09,0.205
LEG-000824,Procampur,Tantras,caravan track,track,track,Ox caravan,True,False,114.350208,5000,10.7,10.68,47.99,0.168
LEG-000825,Procampur,Tsurlagol,The Inner Sea Run,sea,sea,Coasting cog,False,False,45.701751,100000,76.0,0.6,74.04,0.032
LEG-000825,Procampur,Tsurlagol,The Inner Sea Run,sea,sea,Merchant caravel,False,False,45.701751,180000,90.7,0.5,123.39,0.03
LEG-000825,Procampur,Tsurlagol,The Inner Sea Run,sea,sea,Deep-water galleon,False,False,45.701751,400000,82.1,0.56,235.82,0.026
LEG-000826,Procampur,Yhaunn,The Inner Sea Run,sea,sea,Coasting cog,False,False,166.456511,100000,76.0,2.19,269.66,0.032
LEG-000826,Procampur,Yhaunn,The Inner Sea Run,sea,sea,Merchant caravel,False,False,166.456511,180000,90.7,1.83,449.43,0.03
LEG-000826,Procampur,Yhaunn,The Inner Sea Run,sea,sea,Deep-water galleon,False,False,166.456511,400000,82.1,2.03,858.92,0.026
LEG-000827,Pros,Ilipur,Proskur via Elversult and Teziir to Westgate,road,road,Ox freight wagon,False,False,58.28047,6000,14.7,3.97,20.24,0.116
LEG-000827,Pros,Ilipur,Proskur via Elversult and Teziir to Westgate,road,road,Horse freight wagon,False,False,58.28047,4000,20.4,2.86,16.46,0.141
LEG-000827,Pros,Ilipur,Proskur via Elversult and Teziir to Westgate,road,road,Mule cart,False,False,58.28047,2000,18.4,3.17,7.24,0.124
LEG-000828,Pros,Teziir,Proskur via Elversult and Teziir to Westgate,road,road,Ox freight wagon,False,False,92.70262,6000,14.7,6.31,32.2,0.116
LEG-000828,Pros,Teziir,Proskur via Elversult and Teziir to Westgate,road,road,Horse freight wagon,False,False,92.70262,4000,20.4,4.54,26.17,0.141
LEG-000828,Pros,Teziir,Proskur via Elversult and Teziir to Westgate,road,road,Mule cart,False,False,92.70262,2000,18.4,5.05,11.52,0.124
LEG-000829,Proskur,Arabel,Proskur through the western Cormyr road junction to Arabel,road,road,Ox freight wagon,False,False,348.522751,6000,14.7,23.73,121.04,0.116
LEG-000829,Proskur,Arabel,Proskur through the western Cormyr road junction to Arabel,road,road,Horse freight wagon,False,False,348.522751,4000,20.4,17.08,98.41,0.141
LEG-000829,Proskur,Arabel,Proskur through the western Cormyr road junction to Arabel,road,road,Mule cart,False,False,348.522751,2000,18.4,18.98,43.3,0.124
LEG-000830,Proskur,Elversult,The Chionthar Road,road,road,Ox freight wagon,False,False,122.062029,6000,19.9,6.14,31.33,0.086
LEG-000830,Proskur,Elversult,The Chionthar Road,road,road,Horse freight wagon,False,False,122.062029,4000,27.6,4.42,25.47,0.104
LEG-000830,Proskur,Elversult,The Chionthar Road,road,road,Mule cart,False,False,122.062029,2000,24.8,4.91,11.21,0.092
LEG-000831,Proskur,Iriaebor,The Chionthar Road,road,road,Ox freight wagon,False,False,147.577364,6000,19.9,7.43,37.88,0.086
LEG-000831,Proskur,Iriaebor,The Chionthar Road,road,road,Horse freight wagon,False,False,147.577364,4000,27.6,5.35,30.8,0.104
LEG-000831,Proskur,Iriaebor,The Chionthar Road,road,road,Mule cart,False,False,147.577364,2000,24.8,5.94,13.55,0.092
LEG-000832,Proskur,Marsember,caravan track,track,track,Camel caravan,True,False,179.705008,3000,14.5,12.4,60.3,0.224
LEG-000832,Proskur,Marsember,caravan track,track,track,Mule caravan,True,False,179.705008,2400,12.6,14.26,53.6,0.249
LEG-000832,Proskur,Marsember,caravan track,track,track,Ox caravan,True,False,179.705008,5000,8.8,20.37,91.57,0.204
LEG-000833,Proskur,Priapurl,Iriaebor to Proskur,road,road,Ox freight wagon,False,False,64.503411,6000,14.7,4.39,22.4,0.116
LEG-000833,Proskur,Priapurl,Iriaebor to Proskur,road,road,Horse freight wagon,False,False,64.503411,4000,20.4,3.16,18.21,0.141
LEG-000833,Proskur,Priapurl,Iriaebor to Proskur,road,road,Mule cart,False,False,64.503411,2000,18.4,3.51,8.01,0.124
LEG-000834,Proskur,Suzail,caravan track,track,track,Camel caravan,True,False,147.007075,3000,14.5,10.15,49.33,0.224
LEG-000834,Proskur,Suzail,caravan track,track,track,Mule caravan,True,False,147.007075,2400,12.6,11.67,43.85,0.249
LEG-000834,Proskur,Suzail,caravan track,track,track,Ox caravan,True,False,147.007075,5000,8.8,16.67,74.91,0.204
LEG-000835,Purskul,Athkatla,Athkatla to Crimmor,road,road,Ox freight wagon,False,False,88.813396,6000,14.7,6.05,30.84,0.116
LEG-000835,Purskul,Athkatla,Athkatla to Crimmor,road,road,Horse freight wagon,False,False,88.813396,4000,20.4,4.35,25.08,0.141
LEG-000835,Purskul,Athkatla,Athkatla to Crimmor,road,road,Mule cart,False,False,88.813396,2000,18.4,4.84,11.03,0.124
LEG-000836,Purskul,Crimmor,The Amnian Coast Road,road,road,Ox freight wagon,False,False,21.559453,6000,19.0,1.13,5.79,0.089
LEG-000836,Purskul,Crimmor,The Amnian Coast Road,road,road,Horse freight wagon,False,False,21.559453,4000,26.4,0.82,4.7,0.109
LEG-000836,Purskul,Crimmor,The Amnian Coast Road,road,road,Mule cart,False,False,21.559453,2000,23.8,0.91,2.07,0.096
LEG-000837,Purskul,Esmeltaran,The Amnian Coast Road,road,road,Ox freight wagon,False,False,233.630734,6000,19.0,12.29,62.7,0.089
LEG-000837,Purskul,Esmeltaran,The Amnian Coast Road,road,road,Horse freight wagon,False,False,233.630734,4000,26.4,8.85,50.97,0.109
LEG-000837,Purskul,Esmeltaran,The Amnian Coast Road,road,road,Mule cart,False,False,233.630734,2000,23.8,9.83,22.43,0.096
LEG-000838,Purskul,Imnescar,Crimmor through Purskul and Imnescar to Mosstone,road,road,Ox freight wagon,False,False,63.997396,6000,14.7,4.36,22.23,0.116
LEG-000838,Purskul,Imnescar,Crimmor through Purskul and Imnescar to Mosstone,road,road,Horse freight wagon,False,False,63.997396,4000,20.4,3.14,18.07,0.141
LEG-000838,Purskul,Imnescar,Crimmor through Purskul and Imnescar to Mosstone,road,road,Mule cart,False,False,63.997396,2000,18.4,3.49,7.95,0.124
LEG-000839,Purskul,Murann,caravan track,track,track,Camel caravan,True,False,146.951318,3000,17.6,8.35,40.61,0.184
LEG-000839,Purskul,Murann,caravan track,track,track,Mule caravan,True,False,146.951318,2400,15.3,9.6,36.1,0.205
LEG-000839,Purskul,Murann,caravan track,track,track,Ox caravan,True,False,146.951318,5000,10.7,13.72,61.67,0.168
LEG-000840,Purskul,Nashkel,caravan track,track,track,Camel caravan,True,False,121.665155,3000,17.6,6.91,33.62,0.184
LEG-000840,Purskul,Nashkel,caravan track,track,track,Mule caravan,True,False,121.665155,2400,15.3,7.95,29.89,0.205
LEG-000840,Purskul,Nashkel,caravan track,track,track,Ox caravan,True,False,121.665155,5000,10.7,11.36,51.06,0.168
LEG-000841,Purskul,The Twin Towers,Crimmor through Keczulla to Eshpurta,road,road,Ox freight wagon,False,False,52.145202,6000,14.7,3.55,18.11,0.116
LEG-000841,Purskul,The Twin Towers,Crimmor through Keczulla to Eshpurta,road,road,Horse freight wagon,False,False,52.145202,4000,20.4,2.56,14.72,0.141
LEG-000841,Purskul,The Twin Towers,Crimmor through Keczulla to Eshpurta,road,road,Mule cart,False,False,52.145202,2000,18.4,2.84,6.48,0.124
LEG-000842,Pyarados,Eltabbar,Eltabbar to Pyarados trail,trail,trail,Pack pony string,False,False,154.438412,1200,14.0,11.06,19.62,0.212
LEG-000842,Pyarados,Eltabbar,Eltabbar to Pyarados trail,trail,trail,Mule train,False,False,154.438412,2400,13.3,11.61,37.17,0.201
LEG-000842,Pyarados,Eltabbar,Eltabbar to Pyarados trail,trail,trail,Porter company,False,False,154.438412,1000,10.4,14.89,20.65,0.267
LEG-000843,Pyarados,Sultim,Pyarados to Sultim trail,trail,trail,Pack pony string,False,False,229.521124,1200,14.0,16.44,29.16,0.212
LEG-000843,Pyarados,Sultim,Pyarados to Sultim trail,trail,trail,Mule train,False,False,229.521124,2400,13.3,17.26,55.24,0.201
LEG-000843,Pyarados,Sultim,Pyarados to Sultim trail,trail,trail,Porter company,False,False,229.521124,1000,10.4,22.12,30.69,0.267
LEG-000844,Pyarados,Tyraturos,Nethjet through Amruthar to Pyarados,road,road,Ox freight wagon,False,False,103.249388,6000,14.7,7.03,35.86,0.116
LEG-000844,Pyarados,Tyraturos,Nethjet through Amruthar to Pyarados,road,road,Horse freight wagon,False,False,103.249388,4000,20.4,5.06,29.15,0.141
LEG-000844,Pyarados,Tyraturos,Nethjet through Amruthar to Pyarados,road,road,Mule cart,False,False,103.249388,2000,18.4,5.62,12.83,0.124
LEG-000845,Rauthil,Maerlar,Rauthil to Maerlar,trail,trail,Pack pony string,False,False,97.298206,1200,14.0,6.97,12.36,0.212
LEG-000845,Rauthil,Maerlar,Rauthil to Maerlar,trail,trail,Mule train,False,False,97.298206,2400,13.3,7.32,23.42,0.201
LEG-000845,Rauthil,Maerlar,Rauthil to Maerlar,trail,trail,Porter company,False,False,97.298206,1000,10.4,9.38,13.01,0.267
LEG-000846,Rauthil,Murghyr,Sultim through Rauthil to Murghyr,trail,trail,Pack pony string,False,False,93.723226,1200,14.0,6.71,11.91,0.212
LEG-000846,Rauthil,Murghyr,Sultim through Rauthil to Murghyr,trail,trail,Mule train,False,False,93.723226,2400,13.3,7.05,22.56,0.201
LEG-000846,Rauthil,Murghyr,Sultim through Rauthil to Murghyr,trail,trail,Porter company,False,False,93.723226,1000,10.4,9.03,12.53,0.267
LEG-000847,Rauthil,Sultim,Sultim through Rauthil to Murghyr,trail,trail,Pack pony string,False,False,89.389806,1200,14.0,6.4,11.36,0.212
LEG-000847,Rauthil,Sultim,Sultim through Rauthil to Murghyr,trail,trail,Mule train,False,False,89.389806,2400,13.3,6.72,21.51,0.201
LEG-000847,Rauthil,Sultim,Sultim through Rauthil to Murghyr,trail,trail,Porter company,False,False,89.389806,1000,10.4,8.62,11.95,0.267
LEG-000848,Ravens Bluff,Dragon Falls,Mulmaster through the Vast toward Procampur,road,road,Ox freight wagon,False,False,58.984962,6000,14.7,4.02,20.49,0.116
LEG-000848,Ravens Bluff,Dragon Falls,Mulmaster through the Vast toward Procampur,road,road,Horse freight wagon,False,False,58.984962,4000,20.4,2.89,16.65,0.141
LEG-000848,Ravens Bluff,Dragon Falls,Mulmaster through the Vast toward Procampur,road,road,Mule cart,False,False,58.984962,2000,18.4,3.21,7.33,0.124
LEG-000849,Ravens Bluff,Lyrabar,The Inner Sea Run,sea,sea,Coasting cog,False,False,171.812136,100000,76.0,2.26,278.34,0.032
LEG-000849,Ravens Bluff,Lyrabar,The Inner Sea Run,sea,sea,Merchant caravel,False,False,171.812136,180000,90.7,1.89,463.89,0.03
LEG-000849,Ravens Bluff,Lyrabar,The Inner Sea Run,sea,sea,Deep-water galleon,False,False,171.812136,400000,82.1,2.09,886.55,0.026
LEG-000850,Ravens Bluff,Procampur,Sea of Fallen Stars coasting run,sea,sea,Coasting cog,False,False,81.276134,100000,60.2,1.35,166.32,0.041
LEG-000850,Ravens Bluff,Procampur,Sea of Fallen Stars coasting run,sea,sea,Merchant caravel,False,False,81.276134,180000,71.8,1.13,277.19,0.038
LEG-000850,Ravens Bluff,Procampur,Sea of Fallen Stars coasting run,sea,sea,Deep-water galleon,False,False,81.276134,400000,65.0,1.25,529.75,0.033
LEG-000851,Ravens Bluff,Tantras,The Inner Sea Run,sea,sea,Coasting cog,False,False,43.161325,100000,76.0,0.57,69.92,0.032
LEG-000851,Ravens Bluff,Tantras,The Inner Sea Run,sea,sea,Merchant caravel,False,False,43.161325,180000,90.7,0.48,116.54,0.03
LEG-000851,Ravens Bluff,Tantras,The Inner Sea Run,sea,sea,Deep-water galleon,False,False,43.161325,400000,82.1,0.53,222.71,0.026
LEG-000852,Ravens Bluff,Tsurlagol,The Inner Sea Run,sea,sea,Coasting cog,False,False,89.102637,100000,76.0,1.17,144.35,0.032
LEG-000852,Ravens Bluff,Tsurlagol,The Inner Sea Run,sea,sea,Merchant caravel,False,False,89.102637,180000,90.7,0.98,240.58,0.03
LEG-000852,Ravens Bluff,Tsurlagol,The Inner Sea Run,sea,sea,Deep-water galleon,False,False,89.102637,400000,82.1,1.09,459.77,0.026
LEG-000853,Ravens Bluff,Yhaunn,Sea of Fallen Stars coasting run,sea,sea,Coasting cog,False,False,160.709054,100000,60.2,2.67,328.86,0.041
LEG-000853,Ravens Bluff,Yhaunn,Sea of Fallen Stars coasting run,sea,sea,Merchant caravel,False,False,160.709054,180000,71.8,2.24,548.1,0.038
LEG-000853,Ravens Bluff,Yhaunn,Sea of Fallen Stars coasting run,sea,sea,Deep-water galleon,False,False,160.709054,400000,65.0,2.47,1047.48,0.033
LEG-000854,Red Larch,Amphail,The Long Road,road,road,Ox freight wagon,False,False,47.614476,6000,19.0,2.5,12.78,0.089
LEG-000854,Red Larch,Amphail,The Long Road,road,road,Horse freight wagon,False,False,47.614476,4000,26.4,1.8,10.39,0.109
LEG-000854,Red Larch,Amphail,The Long Road,road,road,Mule cart,False,False,47.614476,2000,23.8,2.0,4.57,0.096
LEG-000855,Red Larch,Goldenfields,Long Road: Mirabar to Waterdeep,road,road,Ox freight wagon,False,False,52.719778,6000,14.7,3.59,18.31,0.116
LEG-000855,Red Larch,Goldenfields,Long Road: Mirabar to Waterdeep,road,road,Horse freight wagon,False,False,52.719778,4000,20.4,2.58,14.89,0.141
LEG-000855,Red Larch,Goldenfields,Long Road: Mirabar to Waterdeep,road,road,Mule cart,False,False,52.719778,2000,18.4,2.87,6.55,0.124
LEG-000856,Red Larch,Phandalin,caravan track,track,track,Camel caravan,True,False,105.68349,3000,14.5,7.29,35.46,0.224
LEG-000856,Red Larch,Phandalin,caravan track,track,track,Mule caravan,True,False,105.68349,2400,12.6,8.39,31.52,0.249
LEG-000856,Red Larch,Phandalin,caravan track,track,track,Ox caravan,True,False,105.68349,5000,8.8,11.98,53.85,0.204
LEG-000857,Red Larch,Stone Bridge,Long Road: Mirabar to Waterdeep,road,road,Ox freight wagon,False,False,76.867118,6000,14.7,5.23,26.7,0.116
LEG-000857,Red Larch,Stone Bridge,Long Road: Mirabar to Waterdeep,road,road,Horse freight wagon,False,False,76.867118,4000,20.4,3.77,21.7,0.141
LEG-000857,Red Larch,Stone Bridge,Long Road: Mirabar to Waterdeep,road,road,Mule cart,False,False,76.867118,2000,18.4,4.19,9.55,0.124
LEG-000858,Red Larch,Triboar,The Long Road,road,road,Ox freight wagon,False,False,51.216111,6000,19.0,2.69,13.74,0.089
LEG-000858,Red Larch,Triboar,The Long Road,road,road,Horse freight wagon,False,False,51.216111,4000,26.4,1.94,11.17,0.109
LEG-000858,Red Larch,Triboar,The Long Road,road,road,Mule cart,False,False,51.216111,2000,23.8,2.16,4.92,0.096
LEG-000859,Red Larch,Waterdeep,The Dessarin,river+road,river,Keelboat,False,True,109.158829,30000,44.1,2.48,102.92,0.063
LEG-000859,Red Larch,Waterdeep,The Dessarin,river+road,river,River barge,False,True,109.158829,80000,30.2,3.61,225.05,0.052
LEG-000859,Red Larch,Waterdeep,The Dessarin,river+road,river,Shallow-draft wherry,False,True,109.158829,12000,49.6,2.2,47.34,0.072
LEG-000859,Red Larch,Waterdeep,The Dessarin,river+road,road,Ox freight wagon,False,True,109.158829,6000,18.1,6.02,30.69,0.094
LEG-000859,Red Larch,Waterdeep,The Dessarin,river+road,road,Horse freight wagon,False,True,109.158829,4000,25.2,4.33,24.95,0.114
LEG-000859,Red Larch,Waterdeep,The Dessarin,river+road,road,Mule cart,False,True,109.158829,2000,22.7,4.81,10.98,0.101
LEG-000860,Red Larch,Yartar,The Dessarin,river+road,river,Keelboat,False,True,103.803372,30000,44.1,2.35,97.87,0.063
LEG-000860,Red Larch,Yartar,The Dessarin,river+road,river,River barge,False,True,103.803372,80000,30.2,3.43,214.01,0.052
LEG-000860,Red Larch,Yartar,The Dessarin,river+road,river,Shallow-draft wherry,False,True,103.803372,12000,49.6,2.09,45.02,0.072
LEG-000860,Red Larch,Yartar,The Dessarin,river+road,road,Ox freight wagon,False,True,103.803372,6000,18.1,5.72,29.18,0.094
LEG-000860,Red Larch,Yartar,The Dessarin,river+road,road,Horse freight wagon,False,True,103.803372,4000,25.2,4.12,23.73,0.114
LEG-000860,Red Larch,Yartar,The Dessarin,river+road,road,Mule cart,False,True,103.803372,2000,22.7,4.58,10.44,0.101
LEG-000861,Reddansyr,Daerlun,Proskur via Elversult and Teziir to Westgate,road,road,Ox freight wagon,False,False,157.802881,6000,14.7,10.74,54.8,0.116
LEG-000861,Reddansyr,Daerlun,Proskur via Elversult and Teziir to Westgate,road,road,Horse freight wagon,False,False,157.802881,4000,20.4,7.74,44.56,0.141
LEG-000861,Reddansyr,Daerlun,Proskur via Elversult and Teziir to Westgate,road,road,Mule cart,False,False,157.802881,2000,18.4,8.59,19.6,0.124
LEG-000862,Reddansyr,Teziir,Proskur via Elversult and Teziir to Westgate,road,road,Ox freight wagon,False,False,41.872898,6000,14.7,2.85,14.54,0.116
LEG-000862,Reddansyr,Teziir,Proskur via Elversult and Teziir to Westgate,road,road,Horse freight wagon,False,False,41.872898,4000,20.4,2.05,11.82,0.141
LEG-000862,Reddansyr,Teziir,Proskur via Elversult and Teziir to Westgate,road,road,Mule cart,False,False,41.872898,2000,18.4,2.28,5.2,0.124
LEG-000863,Relkath's Foot,Delthuntle,local market trail,trail,trail,Pack pony string,True,False,111.895129,1200,13.0,8.63,15.31,0.228
LEG-000863,Relkath's Foot,Delthuntle,local market trail,trail,trail,Mule train,True,False,111.895129,2400,12.3,9.06,29.0,0.216
LEG-000863,Relkath's Foot,Delthuntle,local market trail,trail,trail,Porter company,True,False,111.895129,1000,9.6,11.62,16.11,0.288
LEG-000864,Relkath's Foot,Velprintalar,local market trail,trail,trail,Pack pony string,True,False,65.212652,1200,13.0,5.03,8.92,0.228
LEG-000864,Relkath's Foot,Velprintalar,local market trail,trail,trail,Mule train,True,False,65.212652,2400,12.3,5.28,16.9,0.216
LEG-000864,Relkath's Foot,Velprintalar,local market trail,trail,trail,Porter company,True,False,65.212652,1000,9.6,6.77,9.39,0.288
LEG-000865,Reth,Airspur,Airspur through Cimbar and Soorenar to Mordulkin,road,road,Ox freight wagon,False,False,63.611634,6000,14.7,4.33,22.09,0.116
LEG-000865,Reth,Airspur,Airspur through Cimbar and Soorenar to Mordulkin,road,road,Horse freight wagon,False,False,63.611634,4000,20.4,3.12,17.96,0.141
LEG-000865,Reth,Airspur,Airspur through Cimbar and Soorenar to Mordulkin,road,road,Mule cart,False,False,63.611634,2000,18.4,3.46,7.9,0.124
LEG-000866,Reth,Cimbar,Airspur through Cimbar and Soorenar to Mordulkin,road,road,Ox freight wagon,False,False,160.530148,6000,14.7,10.93,55.75,0.116
LEG-000866,Reth,Cimbar,Airspur through Cimbar and Soorenar to Mordulkin,road,road,Horse freight wagon,False,False,160.530148,4000,20.4,7.87,45.33,0.141
LEG-000866,Reth,Cimbar,Airspur through Cimbar and Soorenar to Mordulkin,road,road,Mule cart,False,False,160.530148,2000,18.4,8.74,19.94,0.124
LEG-000867,Reth,Hlath,Airspur through Reth to Hlath trail,trail,trail,Pack pony string,False,False,167.888536,1200,14.0,12.02,21.33,0.212
LEG-000867,Reth,Hlath,Airspur through Reth to Hlath trail,trail,trail,Mule train,False,False,167.888536,2400,13.3,12.62,40.41,0.201
LEG-000867,Reth,Hlath,Airspur through Reth to Hlath trail,trail,trail,Porter company,False,False,167.888536,1000,10.4,16.18,22.45,0.267
LEG-000868,Rethmar,Channathgate,Kormul through Rethmar and Channathgate to Eartheart,road,road,Ox freight wagon,False,False,115.148522,6000,14.7,7.84,39.99,0.116
LEG-000868,Rethmar,Channathgate,Kormul through Rethmar and Channathgate to Eartheart,road,road,Horse freight wagon,False,False,115.148522,4000,20.4,5.64,32.51,0.141
LEG-000868,Rethmar,Channathgate,Kormul through Rethmar and Channathgate to Eartheart,road,road,Mule cart,False,False,115.148522,2000,18.4,6.27,14.31,0.124
LEG-000869,Rethmar,Kormul,Kormul through Rethmar and Channathgate to Eartheart,road,road,Ox freight wagon,False,False,230.353876,6000,14.7,15.68,80.0,0.116
LEG-000869,Rethmar,Kormul,Kormul through Rethmar and Channathgate to Eartheart,road,road,Horse freight wagon,False,False,230.353876,4000,20.4,11.29,65.04,0.141
LEG-000869,Rethmar,Kormul,Kormul through Rethmar and Channathgate to Eartheart,road,road,Mule cart,False,False,230.353876,2000,18.4,12.55,28.62,0.124
LEG-000870,Riatavin,Brost,Brost to Riatavin,road,road,Ox freight wagon,False,False,301.246237,6000,14.7,20.51,104.62,0.116
LEG-000870,Riatavin,Brost,Brost to Riatavin,road,road,Horse freight wagon,False,False,301.246237,4000,20.4,14.77,85.06,0.141
LEG-000870,Riatavin,Brost,Brost to Riatavin,road,road,Mule cart,False,False,301.246237,2000,18.4,16.41,37.43,0.124
LEG-000871,Riatavin,Esmeltaran,The Amnian Coast Road,road,road,Ox freight wagon,False,False,330.684653,6000,19.0,17.4,88.74,0.089
LEG-000871,Riatavin,Esmeltaran,The Amnian Coast Road,road,road,Horse freight wagon,False,False,330.684653,4000,26.4,12.53,72.15,0.109
LEG-000871,Riatavin,Esmeltaran,The Amnian Coast Road,road,road,Mule cart,False,False,330.684653,2000,23.8,13.92,31.75,0.096
LEG-000872,Riatavin,Lheshayl,The Shining Plains Road,road,road,Ox freight wagon,False,False,385.902799,6000,17.3,22.33,113.92,0.098
LEG-000872,Riatavin,Lheshayl,The Shining Plains Road,road,road,Horse freight wagon,False,False,385.902799,4000,24.0,16.08,92.62,0.12
LEG-000872,Riatavin,Lheshayl,The Shining Plains Road,road,road,Mule cart,False,False,385.902799,2000,21.6,17.87,40.75,0.106
LEG-000873,Riatavin,Saradush,Riatavin to Saradush trail,trail,trail,Pack pony string,False,False,178.321024,1200,14.0,12.77,22.65,0.212
LEG-000873,Riatavin,Saradush,Riatavin to Saradush trail,trail,trail,Mule train,False,False,178.321024,2400,13.3,13.41,42.92,0.201
LEG-000873,Riatavin,Saradush,Riatavin to Saradush trail,trail,trail,Porter company,False,False,178.321024,1000,10.4,17.19,23.84,0.267
LEG-000874,Ruathym,Luskan,Sea of Swords coasting run,sea,sea,Coasting cog,False,False,301.833414,100000,60.2,5.01,617.65,0.041
LEG-000874,Ruathym,Luskan,Sea of Swords coasting run,sea,sea,Merchant caravel,False,False,301.833414,180000,71.8,4.2,1029.41,0.038
LEG-000874,Ruathym,Luskan,Sea of Swords coasting run,sea,sea,Deep-water galleon,False,False,301.833414,400000,65.0,4.65,1967.32,0.033
LEG-000875,Ruathym,Neverwinter,Sea of Swords coasting run,sea,sea,Coasting cog,False,False,404.599011,100000,60.2,6.72,827.94,0.041
LEG-000875,Ruathym,Neverwinter,Sea of Swords coasting run,sea,sea,Merchant caravel,False,False,404.599011,180000,71.8,5.63,1379.9,0.038
LEG-000875,Ruathym,Neverwinter,Sea of Swords coasting run,sea,sea,Deep-water galleon,False,False,404.599011,400000,65.0,6.23,2637.13,0.033
LEG-000876,Ruathym,Port Llast,Sea of Swords coasting run,sea,sea,Coasting cog,False,False,359.777292,100000,60.2,5.98,736.22,0.041
LEG-000876,Ruathym,Port Llast,Sea of Swords coasting run,sea,sea,Merchant caravel,False,False,359.777292,180000,71.8,5.01,1227.03,0.038
LEG-000876,Ruathym,Port Llast,Sea of Swords coasting run,sea,sea,Deep-water galleon,False,False,359.777292,400000,65.0,5.54,2344.99,0.033
LEG-000877,Ruathym,Waterdeep,Sea of Swords coasting run,sea,sea,Coasting cog,False,False,640.981256,100000,60.2,10.65,1311.65,0.041
LEG-000877,Ruathym,Waterdeep,Sea of Swords coasting run,sea,sea,Merchant caravel,False,False,640.981256,180000,71.8,8.92,2186.08,0.038
LEG-000877,Ruathym,Waterdeep,Sea of Swords coasting run,sea,sea,Deep-water galleon,False,False,640.981256,400000,65.0,9.86,4177.85,0.033
LEG-000878,Saelmur,Ankhapur,Saradush through Mintar to Ankhapur,trail,trail,Pack pony string,False,False,139.154468,1200,14.0,9.96,17.68,0.212
LEG-000878,Saelmur,Ankhapur,Saradush through Mintar to Ankhapur,trail,trail,Mule train,False,False,139.154468,2400,13.3,10.46,33.49,0.201
LEG-000878,Saelmur,Ankhapur,Saradush through Mintar to Ankhapur,trail,trail,Porter company,False,False,139.154468,1000,10.4,13.41,18.61,0.267
LEG-000879,Saelmur,Mintar,Saradush through Mintar to Ankhapur,trail,trail,Pack pony string,False,False,118.834447,1200,14.0,8.51,15.1,0.212
LEG-000879,Saelmur,Mintar,Saradush through Mintar to Ankhapur,trail,trail,Mule train,False,False,118.834447,2400,13.3,8.93,28.6,0.201
LEG-000879,Saelmur,Mintar,Saradush through Mintar to Ankhapur,trail,trail,Porter company,False,False,118.834447,1000,10.4,11.46,15.89,0.267
LEG-000880,Saerloon,Archenbridge,caravan track,track,track,Camel caravan,True,False,90.217349,3000,14.5,6.23,30.27,0.224
LEG-000880,Saerloon,Archenbridge,caravan track,track,track,Mule caravan,True,False,90.217349,2400,12.6,7.16,26.91,0.249
LEG-000880,Saerloon,Archenbridge,caravan track,track,track,Ox caravan,True,False,90.217349,5000,8.8,10.23,45.97,0.204
LEG-000881,Saerloon,Cedarspoke,local market trail,trail,trail,Pack pony string,True,False,188.202072,1200,13.0,14.51,25.75,0.228
LEG-000881,Saerloon,Cedarspoke,local market trail,trail,trail,Mule train,True,False,188.202072,2400,12.3,15.24,48.78,0.216
LEG-000881,Saerloon,Cedarspoke,local market trail,trail,trail,Porter company,True,False,188.202072,1000,9.6,19.54,27.1,0.288
LEG-000882,Saerloon,Highmoon,caravan track,track,track,Camel caravan,True,False,161.616831,3000,14.5,11.15,54.23,0.224
LEG-000882,Saerloon,Highmoon,caravan track,track,track,Mule caravan,True,False,161.616831,2400,12.6,12.83,48.21,0.249
LEG-000882,Saerloon,Highmoon,caravan track,track,track,Ox caravan,True,False,161.616831,5000,8.8,18.32,82.36,0.204
LEG-000883,Saerloon,Ordulin,caravan track,track,track,Camel caravan,True,False,156.016185,3000,17.6,8.87,43.12,0.184
LEG-000883,Saerloon,Ordulin,caravan track,track,track,Mule caravan,True,False,156.016185,2400,15.3,10.2,38.32,0.205
LEG-000883,Saerloon,Ordulin,caravan track,track,track,Ox caravan,True,False,156.016185,5000,10.7,14.57,65.47,0.168
LEG-000884,Saerloon,Selgaunt,The Inner Sea Run,sea,sea,Coasting cog,False,False,60.601155,100000,76.0,0.8,98.17,0.032
LEG-000884,Saerloon,Selgaunt,The Inner Sea Run,sea,sea,Merchant caravel,False,False,60.601155,180000,90.7,0.67,163.62,0.03
LEG-000884,Saerloon,Selgaunt,The Inner Sea Run,sea,sea,Deep-water galleon,False,False,60.601155,400000,82.1,0.74,312.7,0.026
LEG-000885,Saerloon,Urmlaspyr,The Inner Sea Run,sea,sea,Coasting cog,False,False,129.812942,100000,76.0,1.71,210.3,0.032
LEG-000885,Saerloon,Urmlaspyr,The Inner Sea Run,sea,sea,Merchant caravel,False,False,129.812942,180000,90.7,1.43,350.49,0.03
LEG-000885,Saerloon,Urmlaspyr,The Inner Sea Run,sea,sea,Deep-water galleon,False,False,129.812942,400000,82.1,1.58,669.83,0.026
LEG-000886,Saerloon,Wheloon,Daerlun to Selgaunt via Saerloon junction,road,road,Ox freight wagon,False,False,152.280834,6000,14.7,10.37,52.89,0.116
LEG-000886,Saerloon,Wheloon,Daerlun to Selgaunt via Saerloon junction,road,road,Horse freight wagon,False,False,152.280834,4000,20.4,7.46,43.0,0.141
LEG-000886,Saerloon,Wheloon,Daerlun to Selgaunt via Saerloon junction,road,road,Mule cart,False,False,152.280834,2000,18.4,8.29,18.92,0.124
LEG-000887,Saerloon,Yhaunn,Ordulin to Selgaunt,road,road,Ox freight wagon,False,False,217.128894,6000,14.7,14.78,75.41,0.116
LEG-000887,Saerloon,Yhaunn,Ordulin to Selgaunt,road,road,Horse freight wagon,False,False,217.128894,4000,20.4,10.64,61.31,0.141
LEG-000887,Saerloon,Yhaunn,Ordulin to Selgaunt,road,road,Mule cart,False,False,217.128894,2000,18.4,11.83,26.98,0.124
LEG-000888,Samargol,Port Nyanzaru,Halruaa-Chult Coastal Run,sea,sea,Sword Coast Coasters,False,False,543.824282,100000,66.5,8.17,1006.85,0.037
LEG-000888,Samargol,Port Nyanzaru,Halruaa-Chult Coastal Run,sea,sea,Merchant caravel,False,False,543.824282,180000,79.4,6.85,1678.09,0.034
LEG-000888,Samargol,Port Nyanzaru,Halruaa-Chult Coastal Run,sea,sea,Deep-water galleon,False,False,543.824282,400000,71.8,7.57,3207.01,0.029
LEG-000889,Samargol,Tashluta,Sea of Swords coasting run,sea,sea,Coasting cog,False,False,527.784511,100000,60.2,8.77,1080.01,0.041
LEG-000889,Samargol,Tashluta,Sea of Swords coasting run,sea,sea,Merchant caravel,False,False,527.784511,180000,71.8,7.35,1800.02,0.038
LEG-000889,Samargol,Tashluta,Sea of Swords coasting run,sea,sea,Deep-water galleon,False,False,527.784511,400000,65.0,8.12,3440.04,0.033
LEG-000890,Samargol,Thindar,Halruaa-Chult Coastal Run,sea,sea,Sword Coast Coasters,False,False,256.910879,100000,66.5,3.86,475.65,0.037
LEG-000890,Samargol,Thindar,Halruaa-Chult Coastal Run,sea,sea,Merchant caravel,False,False,256.910879,180000,79.4,3.24,792.75,0.034
LEG-000890,Samargol,Thindar,Halruaa-Chult Coastal Run,sea,sea,Deep-water galleon,False,False,256.910879,400000,71.8,3.58,1515.04,0.029
LEG-000891,Sambar,Nimbral,local market ferry,ferry,ferry,Cargo ferry,True,False,313.059627,30000,17.6,17.84,576.51,0.123
LEG-000891,Sambar,Nimbral,local market ferry,ferry,ferry,Fast packet,True,False,313.059627,8000,24.4,12.84,210.38,0.168
LEG-000892,Sammarash,Ithmong,Sheirtalar through Lushpool and Ithmong to Sammarash,road,road,Ox freight wagon,False,False,139.293644,6000,14.7,9.48,48.38,0.116
LEG-000892,Sammarash,Ithmong,Sheirtalar through Lushpool and Ithmong to Sammarash,road,road,Horse freight wagon,False,False,139.293644,4000,20.4,6.83,39.33,0.141
LEG-000892,Sammarash,Ithmong,Sheirtalar through Lushpool and Ithmong to Sammarash,road,road,Mule cart,False,False,139.293644,2000,18.4,7.59,17.31,0.124
LEG-000893,Samra,Hlath,The Vilhon Road,road,road,Vilhon Reach Milk Run,False,False,185.03544,6000,14.7,12.6,64.26,0.116
LEG-000893,Samra,Hlath,The Vilhon Road,road,road,Horse freight wagon,False,False,185.03544,4000,20.4,9.07,52.25,0.141
LEG-000893,Samra,Hlath,The Vilhon Road,road,road,Mule cart,False,False,185.03544,2000,18.4,10.08,22.99,0.124
LEG-000894,Samra,Iljak,Iljak junction through Elbulder to Torsh trail,trail,trail,Pack pony string,False,False,24.605894,1200,14.0,1.76,3.13,0.212
LEG-000894,Samra,Iljak,Iljak junction through Elbulder to Torsh trail,trail,trail,Mule train,False,False,24.605894,2400,13.3,1.85,5.92,0.201
LEG-000894,Samra,Iljak,Iljak junction through Elbulder to Torsh trail,trail,trail,Porter company,False,False,24.605894,1000,10.4,2.37,3.29,0.267
LEG-000895,Samra,Shamph,The Vilhon Road,road,road,Vilhon Reach Milk Run,False,False,27.165736,6000,14.7,1.85,9.43,0.116
LEG-000895,Samra,Shamph,The Vilhon Road,road,road,Horse freight wagon,False,False,27.165736,4000,20.4,1.33,7.67,0.141
LEG-000895,Samra,Shamph,The Vilhon Road,road,road,Mule cart,False,False,27.165736,2000,18.4,1.48,3.37,0.124
LEG-000896,Sapra,Hlath,local market trail,trail,trail,Pack pony string,True,False,119.12548,1200,13.0,9.19,16.3,0.228
LEG-000896,Sapra,Hlath,local market trail,trail,trail,Mule train,True,False,119.12548,2400,12.3,9.65,30.88,0.216
LEG-000896,Sapra,Hlath,local market trail,trail,trail,Porter company,True,False,119.12548,1000,9.6,12.37,17.15,0.288
LEG-000897,Saradush,Darromar,The Tethyrian Roads,road,road,Ox freight wagon,False,False,208.951925,6000,18.1,11.52,58.75,0.094
LEG-000897,Saradush,Darromar,The Tethyrian Roads,road,road,Horse freight wagon,False,False,208.951925,4000,25.2,8.29,47.76,0.114
LEG-000897,Saradush,Darromar,The Tethyrian Roads,road,road,Mule cart,False,False,208.951925,2000,22.7,9.21,21.01,0.101
LEG-000898,Saradush,Mintar,Saradush through Mintar to Ankhapur,trail,trail,Pack pony string,False,False,164.310216,1200,14.0,11.77,20.87,0.212
LEG-000898,Saradush,Mintar,Saradush through Mintar to Ankhapur,trail,trail,Mule train,False,False,164.310216,2400,13.3,12.35,39.55,0.201
LEG-000898,Saradush,Mintar,Saradush through Mintar to Ankhapur,trail,trail,Porter company,False,False,164.310216,1000,10.4,15.84,21.97,0.267
LEG-000899,Saradush,Riatavin,Riatavin to Saradush trail,trail,trail,Pack pony string,False,False,178.321024,1200,14.0,12.77,22.65,0.212
LEG-000899,Saradush,Riatavin,Riatavin to Saradush trail,trail,trail,Mule train,False,False,178.321024,2400,13.3,13.41,42.92,0.201
LEG-000899,Saradush,Riatavin,Riatavin to Saradush trail,trail,trail,Porter company,False,False,178.321024,1000,10.4,17.19,23.84,0.267
LEG-000900,Sarshel,Dilpur,Ilmwatch south to Sarshel junction,road,road,Ox freight wagon,False,False,33.828095,6000,14.7,2.3,11.75,0.116
LEG-000900,Sarshel,Dilpur,Ilmwatch south to Sarshel junction,road,road,Horse freight wagon,False,False,33.828095,4000,20.4,1.66,9.55,0.141
LEG-000900,Sarshel,Dilpur,Ilmwatch south to Sarshel junction,road,road,Mule cart,False,False,33.828095,2000,18.4,1.84,4.2,0.124
LEG-000901,Scardale,Harrowdale,Harrowdale to Scardale trail,trail,trail,Pack pony string,False,False,90.384539,1200,14.0,6.47,11.48,0.212
LEG-000901,Scardale,Harrowdale,Harrowdale to Scardale trail,trail,trail,Mule train,False,False,90.384539,2400,13.3,6.8,21.75,0.201
LEG-000901,Scardale,Harrowdale,Harrowdale to Scardale trail,trail,trail,Porter company,False,False,90.384539,1000,10.4,8.71,12.09,0.267
LEG-000902,Scardale,Ordulin,Ordulin to Yhaunn,road,road,Ox freight wagon,False,False,115.073699,6000,14.7,7.83,39.96,0.116
LEG-000902,Scardale,Ordulin,Ordulin to Yhaunn,road,road,Horse freight wagon,False,False,115.073699,4000,20.4,5.64,32.49,0.141
LEG-000902,Scardale,Ordulin,Ordulin to Yhaunn,road,road,Mule cart,False,False,115.073699,2000,18.4,6.27,14.3,0.124
LEG-000903,Scardale,Yhaunn,Moonsea Ride junction via Essembra to Scardale,road,road,Ox freight wagon,False,False,58.5235,6000,14.7,3.98,20.32,0.116
LEG-000903,Scardale,Yhaunn,Moonsea Ride junction via Essembra to Scardale,road,road,Horse freight wagon,False,False,58.5235,4000,20.4,2.87,16.52,0.141
LEG-000903,Scardale,Yhaunn,Moonsea Ride junction via Essembra to Scardale,road,road,Mule cart,False,False,58.5235,2000,18.4,3.19,7.27,0.124
LEG-000904,Schamedar,Almraiven,Manshaka through Schamedar toward Almraiven,trail,trail,Pack pony string,False,False,247.80292,1200,14.0,17.74,31.48,0.212
LEG-000904,Schamedar,Almraiven,Manshaka through Schamedar toward Almraiven,trail,trail,Mule train,False,False,247.80292,2400,13.3,18.63,59.64,0.201
LEG-000904,Schamedar,Almraiven,Manshaka through Schamedar toward Almraiven,trail,trail,Porter company,False,False,247.80292,1000,10.4,23.89,33.13,0.267
LEG-000905,Schamedar,Manshaka,Manshaka through Schamedar toward Almraiven,trail,trail,Pack pony string,False,False,45.88557,1200,14.0,3.29,5.83,0.212
LEG-000905,Schamedar,Manshaka,Manshaka through Schamedar toward Almraiven,trail,trail,Mule train,False,False,45.88557,2400,13.3,3.45,11.04,0.201
LEG-000905,Schamedar,Manshaka,Manshaka through Schamedar toward Almraiven,trail,trail,Porter company,False,False,45.88557,1000,10.4,4.42,6.14,0.267
LEG-000906,Scornubel,Berdusk,The Chionthar,river+barge,river,Keelboat,False,True,110.851838,30000,50.4,2.2,91.45,0.055
LEG-000906,Scornubel,Berdusk,The Chionthar,river+barge,river,River barge,False,True,110.851838,80000,34.6,3.21,199.98,0.045
LEG-000906,Scornubel,Berdusk,The Chionthar,river+barge,river,Shallow-draft wherry,False,True,110.851838,12000,56.6,1.96,42.07,0.063
LEG-000906,Scornubel,Berdusk,The Chionthar,river+barge,barge,Canal barge,False,True,110.851838,100000,26.2,4.23,194.54,0.035
LEG-000906,Scornubel,Berdusk,The Chionthar,river+barge,barge,Horse-drawn barge,False,True,110.851838,70000,33.6,3.3,157.13,0.041
LEG-000907,Scornubel,Boareskyr Bridge,caravan track,track,track,Camel caravan,True,False,165.870371,3000,17.6,9.43,45.84,0.184
LEG-000907,Scornubel,Boareskyr Bridge,caravan track,track,track,Mule caravan,True,False,165.870371,2400,15.3,10.84,40.75,0.205
LEG-000907,Scornubel,Boareskyr Bridge,caravan track,track,track,Ox caravan,True,False,165.870371,5000,10.7,15.49,69.61,0.168
LEG-000908,Scornubel,Elturel,The Chionthar,river+barge,river,Keelboat,False,True,86.619744,30000,50.4,1.72,71.46,0.055
LEG-000908,Scornubel,Elturel,The Chionthar,river+barge,river,River barge,False,True,86.619744,80000,34.6,2.51,156.26,0.045
LEG-000908,Scornubel,Elturel,The Chionthar,river+barge,river,Shallow-draft wherry,False,True,86.619744,12000,56.6,1.53,32.87,0.063
LEG-000908,Scornubel,Elturel,The Chionthar,river+barge,barge,Canal barge,False,True,86.619744,100000,26.2,3.31,152.02,0.035
LEG-000908,Scornubel,Elturel,The Chionthar,river+barge,barge,Horse-drawn barge,False,True,86.619744,70000,33.6,2.58,122.78,0.041
LEG-000909,Scornubel,Greenest,Elturel southeast to Berdusk approach trail,trail,trail,Pack pony string,False,False,161.820282,1200,14.0,11.59,20.56,0.212
LEG-000909,Scornubel,Greenest,Elturel southeast to Berdusk approach trail,trail,trail,Mule train,False,False,161.820282,2400,13.3,12.17,38.95,0.201
LEG-000909,Scornubel,Greenest,Elturel southeast to Berdusk approach trail,trail,trail,Porter company,False,False,161.820282,1000,10.4,15.6,21.64,0.267
LEG-000910,Scornubel,Hill's Edge,The Chionthar Road,road,road,Ox freight wagon,False,False,102.867536,6000,19.9,5.18,26.41,0.086
LEG-000910,Scornubel,Hill's Edge,The Chionthar Road,road,road,Horse freight wagon,False,False,102.867536,4000,27.6,3.73,21.47,0.104
LEG-000910,Scornubel,Hill's Edge,The Chionthar Road,road,road,Mule cart,False,False,102.867536,2000,24.8,4.14,9.45,0.092
LEG-000911,Scornubel,Iriaebor,caravan track,track,track,Camel caravan,True,False,153.040256,3000,17.6,8.7,42.29,0.184
LEG-000911,Scornubel,Iriaebor,caravan track,track,track,Mule caravan,True,False,153.040256,2400,15.3,10.0,37.59,0.205
LEG-000911,Scornubel,Iriaebor,caravan track,track,track,Ox caravan,True,False,153.040256,5000,10.7,14.29,64.22,0.168
LEG-000912,Scornubel,Soubar,caravan track,track,track,Camel caravan,True,False,129.483435,3000,17.6,7.36,35.78,0.184
LEG-000912,Scornubel,Soubar,caravan track,track,track,Mule caravan,True,False,129.483435,2400,15.3,8.46,31.81,0.205
LEG-000912,Scornubel,Soubar,caravan track,track,track,Ox caravan,True,False,129.483435,5000,10.7,12.09,54.34,0.168
LEG-000913,Scornubel,Triel,Boareskyr Bridge through Soubar and Triel to Scornubel,road,road,Ox freight wagon,False,False,48.717783,6000,14.7,3.32,16.92,0.116
LEG-000913,Scornubel,Triel,Boareskyr Bridge through Soubar and Triel to Scornubel,road,road,Horse freight wagon,False,False,48.717783,4000,20.4,2.39,13.76,0.141
LEG-000913,Scornubel,Triel,Boareskyr Bridge through Soubar and Triel to Scornubel,road,road,Mule cart,False,False,48.717783,2000,18.4,2.65,6.05,0.124
LEG-000914,Secomber,Daggerford,The Delimbiyr,river+portage,river,Keelboat,False,True,161.176084,30000,46.2,3.49,145.06,0.06
LEG-000914,Secomber,Daggerford,The Delimbiyr,river+portage,river,River barge,False,True,161.176084,80000,31.7,5.09,317.19,0.049
LEG-000914,Secomber,Daggerford,The Delimbiyr,river+portage,river,Shallow-draft wherry,False,True,161.176084,12000,51.9,3.1,66.73,0.069
LEG-000914,Secomber,Daggerford,The Delimbiyr,river+portage,portage,Mule portage train,False,True,161.176084,2000,11.0,14.65,36.75,0.228
LEG-000914,Secomber,Daggerford,The Delimbiyr,river+portage,portage,Ox haulage team,False,True,161.176084,5000,7.7,20.93,79.3,0.197
LEG-000914,Secomber,Daggerford,The Delimbiyr,river+portage,portage,Porter company,False,True,161.176084,1000,9.4,17.24,22.24,0.276
LEG-000915,Secomber,Goldenfields,Red Larch and Goldenfields branch toward Secomber,trail,trail,Pack pony string,False,False,198.928872,1200,14.0,14.24,25.27,0.212
LEG-000915,Secomber,Goldenfields,Red Larch and Goldenfields branch toward Secomber,trail,trail,Mule train,False,False,198.928872,2400,13.3,14.96,47.88,0.201
LEG-000915,Secomber,Goldenfields,Red Larch and Goldenfields branch toward Secomber,trail,trail,Porter company,False,False,198.928872,1000,10.4,19.18,26.6,0.267
LEG-000916,Secomber,Loudwater,The Delimbiyr Route,road,road,Ox freight wagon,False,False,122.457013,6000,14.7,8.34,42.53,0.116
LEG-000916,Secomber,Loudwater,The Delimbiyr Route,road,road,Horse freight wagon,False,False,122.457013,4000,20.4,6.0,34.58,0.141
LEG-000916,Secomber,Loudwater,The Delimbiyr Route,road,road,Mule cart,False,False,122.457013,2000,18.4,6.67,15.21,0.124
LEG-000917,Secomber,Sshamath,Sshamath Smugglers' Road,tunnel+trail,tunnel,Rothe caravan,True,True,513.695484,4000,3.9,130.51,497.77,0.484
LEG-000917,Secomber,Sshamath,Sshamath Smugglers' Road,tunnel+trail,tunnel,Deep mule train,True,True,513.695484,1800,4.8,107.02,263.53,0.57
LEG-000917,Secomber,Sshamath,Sshamath Smugglers' Road,tunnel+trail,tunnel,Porter company,True,True,513.695484,900,3.8,133.77,158.12,0.684
LEG-000917,Secomber,Sshamath,Sshamath Smugglers' Road,tunnel+trail,trail,Pack pony string,True,True,513.695484,1200,8.0,64.37,114.19,0.37
LEG-000917,Secomber,Sshamath,Sshamath Smugglers' Road,tunnel+trail,trail,Mule train,True,True,513.695484,2400,7.6,67.59,216.37,0.351
LEG-000917,Secomber,Sshamath,Sshamath Smugglers' Road,tunnel+trail,trail,Porter company,True,True,513.695484,1000,5.9,86.66,120.2,0.468
LEG-000918,Secomber,Waterdeep,The Delimbiyr Route,road,road,Ox freight wagon,False,False,248.063218,6000,14.7,16.89,86.15,0.116
LEG-000918,Secomber,Waterdeep,The Delimbiyr Route,road,road,Horse freight wagon,False,False,248.063218,4000,20.4,12.16,70.04,0.141
LEG-000918,Secomber,Waterdeep,The Delimbiyr Route,road,road,Mule cart,False,False,248.063218,2000,18.4,13.51,30.82,0.124
LEG-000919,Selgaunt,Alaghôn,Sea of Fallen Stars coasting run,sea,sea,Coasting cog,False,False,362.070725,100000,60.2,6.02,740.91,0.041
LEG-000919,Selgaunt,Alaghôn,Sea of Fallen Stars coasting run,sea,sea,Merchant caravel,False,False,362.070725,180000,71.8,5.04,1234.85,0.038
LEG-000919,Selgaunt,Alaghôn,Sea of Fallen Stars coasting run,sea,sea,Deep-water galleon,False,False,362.070725,400000,65.0,5.57,2359.94,0.033
LEG-000920,Selgaunt,Archenbridge,caravan track,track,track,Camel caravan,True,False,114.590794,3000,14.5,7.91,38.45,0.224
LEG-000920,Selgaunt,Archenbridge,caravan track,track,track,Mule caravan,True,False,114.590794,2400,12.6,9.09,34.18,0.249
LEG-000920,Selgaunt,Archenbridge,caravan track,track,track,Ox caravan,True,False,114.590794,5000,8.8,12.99,58.39,0.204
LEG-000921,Selgaunt,Harrowdale Town,Sea of Fallen Stars coasting run,sea,sea,Coasting cog,False,False,233.339452,100000,60.2,3.88,477.49,0.041
LEG-000921,Selgaunt,Harrowdale Town,Sea of Fallen Stars coasting run,sea,sea,Merchant caravel,False,False,233.339452,180000,71.8,3.25,795.81,0.038
LEG-000921,Selgaunt,Harrowdale Town,Sea of Fallen Stars coasting run,sea,sea,Deep-water galleon,False,False,233.339452,400000,65.0,3.59,1520.88,0.033
LEG-000922,Selgaunt,Ordulin,The Sembian Roads,road,road,Ox freight wagon,False,False,100.26514,6000,20.7,4.84,24.67,0.082
LEG-000922,Selgaunt,Ordulin,The Sembian Roads,road,road,Horse freight wagon,False,False,100.26514,4000,28.8,3.48,20.05,0.1
LEG-000922,Selgaunt,Ordulin,The Sembian Roads,road,road,Mule cart,False,False,100.26514,2000,25.9,3.87,8.82,0.088
LEG-000923,Selgaunt,Saerloon,The Inner Sea Run,sea,sea,Coasting cog,False,False,60.601155,100000,76.0,0.8,98.17,0.032
LEG-000923,Selgaunt,Saerloon,The Inner Sea Run,sea,sea,Merchant caravel,False,False,60.601155,180000,90.7,0.67,163.62,0.03
LEG-000923,Selgaunt,Saerloon,The Inner Sea Run,sea,sea,Deep-water galleon,False,False,60.601155,400000,82.1,0.74,312.7,0.026
LEG-000924,Selgaunt,Wheloon,Archenbridge to Ordulin,road,road,Ox freight wagon,False,False,205.736411,6000,14.7,14.01,71.45,0.116
LEG-000924,Selgaunt,Wheloon,Archenbridge to Ordulin,road,road,Horse freight wagon,False,False,205.736411,4000,20.4,10.09,58.09,0.141
LEG-000924,Selgaunt,Wheloon,Archenbridge to Ordulin,road,road,Mule cart,False,False,205.736411,2000,18.4,11.21,25.56,0.124
LEG-000925,Selgaunt,Yhaunn,The Inner Sea Run,sea,sea,Coasting cog,False,False,138.152705,100000,76.0,1.82,223.81,0.032
LEG-000925,Selgaunt,Yhaunn,The Inner Sea Run,sea,sea,Merchant caravel,False,False,138.152705,180000,90.7,1.52,373.01,0.03
LEG-000925,Selgaunt,Yhaunn,The Inner Sea Run,sea,sea,Deep-water galleon,False,False,138.152705,400000,82.1,1.68,712.87,0.026
LEG-000926,Shaarmid,Kholtar,Shaarmid through Kholtar and Eartheart to Delzimmer,road,road,Ox freight wagon,False,False,494.190763,6000,14.7,33.65,171.63,0.116
LEG-000926,Shaarmid,Kholtar,Shaarmid through Kholtar and Eartheart to Delzimmer,road,road,Horse freight wagon,False,False,494.190763,4000,20.4,24.23,139.54,0.141
LEG-000926,Shaarmid,Kholtar,Shaarmid through Kholtar and Eartheart to Delzimmer,road,road,Mule cart,False,False,494.190763,2000,18.4,26.92,61.4,0.124
LEG-000927,Shaarmid,Lhesper,Shaarmid southern road,road,road,Ox freight wagon,False,False,58.986439,6000,14.7,4.02,20.49,0.116
LEG-000927,Shaarmid,Lhesper,Shaarmid southern road,road,road,Horse freight wagon,False,False,58.986439,4000,20.4,2.89,16.65,0.141
LEG-000927,Shaarmid,Lhesper,Shaarmid southern road,road,road,Mule cart,False,False,58.986439,2000,18.4,3.21,7.33,0.124
LEG-000928,Shade,Llorkh,Black Road across Anauroch to Dagger Falls,trail,trail,Pack pony string,False,False,529.859165,1200,14.0,37.94,67.31,0.212
LEG-000928,Shade,Llorkh,Black Road across Anauroch to Dagger Falls,trail,trail,Mule train,False,False,529.859165,2400,13.3,39.84,127.53,0.201
LEG-000928,Shade,Llorkh,Black Road across Anauroch to Dagger Falls,trail,trail,Porter company,False,False,529.859165,1000,10.4,51.08,70.85,0.267
LEG-000929,Shade,Mines of Tethyamar,Black Road across Anauroch to Dagger Falls,trail,trail,Pack pony string,False,False,234.875153,1200,14.0,16.82,29.84,0.212
LEG-000929,Shade,Mines of Tethyamar,Black Road across Anauroch to Dagger Falls,trail,trail,Mule train,False,False,234.875153,2400,13.3,17.66,56.53,0.201
LEG-000929,Shade,Mines of Tethyamar,Black Road across Anauroch to Dagger Falls,trail,trail,Porter company,False,False,234.875153,1000,10.4,22.64,31.41,0.267
LEG-000930,Shadowdale,Ashabenford,The Dalelands Trail,trail,trail,Pack pony string,False,False,105.900944,1200,18.0,5.9,10.46,0.165
LEG-000930,Shadowdale,Ashabenford,The Dalelands Trail,trail,trail,Mule train,False,False,105.900944,2400,17.1,6.19,19.82,0.156
LEG-000930,Shadowdale,Ashabenford,The Dalelands Trail,trail,trail,Porter company,False,False,105.900944,1000,13.3,7.94,11.01,0.208
LEG-000931,Shadowdale,Essembra,caravan track,track,track,Camel caravan,True,False,163.142055,3000,17.6,9.27,45.08,0.184
LEG-000931,Shadowdale,Essembra,caravan track,track,track,Mule caravan,True,False,163.142055,2400,15.3,10.66,40.08,0.205
LEG-000931,Shadowdale,Essembra,caravan track,track,track,Ox caravan,True,False,163.142055,5000,10.7,15.23,68.46,0.168
LEG-000932,Shadowdale,Hillsfar,The Moonsea Ride,road,road,Ox freight wagon,False,False,215.737109,6000,18.1,11.89,60.65,0.094
LEG-000932,Shadowdale,Hillsfar,The Moonsea Ride,road,road,Horse freight wagon,False,False,215.737109,4000,25.2,8.56,49.31,0.114
LEG-000932,Shadowdale,Hillsfar,The Moonsea Ride,road,road,Mule cart,False,False,215.737109,2000,22.7,9.51,21.7,0.101
LEG-000933,Shadowdale,Myth Drannor,caravan track,track,track,Camel caravan,True,False,123.612338,3000,17.6,7.03,34.16,0.184
LEG-000933,Shadowdale,Myth Drannor,caravan track,track,track,Mule caravan,True,False,123.612338,2400,15.3,8.08,30.37,0.205
LEG-000933,Shadowdale,Myth Drannor,caravan track,track,track,Ox caravan,True,False,123.612338,5000,10.7,11.54,51.87,0.168
LEG-000934,Shadowdale,Teshwave,Tilverton through Shadowdale toward Voonlar,road,road,Ox freight wagon,False,False,139.593607,6000,14.7,9.5,48.48,0.116
LEG-000934,Shadowdale,Teshwave,Tilverton through Shadowdale toward Voonlar,road,road,Horse freight wagon,False,False,139.593607,4000,20.4,6.84,39.41,0.141
LEG-000934,Shadowdale,Teshwave,Tilverton through Shadowdale toward Voonlar,road,road,Mule cart,False,False,139.593607,2000,18.4,7.6,17.34,0.124
LEG-000935,Shadowdale,Tilverton,The Moonsea Ride,road,road,Ox freight wagon,False,False,209.574852,6000,18.1,11.55,58.92,0.094
LEG-000935,Shadowdale,Tilverton,The Moonsea Ride,road,road,Horse freight wagon,False,False,209.574852,4000,25.2,8.32,47.9,0.114
LEG-000935,Shadowdale,Tilverton,The Moonsea Ride,road,road,Mule cart,False,False,209.574852,2000,22.7,9.24,21.08,0.101
LEG-000936,Shamph,Iljak,The Vilhon Road,road,road,Vilhon Reach Milk Run,False,False,26.293763,6000,14.7,1.79,9.13,0.116
LEG-000936,Shamph,Iljak,The Vilhon Road,road,road,Horse freight wagon,False,False,26.293763,4000,20.4,1.29,7.42,0.141
LEG-000936,Shamph,Iljak,The Vilhon Road,road,road,Mule cart,False,False,26.293763,2000,18.4,1.43,3.27,0.124
LEG-000937,Shamph,Mussum,Iljak junction through Elbulder to Torsh trail,trail,trail,Pack pony string,False,False,82.879595,1200,14.0,5.93,10.53,0.212
LEG-000937,Shamph,Mussum,Iljak junction through Elbulder to Torsh trail,trail,trail,Mule train,False,False,82.879595,2400,13.3,6.23,19.95,0.201
LEG-000937,Shamph,Mussum,Iljak junction through Elbulder to Torsh trail,trail,trail,Porter company,False,False,82.879595,1000,10.4,7.99,11.08,0.267
LEG-000938,Shamph,Samra,The Vilhon Road,road,road,Vilhon Reach Milk Run,False,False,27.165736,6000,14.7,1.85,9.43,0.116
LEG-000938,Shamph,Samra,The Vilhon Road,road,road,Horse freight wagon,False,False,27.165736,4000,20.4,1.33,7.67,0.141
LEG-000938,Shamph,Samra,The Vilhon Road,road,road,Mule cart,False,False,27.165736,2000,18.4,1.48,3.37,0.124
LEG-000939,Sheirtalar,Kormul,Sheirtalar junction through Misty Vale to Kormul,road,road,Ox freight wagon,False,False,307.365365,6000,14.7,20.93,106.75,0.116
LEG-000939,Sheirtalar,Kormul,Sheirtalar junction through Misty Vale to Kormul,road,road,Horse freight wagon,False,False,307.365365,4000,20.4,15.07,86.79,0.141
LEG-000939,Sheirtalar,Kormul,Sheirtalar junction through Misty Vale to Kormul,road,road,Mule cart,False,False,307.365365,2000,18.4,16.74,38.19,0.124
LEG-000940,Sheirtalar,Lushpool,Sheirtalar through Lushpool and Ithmong to Sammarash,road,road,Ox freight wagon,False,False,228.370781,6000,14.7,15.55,79.31,0.116
LEG-000940,Sheirtalar,Lushpool,Sheirtalar through Lushpool and Ithmong to Sammarash,road,road,Horse freight wagon,False,False,228.370781,4000,20.4,11.19,64.48,0.141
LEG-000940,Sheirtalar,Lushpool,Sheirtalar through Lushpool and Ithmong to Sammarash,road,road,Mule cart,False,False,228.370781,2000,18.4,12.44,28.37,0.124
LEG-000941,Sheirtalar,Ormpur,Ormpur to Sheirtalar trail,trail,trail,Pack pony string,False,False,77.798911,1200,14.0,5.57,9.88,0.212
LEG-000941,Sheirtalar,Ormpur,Ormpur to Sheirtalar trail,trail,trail,Mule train,False,False,77.798911,2400,13.3,5.85,18.73,0.201
LEG-000941,Sheirtalar,Ormpur,Ormpur to Sheirtalar trail,trail,trail,Porter company,False,False,77.798911,1000,10.4,7.5,10.4,0.267
LEG-000942,Shoun,Chethel,Beluir to Shoun road,road,road,Ox freight wagon,False,False,217.156834,6000,14.7,14.78,75.42,0.116
LEG-000942,Shoun,Chethel,Beluir to Shoun road,road,road,Horse freight wagon,False,False,217.156834,4000,20.4,10.64,61.31,0.141
LEG-000942,Shoun,Chethel,Beluir to Shoun road,road,road,Mule cart,False,False,217.156834,2000,18.4,11.83,26.98,0.124
LEG-000943,Shoun,Thruldar,Ormpе through Vaelan and Assur toward Shoun,trail,trail,Pack pony string,False,False,302.593362,1200,14.0,21.67,38.44,0.212
LEG-000943,Shoun,Thruldar,Ormpе through Vaelan and Assur toward Shoun,trail,trail,Mule train,False,False,302.593362,2400,13.3,22.75,72.83,0.201
LEG-000943,Shoun,Thruldar,Ormpе through Vaelan and Assur toward Shoun,trail,trail,Porter company,False,False,302.593362,1000,10.4,29.17,40.46,0.267
LEG-000944,Shussel,Messemprar,Messemprar to Shussel,trail,trail,Pack pony string,False,False,101.335728,1200,14.0,7.26,12.87,0.212
LEG-000944,Shussel,Messemprar,Messemprar to Shussel,trail,trail,Mule train,False,False,101.335728,2400,13.3,7.62,24.39,0.201
LEG-000944,Shussel,Messemprar,Messemprar to Shussel,trail,trail,Porter company,False,False,101.335728,1000,10.4,9.77,13.55,0.267
LEG-000945,Silverymoon,Blingdenstone,Blingdenstone Trail,tunnel+trail,tunnel,Rothe caravan,True,True,113.009247,4000,4.4,25.52,97.34,0.431
LEG-000945,Silverymoon,Blingdenstone,Blingdenstone Trail,tunnel+trail,tunnel,Deep mule train,True,True,113.009247,1800,5.4,20.93,51.53,0.507
LEG-000945,Silverymoon,Blingdenstone,Blingdenstone Trail,tunnel+trail,tunnel,Porter company,True,True,113.009247,900,4.3,26.16,30.92,0.608
LEG-000945,Silverymoon,Blingdenstone,Blingdenstone Trail,tunnel+trail,trail,Pack pony string,True,True,113.009247,1200,9.0,12.59,22.33,0.329
LEG-000945,Silverymoon,Blingdenstone,Blingdenstone Trail,tunnel+trail,trail,Mule train,True,True,113.009247,2400,8.6,13.22,42.31,0.312
LEG-000945,Silverymoon,Blingdenstone,Blingdenstone Trail,tunnel+trail,trail,Porter company,True,True,113.009247,1000,6.7,16.95,23.51,0.416
LEG-000946,Silverymoon,Citadel Adbar,caravan track,track,track,Camel caravan,True,False,259.849379,3000,14.5,17.93,87.2,0.224
LEG-000946,Silverymoon,Citadel Adbar,caravan track,track,track,Mule caravan,True,False,259.849379,2400,12.6,20.62,77.51,0.249
LEG-000946,Silverymoon,Citadel Adbar,caravan track,track,track,Ox caravan,True,False,259.849379,5000,8.8,29.46,132.41,0.204
LEG-000947,Silverymoon,Citadel Felbarr,The Silver Way,road,road,Ox freight wagon,False,False,173.408783,6000,16.4,10.56,53.88,0.104
LEG-000947,Silverymoon,Citadel Felbarr,The Silver Way,road,road,Horse freight wagon,False,False,173.408783,4000,22.8,7.61,43.81,0.126
LEG-000947,Silverymoon,Citadel Felbarr,The Silver Way,road,road,Mule cart,False,False,173.408783,2000,20.5,8.45,19.28,0.111
LEG-000948,Silverymoon,Deadsnows,Everlund through Silverymoon to Sundabar,road,road,Ox freight wagon,False,False,150.724037,6000,14.7,10.26,52.35,0.116
LEG-000948,Silverymoon,Deadsnows,Everlund through Silverymoon to Sundabar,road,road,Horse freight wagon,False,False,150.724037,4000,20.4,7.39,42.56,0.141
LEG-000948,Silverymoon,Deadsnows,Everlund through Silverymoon to Sundabar,road,road,Mule cart,False,False,150.724037,2000,18.4,8.21,18.73,0.124
LEG-000949,Silverymoon,Everlund,The River Rauvin,river,river,Keelboat,False,False,48.563464,30000,44.1,1.1,45.79,0.063
LEG-000949,Silverymoon,Everlund,The River Rauvin,river,river,River barge,False,False,48.563464,80000,30.2,1.61,100.12,0.052
LEG-000949,Silverymoon,Everlund,The River Rauvin,river,river,Shallow-draft wherry,False,False,48.563464,12000,49.6,0.98,21.06,0.072
LEG-000950,Silverymoon,Jalanthar,caravan track,track,track,Camel caravan,True,False,136.531974,3000,17.6,7.76,37.73,0.184
LEG-000950,Silverymoon,Jalanthar,caravan track,track,track,Mule caravan,True,False,136.531974,2400,15.3,8.92,33.54,0.205
LEG-000950,Silverymoon,Jalanthar,caravan track,track,track,Ox caravan,True,False,136.531974,5000,10.7,12.75,57.3,0.168
LEG-000951,Silverymoon,Mithral Hall,caravan track,track,track,Camel caravan,True,False,122.331517,3000,17.6,6.95,33.81,0.184
LEG-000951,Silverymoon,Mithral Hall,caravan track,track,track,Mule caravan,True,False,122.331517,2400,15.3,8.0,30.05,0.205
LEG-000951,Silverymoon,Mithral Hall,caravan track,track,track,Ox caravan,True,False,122.331517,5000,10.7,11.42,51.34,0.168
LEG-000952,Silverymoon,Nesmé,The Mithral Road,road,road,Ox freight wagon,False,False,132.708138,6000,16.4,8.08,41.24,0.104
LEG-000952,Silverymoon,Nesmé,The Mithral Road,road,road,Horse freight wagon,False,False,132.708138,4000,22.8,5.82,33.53,0.126
LEG-000952,Silverymoon,Nesmé,The Mithral Road,road,road,Mule cart,False,False,132.708138,2000,20.5,6.47,14.75,0.111
LEG-000953,Silverymoon,Sundabar,caravan track,track,track,Camel caravan,True,False,146.111772,3000,14.5,10.08,49.03,0.224
LEG-000953,Silverymoon,Sundabar,caravan track,track,track,Mule caravan,True,False,146.111772,2400,12.6,11.6,43.58,0.249
LEG-000953,Silverymoon,Sundabar,caravan track,track,track,Ox caravan,True,False,146.111772,5000,8.8,16.57,74.45,0.204
LEG-000954,Skuld,Maerlar,Skuld via Maerlar toward Khalab,road,road,Ox freight wagon,False,False,154.650642,6000,14.7,10.53,53.71,0.116
LEG-000954,Skuld,Maerlar,Skuld via Maerlar toward Khalab,road,road,Horse freight wagon,False,False,154.650642,4000,20.4,7.58,43.67,0.141
LEG-000954,Skuld,Maerlar,Skuld via Maerlar toward Khalab,road,road,Mule cart,False,False,154.650642,2000,18.4,8.42,19.21,0.124
LEG-000955,Skuld,Messemprar,The Alamber Run,sea,sea,Coasting cog,False,False,192.339518,100000,69.7,2.76,339.92,0.035
LEG-000955,Skuld,Messemprar,The Alamber Run,sea,sea,Merchant caravel,False,False,192.339518,180000,83.2,2.31,566.53,0.033
LEG-000955,Skuld,Messemprar,The Alamber Run,sea,sea,Deep-water galleon,False,False,192.339518,400000,75.2,2.56,1082.7,0.028
LEG-000956,Skuld,Mishtan,local market trail,trail,trail,Pack pony string,True,False,263.390395,1200,13.0,20.31,36.03,0.228
LEG-000956,Skuld,Mishtan,local market trail,trail,trail,Mule train,True,False,263.390395,2400,12.3,21.33,68.27,0.216
LEG-000956,Skuld,Mishtan,local market trail,trail,trail,Porter company,True,False,263.390395,1000,9.6,27.34,37.93,0.288
LEG-000957,Skuld,Neldorild,Skuld to Gheldaneth trail,trail,trail,Pack pony string,False,False,107.759147,1200,14.0,7.72,13.69,0.212
LEG-000957,Skuld,Neldorild,Skuld to Gheldaneth trail,trail,trail,Mule train,False,False,107.759147,2400,13.3,8.1,25.94,0.201
LEG-000957,Skuld,Neldorild,Skuld to Gheldaneth trail,trail,trail,Porter company,False,False,107.759147,1000,10.4,10.39,14.41,0.267
LEG-000958,Soorenar,Akanax,Soorenar to Akanax trail,trail,trail,Pack pony string,False,False,111.900517,1200,14.0,8.01,14.21,0.212
LEG-000958,Soorenar,Akanax,Soorenar to Akanax trail,trail,trail,Mule train,False,False,111.900517,2400,13.3,8.41,26.93,0.201
LEG-000958,Soorenar,Akanax,Soorenar to Akanax trail,trail,trail,Porter company,False,False,111.900517,1000,10.4,10.79,14.96,0.267
LEG-000959,Soorenar,Cimbar,Airspur through Cimbar and Soorenar to Mordulkin,road,road,Ox freight wagon,False,False,50.837405,6000,14.7,3.46,17.66,0.116
LEG-000959,Soorenar,Cimbar,Airspur through Cimbar and Soorenar to Mordulkin,road,road,Horse freight wagon,False,False,50.837405,4000,20.4,2.49,14.35,0.141
LEG-000959,Soorenar,Cimbar,Airspur through Cimbar and Soorenar to Mordulkin,road,road,Mule cart,False,False,50.837405,2000,18.4,2.77,6.32,0.124
LEG-000960,Soorenar,Luthcheq,Airspur through Cimbar and Soorenar to Mordulkin,road,road,Ox freight wagon,False,False,117.71007,6000,14.7,8.01,40.88,0.116
LEG-000960,Soorenar,Luthcheq,Airspur through Cimbar and Soorenar to Mordulkin,road,road,Horse freight wagon,False,False,117.71007,4000,20.4,5.77,33.24,0.141
LEG-000960,Soorenar,Luthcheq,Airspur through Cimbar and Soorenar to Mordulkin,road,road,Mule cart,False,False,117.71007,2000,18.4,6.41,14.62,0.124
LEG-000961,Soubar,Baldur's Gate,The Dusk Road,road,road,Ox freight wagon,False,False,212.952295,6000,14.7,14.5,73.96,0.116
LEG-000961,Soubar,Baldur's Gate,The Dusk Road,road,road,Horse freight wagon,False,False,212.952295,4000,20.4,10.44,60.13,0.141
LEG-000961,Soubar,Baldur's Gate,The Dusk Road,road,road,Mule cart,False,False,212.952295,2000,18.4,11.6,26.46,0.124
LEG-000962,Soubar,Boareskyr Bridge,The Dusk Road,road,road,Ox freight wagon,False,False,37.734296,6000,14.7,2.57,13.1,0.116
LEG-000962,Soubar,Boareskyr Bridge,The Dusk Road,road,road,Horse freight wagon,False,False,37.734296,4000,20.4,1.85,10.65,0.141
LEG-000962,Soubar,Boareskyr Bridge,The Dusk Road,road,road,Mule cart,False,False,37.734296,2000,18.4,2.06,4.69,0.124
LEG-000963,Soubar,Elturel,Boareskyr Bridge through Soubar and Triel to Scornubel,road,road,Ox freight wagon,False,False,116.241611,6000,14.7,7.91,40.37,0.116
LEG-000963,Soubar,Elturel,Boareskyr Bridge through Soubar and Triel to Scornubel,road,road,Horse freight wagon,False,False,116.241611,4000,20.4,5.7,32.82,0.141
LEG-000963,Soubar,Elturel,Boareskyr Bridge through Soubar and Triel to Scornubel,road,road,Mule cart,False,False,116.241611,2000,18.4,6.33,14.44,0.124
LEG-000964,Soubar,Scornubel,caravan track,track,track,Camel caravan,True,False,129.483435,3000,17.6,7.36,35.78,0.184
LEG-000964,Soubar,Scornubel,caravan track,track,track,Mule caravan,True,False,129.483435,2400,15.3,8.46,31.81,0.205
LEG-000964,Soubar,Scornubel,caravan track,track,track,Ox caravan,True,False,129.483435,5000,10.7,12.09,54.34,0.168
LEG-000965,Soubar,Triel,caravan track,track,track,Camel caravan,True,False,84.900236,3000,17.6,4.83,23.46,0.184
LEG-000965,Soubar,Triel,caravan track,track,track,Mule caravan,True,False,84.900236,2400,15.3,5.55,20.86,0.205
LEG-000965,Soubar,Triel,caravan track,track,track,Ox caravan,True,False,84.900236,5000,10.7,7.93,35.63,0.168
LEG-000966,Spandeliyon,Delthuntle,local market trail,trail,trail,Pack pony string,True,False,117.913952,1200,13.0,9.09,16.13,0.228
LEG-000966,Spandeliyon,Delthuntle,local market trail,trail,trail,Mule train,True,False,117.913952,2400,12.3,9.55,30.56,0.216
LEG-000966,Spandeliyon,Delthuntle,local market trail,trail,trail,Porter company,True,False,117.913952,1000,9.6,12.24,16.98,0.288
LEG-000967,Sshamath,Llorkh,Sshamath Deep Way,tunnel+trail,tunnel,Rothe caravan,True,True,379.198761,4000,3.9,96.34,367.44,0.484
LEG-000967,Sshamath,Llorkh,Sshamath Deep Way,tunnel+trail,tunnel,Deep mule train,True,True,379.198761,1800,4.8,79.0,194.53,0.57
LEG-000967,Sshamath,Llorkh,Sshamath Deep Way,tunnel+trail,tunnel,Porter company,True,True,379.198761,900,3.8,98.75,116.72,0.684
LEG-000967,Sshamath,Llorkh,Sshamath Deep Way,tunnel+trail,trail,Pack pony string,True,True,379.198761,1200,8.0,47.52,84.3,0.37
LEG-000967,Sshamath,Llorkh,Sshamath Deep Way,tunnel+trail,trail,Mule train,True,True,379.198761,2400,7.6,49.89,159.72,0.351
LEG-000967,Sshamath,Llorkh,Sshamath Deep Way,tunnel+trail,trail,Porter company,True,True,379.198761,1000,5.9,63.97,88.73,0.468
LEG-000968,Sshamath,Mantol-Derith,The Deepdark Road,tunnel,tunnel,Rothe caravan,True,False,818.154173,4000,4.9,166.29,634.23,0.388
LEG-000968,Sshamath,Mantol-Derith,The Deepdark Road,tunnel,tunnel,Deep mule train,True,False,818.154173,1800,6.0,136.36,335.77,0.456
LEG-000968,Sshamath,Mantol-Derith,The Deepdark Road,tunnel,tunnel,Porter company,True,False,818.154173,900,4.8,170.45,201.46,0.547
LEG-000969,Sshamath,Secomber,Sshamath Smugglers' Road,tunnel+trail,tunnel,Rothe caravan,True,True,513.695484,4000,3.9,130.51,497.77,0.484
LEG-000969,Sshamath,Secomber,Sshamath Smugglers' Road,tunnel+trail,tunnel,Deep mule train,True,True,513.695484,1800,4.8,107.02,263.53,0.57
LEG-000969,Sshamath,Secomber,Sshamath Smugglers' Road,tunnel+trail,tunnel,Porter company,True,True,513.695484,900,3.8,133.77,158.12,0.684
LEG-000969,Sshamath,Secomber,Sshamath Smugglers' Road,tunnel+trail,trail,Pack pony string,True,True,513.695484,1200,8.0,64.37,114.19,0.37
LEG-000969,Sshamath,Secomber,Sshamath Smugglers' Road,tunnel+trail,trail,Mule train,True,True,513.695484,2400,7.6,67.59,216.37,0.351
LEG-000969,Sshamath,Secomber,Sshamath Smugglers' Road,tunnel+trail,trail,Porter company,True,True,513.695484,1000,5.9,86.66,120.2,0.468
LEG-000970,Sshamath,Winterkeep,The Sshamath Gate,teleport,teleport,Licensed portal transfer,False,False,2533.837457,2000,3250.0,0.78,3742.28,1.477
LEG-000970,Sshamath,Winterkeep,The Sshamath Gate,teleport,teleport,Priority circle transfer,False,False,2533.837457,500,3737.5,0.68,1263.02,1.994
LEG-000971,Starmantle,Elversult,Elversult to Starmantle trail,trail,trail,Pack pony string,False,False,366.373846,1200,14.0,26.24,46.54,0.212
LEG-000971,Starmantle,Elversult,Elversult to Starmantle trail,trail,trail,Mule train,False,False,366.373846,2400,13.3,27.55,88.18,0.201
LEG-000971,Starmantle,Elversult,Elversult to Starmantle trail,trail,trail,Porter company,False,False,366.373846,1000,10.4,35.32,48.99,0.267
LEG-000972,Stone Bridge,Amphail,Red Larch and Goldenfields branch toward Secomber,trail,trail,Pack pony string,False,False,106.958474,1200,14.0,7.66,13.59,0.212
LEG-000972,Stone Bridge,Amphail,Red Larch and Goldenfields branch toward Secomber,trail,trail,Mule train,False,False,106.958474,2400,13.3,8.04,25.74,0.201
LEG-000972,Stone Bridge,Amphail,Red Larch and Goldenfields branch toward Secomber,trail,trail,Porter company,False,False,106.958474,1000,10.4,10.31,14.3,0.267
LEG-000973,Stone Bridge,Goldenfields,Red Larch and Goldenfields branch toward Secomber,trail,trail,Pack pony string,False,False,87.175444,1200,14.0,6.24,11.07,0.212
LEG-000973,Stone Bridge,Goldenfields,Red Larch and Goldenfields branch toward Secomber,trail,trail,Mule train,False,False,87.175444,2400,13.3,6.55,20.98,0.201
LEG-000973,Stone Bridge,Goldenfields,Red Larch and Goldenfields branch toward Secomber,trail,trail,Porter company,False,False,87.175444,1000,10.4,8.4,11.66,0.267
LEG-000974,Stone Bridge,Red Larch,Long Road: Mirabar to Waterdeep,road,road,Ox freight wagon,False,False,76.867118,6000,14.7,5.23,26.7,0.116
LEG-000974,Stone Bridge,Red Larch,Long Road: Mirabar to Waterdeep,road,road,Horse freight wagon,False,False,76.867118,4000,20.4,3.77,21.7,0.141
LEG-000974,Stone Bridge,Red Larch,Long Road: Mirabar to Waterdeep,road,road,Mule cart,False,False,76.867118,2000,18.4,4.19,9.55,0.124
LEG-000975,Stone Bridge,Triboar,Long Road: Mirabar to Waterdeep,road,road,Ox freight wagon,False,False,80.724329,6000,14.7,5.5,28.04,0.116
LEG-000975,Stone Bridge,Triboar,Long Road: Mirabar to Waterdeep,road,road,Horse freight wagon,False,False,80.724329,4000,20.4,3.96,22.79,0.141
LEG-000975,Stone Bridge,Triboar,Long Road: Mirabar to Waterdeep,road,road,Mule cart,False,False,80.724329,2000,18.4,4.4,10.03,0.124
LEG-000976,Stone Bridge,Yartar,Evermoor Way: Triboar to Everlund,road,road,Ox freight wagon,False,False,84.600744,6000,14.7,5.76,29.38,0.116
LEG-000976,Stone Bridge,Yartar,Evermoor Way: Triboar to Everlund,road,road,Horse freight wagon,False,False,84.600744,4000,20.4,4.15,23.89,0.141
LEG-000976,Stone Bridge,Yartar,Evermoor Way: Triboar to Everlund,road,road,Mule cart,False,False,84.600744,2000,18.4,4.61,10.51,0.124
LEG-000977,Suldolphor,Almraiven,Chult-Tashalar Coastal Run,sea,sea,Sword Coast Coasters,False,False,196.914626,100000,66.5,2.96,364.57,0.037
LEG-000977,Suldolphor,Almraiven,Chult-Tashalar Coastal Run,sea,sea,Merchant caravel,False,False,196.914626,180000,79.4,2.48,607.62,0.034
LEG-000977,Suldolphor,Almraiven,Chult-Tashalar Coastal Run,sea,sea,Deep-water galleon,False,False,196.914626,400000,71.8,2.74,1161.23,0.029
LEG-000978,Suldolphor,Theymarsh,Mintar junction via Yeshpek to Tulmon and Suldolphor,trail,trail,Pack pony string,False,False,21.61481,1200,14.0,1.55,2.75,0.212
LEG-000978,Suldolphor,Theymarsh,Mintar junction via Yeshpek to Tulmon and Suldolphor,trail,trail,Mule train,False,False,21.61481,2400,13.3,1.63,5.2,0.201
LEG-000978,Suldolphor,Theymarsh,Mintar junction via Yeshpek to Tulmon and Suldolphor,trail,trail,Porter company,False,False,21.61481,1000,10.4,2.08,2.89,0.267
LEG-000979,Suldolphor,Tulmon,Mintar junction via Yeshpek to Tulmon and Suldolphor,trail,trail,Pack pony string,False,False,64.765082,1200,14.0,4.64,8.23,0.212
LEG-000979,Suldolphor,Tulmon,Mintar junction via Yeshpek to Tulmon and Suldolphor,trail,trail,Mule train,False,False,64.765082,2400,13.3,4.87,15.59,0.201
LEG-000979,Suldolphor,Tulmon,Mintar junction via Yeshpek to Tulmon and Suldolphor,trail,trail,Porter company,False,False,64.765082,1000,10.4,6.24,8.66,0.267
LEG-000980,Suldolphor,Urbreth,Calimshan-Lantan Coastal Run,sea,sea,Sword Coast Coasters,False,False,239.117649,100000,66.5,3.59,442.71,0.037
LEG-000980,Suldolphor,Urbreth,Calimshan-Lantan Coastal Run,sea,sea,Merchant caravel,False,False,239.117649,180000,79.4,3.01,737.85,0.034
LEG-000980,Suldolphor,Urbreth,Calimshan-Lantan Coastal Run,sea,sea,Deep-water galleon,False,False,239.117649,400000,71.8,3.33,1410.11,0.029
LEG-000981,Sultim,Pyarados,Pyarados to Sultim trail,trail,trail,Pack pony string,False,False,229.521124,1200,14.0,16.44,29.16,0.212
LEG-000981,Sultim,Pyarados,Pyarados to Sultim trail,trail,trail,Mule train,False,False,229.521124,2400,13.3,17.26,55.24,0.201
LEG-000981,Sultim,Pyarados,Pyarados to Sultim trail,trail,trail,Porter company,False,False,229.521124,1000,10.4,22.12,30.69,0.267
LEG-000982,Sultim,Rauthil,Sultim through Rauthil to Murghyr,trail,trail,Pack pony string,False,False,89.389806,1200,14.0,6.4,11.36,0.212
LEG-000982,Sultim,Rauthil,Sultim through Rauthil to Murghyr,trail,trail,Mule train,False,False,89.389806,2400,13.3,6.72,21.51,0.201
LEG-000982,Sultim,Rauthil,Sultim through Rauthil to Murghyr,trail,trail,Porter company,False,False,89.389806,1000,10.4,8.62,11.95,0.267
LEG-000983,Sundabar,Ascore,Sundabar to Ascore,road,road,Ox freight wagon,False,False,195.022842,6000,14.7,13.28,67.73,0.116
LEG-000983,Sundabar,Ascore,Sundabar to Ascore,road,road,Horse freight wagon,False,False,195.022842,4000,20.4,9.56,55.07,0.141
LEG-000983,Sundabar,Ascore,Sundabar to Ascore,road,road,Mule cart,False,False,195.022842,2000,18.4,10.62,24.23,0.124
LEG-000984,Sundabar,Citadel Adbar,caravan track,track,track,Camel caravan,True,False,141.509328,3000,14.5,9.77,47.49,0.224
LEG-000984,Sundabar,Citadel Adbar,caravan track,track,track,Mule caravan,True,False,141.509328,2400,12.6,11.23,42.21,0.249
LEG-000984,Sundabar,Citadel Adbar,caravan track,track,track,Ox caravan,True,False,141.509328,5000,8.8,16.04,72.11,0.204
LEG-000985,Sundabar,Citadel Felbarr,Everlund through Silverymoon to Sundabar,road,road,Ox freight wagon,False,False,105.992368,6000,14.7,7.22,36.81,0.116
LEG-000985,Sundabar,Citadel Felbarr,Everlund through Silverymoon to Sundabar,road,road,Horse freight wagon,False,False,105.992368,4000,20.4,5.2,29.93,0.141
LEG-000985,Sundabar,Citadel Felbarr,Everlund through Silverymoon to Sundabar,road,road,Mule cart,False,False,105.992368,2000,18.4,5.77,13.17,0.124
LEG-000986,Sundabar,Deadsnows,caravan track,track,track,Camel caravan,True,False,91.762138,3000,14.5,6.33,30.79,0.224
LEG-000986,Sundabar,Deadsnows,caravan track,track,track,Mule caravan,True,False,91.762138,2400,12.6,7.28,27.37,0.249
LEG-000986,Sundabar,Deadsnows,caravan track,track,track,Ox caravan,True,False,91.762138,5000,8.8,10.4,46.76,0.204
LEG-000987,Sundabar,Everlund,The North Ride,road,road,Ox freight wagon,False,False,204.327469,6000,19.0,10.75,54.83,0.089
LEG-000987,Sundabar,Everlund,The North Ride,road,road,Horse freight wagon,False,False,204.327469,4000,26.4,7.74,44.58,0.109
LEG-000987,Sundabar,Everlund,The North Ride,road,road,Mule cart,False,False,204.327469,2000,23.8,8.6,19.62,0.096
LEG-000988,Sundabar,Hellgate Keep,local market trail,trail,trail,Pack pony string,True,False,99.796443,1200,13.0,7.7,13.65,0.228
LEG-000988,Sundabar,Hellgate Keep,local market trail,trail,trail,Mule train,True,False,99.796443,2400,12.3,8.08,25.87,0.216
LEG-000988,Sundabar,Hellgate Keep,local market trail,trail,trail,Porter company,True,False,99.796443,1000,9.6,10.36,14.37,0.288
LEG-000989,Sundabar,Silverymoon,caravan track,track,track,Camel caravan,True,False,146.111772,3000,14.5,10.08,49.03,0.224
LEG-000989,Sundabar,Silverymoon,caravan track,track,track,Mule caravan,True,False,146.111772,2400,12.6,11.6,43.58,0.249
LEG-000989,Sundabar,Silverymoon,caravan track,track,track,Ox caravan,True,False,146.111772,5000,8.8,16.57,74.45,0.204
LEG-000990,Sundrah,Nemesser,local market ferry,ferry,ferry,Cargo ferry,True,False,249.78833,30000,17.6,14.23,459.99,0.123
LEG-000990,Sundrah,Nemesser,local market ferry,ferry,ferry,Fast packet,True,False,249.78833,8000,24.4,10.25,167.86,0.168
LEG-000991,Surkh,Arrabar,local market trail,trail,trail,Pack pony string,True,False,291.225565,1200,13.0,22.46,39.84,0.228
LEG-000991,Surkh,Arrabar,local market trail,trail,trail,Mule train,True,False,291.225565,2400,12.3,23.58,75.49,0.216
LEG-000991,Surkh,Arrabar,local market trail,trail,trail,Porter company,True,False,291.225565,1000,9.6,30.23,41.94,0.288
LEG-000992,Surthay,Mulptan,Mulptan to Mulsantir,road,road,Ox freight wagon,False,False,286.950758,6000,14.7,19.54,99.66,0.116
LEG-000992,Surthay,Mulptan,Mulptan to Mulsantir,road,road,Horse freight wagon,False,False,286.950758,4000,20.4,14.07,81.02,0.141
LEG-000992,Surthay,Mulptan,Mulptan to Mulsantir,road,road,Mule cart,False,False,286.950758,2000,18.4,15.63,35.65,0.124
LEG-000993,Surthay,Mulsantir,Mulptan to Mulsantir,road,road,Ox freight wagon,False,False,89.120209,6000,14.7,6.07,30.95,0.116
LEG-000993,Surthay,Mulsantir,Mulptan to Mulsantir,road,road,Horse freight wagon,False,False,89.120209,4000,20.4,4.37,25.16,0.141
LEG-000993,Surthay,Mulsantir,Mulptan to Mulsantir,road,road,Mule cart,False,False,89.120209,2000,18.4,4.85,11.07,0.124
LEG-000994,Suzail,Arabel,The Calantar's Way,road,road,Ox freight wagon,False,False,115.454646,6000,22.5,5.14,26.22,0.076
LEG-000994,Suzail,Arabel,The Calantar's Way,road,road,Horse freight wagon,False,False,115.454646,4000,31.2,3.7,21.31,0.092
LEG-000994,Suzail,Arabel,The Calantar's Way,road,road,Mule cart,False,False,115.454646,2000,28.1,4.11,9.38,0.081
LEG-000995,Suzail,Elversult,caravan track,track,track,Camel caravan,True,False,131.150639,3000,14.5,9.05,44.01,0.224
LEG-000995,Suzail,Elversult,caravan track,track,track,Mule caravan,True,False,131.150639,2400,12.6,10.41,39.12,0.249
LEG-000995,Suzail,Elversult,caravan track,track,track,Ox caravan,True,False,131.150639,5000,8.8,14.87,66.83,0.204
LEG-000996,Suzail,Marsember,The Inner Sea Run,sea,sea,Coasting cog,False,False,35.109116,100000,76.0,0.46,56.88,0.032
LEG-000996,Suzail,Marsember,The Inner Sea Run,sea,sea,Merchant caravel,False,False,35.109116,180000,90.7,0.39,94.79,0.03
LEG-000996,Suzail,Marsember,The Inner Sea Run,sea,sea,Deep-water galleon,False,False,35.109116,400000,82.1,0.43,181.16,0.026
LEG-000997,Suzail,Proskur,caravan track,track,track,Camel caravan,True,False,147.007075,3000,14.5,10.15,49.33,0.224
LEG-000997,Suzail,Proskur,caravan track,track,track,Mule caravan,True,False,147.007075,2400,12.6,11.67,43.85,0.249
LEG-000997,Suzail,Proskur,caravan track,track,track,Ox caravan,True,False,147.007075,5000,8.8,16.67,74.91,0.204
LEG-000998,Suzail,Teziir,caravan track,track,track,Camel caravan,True,False,134.918123,3000,14.5,9.31,45.27,0.224
LEG-000998,Suzail,Teziir,caravan track,track,track,Mule caravan,True,False,134.918123,2400,12.6,10.71,40.24,0.249
LEG-000998,Suzail,Teziir,caravan track,track,track,Ox caravan,True,False,134.918123,5000,8.8,15.3,68.75,0.204
LEG-000999,Suzail,Westgate,The Dawnpost,road,road,Ox freight wagon,False,False,276.446896,6000,19.9,13.91,70.96,0.086
LEG-000999,Suzail,Westgate,The Dawnpost,road,road,Horse freight wagon,False,False,276.446896,4000,27.6,10.02,57.69,0.104
LEG-000999,Suzail,Westgate,The Dawnpost,road,road,Mule cart,False,False,276.446896,2000,24.8,11.13,25.39,0.092
LEG-001000,Suzail,Wheloon,The Calantar's Way,road,road,Ox freight wagon,False,False,292.310891,6000,22.5,13.01,66.38,0.076
LEG-001000,Suzail,Wheloon,The Calantar's Way,road,road,Horse freight wagon,False,False,292.310891,4000,31.2,9.37,53.97,0.092
LEG-001000,Suzail,Wheloon,The Calantar's Way,road,road,Mule cart,False,False,292.310891,2000,28.1,10.41,23.74,0.081
LEG-001001,Talagbar,Bloodstone Village,Ilinvur through Vaasa to Darmshall,trail,trail,Pack pony string,False,False,108.278673,1200,14.0,7.75,13.75,0.212
LEG-001001,Talagbar,Bloodstone Village,Ilinvur through Vaasa to Darmshall,trail,trail,Mule train,False,False,108.278673,2400,13.3,8.14,26.06,0.201
LEG-001001,Talagbar,Bloodstone Village,Ilinvur through Vaasa to Darmshall,trail,trail,Porter company,False,False,108.278673,1000,10.4,10.44,14.48,0.267
LEG-001002,Talagbar,Darmshall,Darmshall through Bloodstone Pass to Valls,trail,trail,Pack pony string,False,False,67.543727,1200,14.0,4.84,8.58,0.212
LEG-001002,Talagbar,Darmshall,Darmshall through Bloodstone Pass to Valls,trail,trail,Mule train,False,False,67.543727,2400,13.3,5.08,16.26,0.201
LEG-001002,Talagbar,Darmshall,Darmshall through Bloodstone Pass to Valls,trail,trail,Porter company,False,False,67.543727,1000,10.4,6.51,9.03,0.267
LEG-001003,Talagbar,Delhalls,Ilinvur through Vaasa to Darmshall,trail,trail,Pack pony string,False,False,217.9178,1200,14.0,15.6,27.68,0.212
LEG-001003,Talagbar,Delhalls,Ilinvur through Vaasa to Darmshall,trail,trail,Mule train,False,False,217.9178,2400,13.3,16.38,52.45,0.201
LEG-001003,Talagbar,Delhalls,Ilinvur through Vaasa to Darmshall,trail,trail,Porter company,False,False,217.9178,1000,10.4,21.01,29.14,0.267
LEG-001004,Talagbar,Palischuk,Castle Perilous to Darmshall,trail,trail,Pack pony string,False,False,104.880203,1200,14.0,7.51,13.32,0.212
LEG-001004,Talagbar,Palischuk,Castle Perilous to Darmshall,trail,trail,Mule train,False,False,104.880203,2400,13.3,7.89,25.24,0.201
LEG-001004,Talagbar,Palischuk,Castle Perilous to Darmshall,trail,trail,Porter company,False,False,104.880203,1000,10.4,10.11,14.02,0.267
LEG-001005,Tammar,Phsant,Telflamm through Phent and Phsant to Tammar,road,road,Ox freight wagon,False,False,129.764965,6000,14.7,8.83,45.07,0.116
LEG-001005,Tammar,Phsant,Telflamm through Phent and Phsant to Tammar,road,road,Horse freight wagon,False,False,129.764965,4000,20.4,6.36,36.64,0.141
LEG-001005,Tammar,Phsant,Telflamm through Phent and Phsant to Tammar,road,road,Mule cart,False,False,129.764965,2000,18.4,7.07,16.12,0.124
LEG-001006,Tammar,The Mucklestones,Kront to Tammar,road,road,Ox freight wagon,False,False,164.24797,6000,14.7,11.18,57.04,0.116
LEG-001006,Tammar,The Mucklestones,Kront to Tammar,road,road,Horse freight wagon,False,False,164.24797,4000,20.4,8.05,46.38,0.141
LEG-001006,Tammar,The Mucklestones,Kront to Tammar,road,road,Mule cart,False,False,164.24797,2000,18.4,8.95,20.41,0.124
LEG-001007,Tammar,Two Stars,Two Stars to Tammar,road,road,Ox freight wagon,False,False,111.641587,6000,14.7,7.6,38.77,0.116
LEG-001007,Tammar,Two Stars,Two Stars to Tammar,road,road,Horse freight wagon,False,False,111.641587,4000,20.4,5.47,31.52,0.141
LEG-001007,Tammar,Two Stars,Two Stars to Tammar,road,road,Mule cart,False,False,111.641587,2000,18.4,6.08,13.87,0.124
LEG-001008,Tantras,Dragon Falls,Calaunt to Ravens Bluff,trail,trail,Pack pony string,False,False,89.757999,1200,14.0,6.43,11.4,0.212
LEG-001008,Tantras,Dragon Falls,Calaunt to Ravens Bluff,trail,trail,Mule train,False,False,89.757999,2400,13.3,6.75,21.6,0.201
LEG-001008,Tantras,Dragon Falls,Calaunt to Ravens Bluff,trail,trail,Porter company,False,False,89.757999,1000,10.4,8.65,12.0,0.267
LEG-001009,Tantras,Harrowdale Town,The Inner Sea Run,sea,sea,Coasting cog,False,False,170.69461,100000,76.0,2.25,276.53,0.032
LEG-001009,Tantras,Harrowdale Town,The Inner Sea Run,sea,sea,Merchant caravel,False,False,170.69461,180000,90.7,1.88,460.88,0.03
LEG-001009,Tantras,Harrowdale Town,The Inner Sea Run,sea,sea,Deep-water galleon,False,False,170.69461,400000,82.1,2.08,880.78,0.026
LEG-001010,Tantras,Lyrabar,The Vast Road,road,road,Ox freight wagon,False,False,214.307559,6000,18.1,11.81,60.25,0.094
LEG-001010,Tantras,Lyrabar,The Vast Road,road,road,Horse freight wagon,False,False,214.307559,4000,25.2,8.5,48.98,0.114
LEG-001010,Tantras,Lyrabar,The Vast Road,road,road,Mule cart,False,False,214.307559,2000,22.7,9.45,21.55,0.101
LEG-001011,Tantras,Procampur,caravan track,track,track,Camel caravan,True,False,114.350208,3000,17.6,6.5,31.6,0.184
LEG-001011,Tantras,Procampur,caravan track,track,track,Mule caravan,True,False,114.350208,2400,15.3,7.47,28.09,0.205
LEG-001011,Tantras,Procampur,caravan track,track,track,Ox caravan,True,False,114.350208,5000,10.7,10.68,47.99,0.168
LEG-001012,Tantras,Ravens Bluff,The Inner Sea Run,sea,sea,Coasting cog,False,False,43.161325,100000,76.0,0.57,69.92,0.032
LEG-001012,Tantras,Ravens Bluff,The Inner Sea Run,sea,sea,Merchant caravel,False,False,43.161325,180000,90.7,0.48,116.54,0.03
LEG-001012,Tantras,Ravens Bluff,The Inner Sea Run,sea,sea,Deep-water galleon,False,False,43.161325,400000,82.1,0.53,222.71,0.026
LEG-001013,Tantras,Tsurlagol,caravan track,track,track,Camel caravan,True,False,130.789678,3000,17.6,7.43,36.14,0.184
LEG-001013,Tantras,Tsurlagol,caravan track,track,track,Mule caravan,True,False,130.789678,2400,15.3,8.55,32.13,0.205
LEG-001013,Tantras,Tsurlagol,caravan track,track,track,Ox caravan,True,False,130.789678,5000,10.7,12.21,54.89,0.168
LEG-001014,Tantras,Yhaunn,Sea of Fallen Stars coasting run,sea,sea,Coasting cog,False,False,138.015724,100000,60.2,2.29,282.42,0.041
LEG-001014,Tantras,Yhaunn,Sea of Fallen Stars coasting run,sea,sea,Merchant caravel,False,False,138.015724,180000,71.8,1.92,470.71,0.038
LEG-001014,Tantras,Yhaunn,Sea of Fallen Stars coasting run,sea,sea,Deep-water galleon,False,False,138.015724,400000,65.0,2.12,899.57,0.033
LEG-001015,Targos,Bryn Shander,The Ten Towns Track,trail,trail,Pack pony string,False,False,20.05642,1200,14.0,1.44,2.55,0.212
LEG-001015,Targos,Bryn Shander,The Ten Towns Track,trail,trail,Mule train,False,False,20.05642,2400,13.3,1.51,4.83,0.201
LEG-001015,Targos,Bryn Shander,The Ten Towns Track,trail,trail,Porter company,False,False,20.05642,1000,10.4,1.93,2.68,0.267
LEG-001016,Targos,Easthaven,caravan track,track,track,Camel caravan,True,False,52.416982,3000,14.5,3.62,17.59,0.224
LEG-001016,Targos,Easthaven,caravan track,track,track,Mule caravan,True,False,52.416982,2400,12.6,4.16,15.64,0.249
LEG-001016,Targos,Easthaven,caravan track,track,track,Ox caravan,True,False,52.416982,5000,8.8,5.94,26.71,0.204
LEG-001017,Targos,Good Mead,caravan track,track,track,Camel caravan,True,False,47.401688,3000,14.5,3.27,15.91,0.224
LEG-001017,Targos,Good Mead,caravan track,track,track,Mule caravan,True,False,47.401688,2400,12.6,3.76,14.14,0.249
LEG-001017,Targos,Good Mead,caravan track,track,track,Ox caravan,True,False,47.401688,5000,8.8,5.37,24.15,0.204
LEG-001018,Targos,Lonelywood,caravan track,track,track,Camel caravan,True,False,25.057733,3000,17.6,1.42,6.92,0.184
LEG-001018,Targos,Lonelywood,caravan track,track,track,Mule caravan,True,False,25.057733,2400,15.3,1.64,6.16,0.205
LEG-001018,Targos,Lonelywood,caravan track,track,track,Ox caravan,True,False,25.057733,5000,10.7,2.34,10.52,0.168
LEG-001019,Targos,Termalaine,The Ten Towns Track,trail,trail,Pack pony string,False,False,10.510947,1200,14.0,0.75,1.34,0.212
LEG-001019,Targos,Termalaine,The Ten Towns Track,trail,trail,Mule train,False,False,10.510947,2400,13.3,0.79,2.53,0.201
LEG-001019,Targos,Termalaine,The Ten Towns Track,trail,trail,Porter company,False,False,10.510947,1000,10.4,1.01,1.41,0.267
LEG-001020,Tashluta,Almraiven,Chult-Tashalar Coastal Run,sea,sea,Sword Coast Coasters,False,False,428.736119,100000,66.5,6.44,793.77,0.037
LEG-001020,Tashluta,Almraiven,Chult-Tashalar Coastal Run,sea,sea,Merchant caravel,False,False,428.736119,180000,79.4,5.4,1322.96,0.034
LEG-001020,Tashluta,Almraiven,Chult-Tashalar Coastal Run,sea,sea,Deep-water galleon,False,False,428.736119,400000,71.8,5.97,2528.32,0.029
LEG-001021,Tashluta,Calimport,Sea of Swords coasting run,sea,sea,Coasting cog,False,False,365.594926,100000,60.2,6.07,748.12,0.041
LEG-001021,Tashluta,Calimport,Sea of Swords coasting run,sea,sea,Merchant caravel,False,False,365.594926,180000,71.8,5.09,1246.87,0.038
LEG-001021,Tashluta,Calimport,Sea of Swords coasting run,sea,sea,Deep-water galleon,False,False,365.594926,400000,65.0,5.63,2382.91,0.033
LEG-001022,Tashluta,Delselar,Sea of Swords coasting run,sea,sea,Coasting cog,False,False,248.19162,100000,60.2,4.12,507.88,0.041
LEG-001022,Tashluta,Delselar,Sea of Swords coasting run,sea,sea,Merchant caravel,False,False,248.19162,180000,71.8,3.46,846.46,0.038
LEG-001022,Tashluta,Delselar,Sea of Swords coasting run,sea,sea,Deep-water galleon,False,False,248.19162,400000,65.0,3.82,1617.69,0.033
LEG-001023,Tashluta,Lantan,The Shining Sea Run,sea,sea,Coasting cog,False,False,861.017776,100000,63.4,13.59,1673.82,0.039
LEG-001023,Tashluta,Lantan,The Shining Sea Run,sea,sea,Merchant caravel,False,False,861.017776,180000,75.6,11.39,2789.7,0.036
LEG-001023,Tashluta,Lantan,The Shining Sea Run,sea,sea,Deep-water galleon,False,False,861.017776,400000,68.4,12.59,5331.42,0.031
LEG-001024,Tashluta,Lundeth,local market trail,trail,trail,Pack pony string,True,False,212.617262,1200,13.0,16.4,29.09,0.228
LEG-001024,Tashluta,Lundeth,local market trail,trail,trail,Mule train,True,False,212.617262,2400,12.3,17.22,55.11,0.216
LEG-001024,Tashluta,Lundeth,local market trail,trail,trail,Porter company,True,False,212.617262,1000,9.6,22.07,30.62,0.288
LEG-001025,Tashluta,Port Nyanzaru,Chult-Tashalar Coastal Run,sea,sea,Sword Coast Coasters,False,False,692.246502,100000,66.5,10.41,1281.64,0.037
LEG-001025,Tashluta,Port Nyanzaru,Chult-Tashalar Coastal Run,sea,sea,Merchant caravel,False,False,692.246502,180000,79.4,8.72,2136.07,0.034
LEG-001025,Tashluta,Port Nyanzaru,Chult-Tashalar Coastal Run,sea,sea,Deep-water galleon,False,False,692.246502,400000,71.8,9.64,4082.28,0.029
LEG-001026,Tashluta,Samargol,Sea of Swords coasting run,sea,sea,Coasting cog,False,False,527.784511,100000,60.2,8.77,1080.01,0.041
LEG-001026,Tashluta,Samargol,Sea of Swords coasting run,sea,sea,Merchant caravel,False,False,527.784511,180000,71.8,7.35,1800.02,0.038
LEG-001026,Tashluta,Samargol,Sea of Swords coasting run,sea,sea,Deep-water galleon,False,False,527.784511,400000,65.0,8.12,3440.04,0.033
LEG-001027,Tashluta,Urbreth,Sea of Swords coasting run,sea,sea,Coasting cog,False,False,315.589132,100000,60.2,5.24,645.8,0.041
LEG-001027,Tashluta,Urbreth,Sea of Swords coasting run,sea,sea,Merchant caravel,False,False,315.589132,180000,71.8,4.39,1076.33,0.038
LEG-001027,Tashluta,Urbreth,Sea of Swords coasting run,sea,sea,Deep-water galleon,False,False,315.589132,400000,65.0,4.86,2056.98,0.033
LEG-001028,Telflamm,Bezantur,The Inner Sea Run,sea,sea,Coasting cog,False,False,543.641095,100000,76.0,7.15,880.7,0.032
LEG-001028,Telflamm,Bezantur,The Inner Sea Run,sea,sea,Merchant caravel,False,False,543.641095,180000,90.7,5.99,1467.83,0.03
LEG-001028,Telflamm,Bezantur,The Inner Sea Run,sea,sea,Deep-water galleon,False,False,543.641095,400000,82.1,6.62,2805.19,0.026
LEG-001029,Telflamm,Lyrabar,The Inner Sea Run,sea,sea,Coasting cog,False,False,232.13621,100000,76.0,3.05,376.06,0.032
LEG-001029,Telflamm,Lyrabar,The Inner Sea Run,sea,sea,Merchant caravel,False,False,232.13621,180000,90.7,2.56,626.77,0.03
LEG-001029,Telflamm,Lyrabar,The Inner Sea Run,sea,sea,Deep-water galleon,False,False,232.13621,400000,82.1,2.83,1197.82,0.026
LEG-001030,Telflamm,Nyth,Telflamm through Phent and Phsant to Tammar,road,road,Ox freight wagon,False,False,51.614339,6000,14.7,3.51,17.93,0.116
LEG-001030,Telflamm,Nyth,Telflamm through Phent and Phsant to Tammar,road,road,Horse freight wagon,False,False,51.614339,4000,20.4,2.53,14.57,0.141
LEG-001030,Telflamm,Nyth,Telflamm through Phent and Phsant to Tammar,road,road,Mule cart,False,False,51.614339,2000,18.4,2.81,6.41,0.124
LEG-001031,Telflamm,Phent,Telflamm through Phent and Phsant to Tammar,road,road,Ox freight wagon,False,False,79.627247,6000,14.7,5.42,27.65,0.116
LEG-001031,Telflamm,Phent,Telflamm through Phent and Phsant to Tammar,road,road,Horse freight wagon,False,False,79.627247,4000,20.4,3.9,22.48,0.141
LEG-001031,Telflamm,Phent,Telflamm through Phent and Phsant to Tammar,road,road,Mule cart,False,False,79.627247,2000,18.4,4.34,9.89,0.124
LEG-001032,Telflamm,Phsant,The Golden Way,road,road,Ox freight wagon,False,False,185.908172,6000,19.0,9.78,49.89,0.089
LEG-001032,Telflamm,Phsant,The Golden Way,road,road,Horse freight wagon,False,False,185.908172,4000,26.4,7.04,40.56,0.109
LEG-001032,Telflamm,Phsant,The Golden Way,road,road,Mule cart,False,False,185.908172,2000,23.8,7.82,17.85,0.096
LEG-001033,Telflamm,Velprintalar,Sea of Fallen Stars coasting run,sea,sea,Coasting cog,False,False,207.971585,100000,60.2,3.46,425.58,0.041
LEG-001033,Telflamm,Velprintalar,Sea of Fallen Stars coasting run,sea,sea,Merchant caravel,False,False,207.971585,180000,71.8,2.9,709.29,0.038
LEG-001033,Telflamm,Velprintalar,Sea of Fallen Stars coasting run,sea,sea,Deep-water galleon,False,False,207.971585,400000,65.0,3.2,1355.54,0.033
LEG-001034,Termalaine,Bryn Shander,caravan track,track,track,Camel caravan,True,False,20.2608,3000,14.5,1.4,6.8,0.224
LEG-001034,Termalaine,Bryn Shander,caravan track,track,track,Mule caravan,True,False,20.2608,2400,12.6,1.61,6.04,0.249
LEG-001034,Termalaine,Bryn Shander,caravan track,track,track,Ox caravan,True,False,20.2608,5000,8.8,2.3,10.32,0.204
LEG-001035,Termalaine,Easthaven,caravan track,track,track,Camel caravan,True,False,50.290556,3000,14.5,3.47,16.88,0.224
LEG-001035,Termalaine,Easthaven,caravan track,track,track,Mule caravan,True,False,50.290556,2400,12.6,3.99,15.0,0.249
LEG-001035,Termalaine,Easthaven,caravan track,track,track,Ox caravan,True,False,50.290556,5000,8.8,5.7,25.63,0.204
LEG-001036,Termalaine,Good Mead,caravan track,track,track,Camel caravan,True,False,48.893762,3000,14.5,3.37,16.41,0.224
LEG-001036,Termalaine,Good Mead,caravan track,track,track,Mule caravan,True,False,48.893762,2400,12.6,3.88,14.58,0.249
LEG-001036,Termalaine,Good Mead,caravan track,track,track,Ox caravan,True,False,48.893762,5000,8.8,5.54,24.91,0.204
LEG-001037,Termalaine,Lonelywood,caravan track,track,track,Camel caravan,True,False,14.650939,3000,17.6,0.83,4.05,0.184
LEG-001037,Termalaine,Lonelywood,caravan track,track,track,Mule caravan,True,False,14.650939,2400,15.3,0.96,3.6,0.205
LEG-001037,Termalaine,Lonelywood,caravan track,track,track,Ox caravan,True,False,14.650939,5000,10.7,1.37,6.15,0.168
LEG-001038,Termalaine,Targos,The Ten Towns Track,trail,trail,Pack pony string,False,False,10.510947,1200,14.0,0.75,1.34,0.212
LEG-001038,Termalaine,Targos,The Ten Towns Track,trail,trail,Mule train,False,False,10.510947,2400,13.3,0.79,2.53,0.201
LEG-001038,Termalaine,Targos,The Ten Towns Track,trail,trail,Porter company,False,False,10.510947,1000,10.4,1.01,1.41,0.267
LEG-001039,Teshwave,Citadel of the Raven,Voonlar to Teshwave,road,road,Ox freight wagon,False,False,52.936566,6000,14.7,3.6,18.38,0.116
LEG-001039,Teshwave,Citadel of the Raven,Voonlar to Teshwave,road,road,Horse freight wagon,False,False,52.936566,4000,20.4,2.59,14.95,0.141
LEG-001039,Teshwave,Citadel of the Raven,Voonlar to Teshwave,road,road,Mule cart,False,False,52.936566,2000,18.4,2.88,6.58,0.124
LEG-001040,Teshwave,Ilinvur,Citadel of the Raven to Ilinvur,trail,trail,Pack pony string,False,False,297.757831,1200,14.0,21.32,37.82,0.212
LEG-001040,Teshwave,Ilinvur,Citadel of the Raven to Ilinvur,trail,trail,Mule train,False,False,297.757831,2400,13.3,22.39,71.67,0.201
LEG-001040,Teshwave,Ilinvur,Citadel of the Raven to Ilinvur,trail,trail,Porter company,False,False,297.757831,1000,10.4,28.7,39.81,0.267
LEG-001041,Teshwave,Shadowdale,Tilverton through Shadowdale toward Voonlar,road,road,Ox freight wagon,False,False,139.593607,6000,14.7,9.5,48.48,0.116
LEG-001041,Teshwave,Shadowdale,Tilverton through Shadowdale toward Voonlar,road,road,Horse freight wagon,False,False,139.593607,4000,20.4,6.84,39.41,0.141
LEG-001041,Teshwave,Shadowdale,Tilverton through Shadowdale toward Voonlar,road,road,Mule cart,False,False,139.593607,2000,18.4,7.6,17.34,0.124
LEG-001042,Teshwave,Voonlar,Tilverton through Shadowdale toward Voonlar,road,road,Ox freight wagon,False,False,58.766402,6000,14.7,4.0,20.41,0.116
LEG-001042,Teshwave,Voonlar,Tilverton through Shadowdale toward Voonlar,road,road,Horse freight wagon,False,False,58.766402,4000,20.4,2.88,16.59,0.141
LEG-001042,Teshwave,Voonlar,Tilverton through Shadowdale toward Voonlar,road,road,Mule cart,False,False,58.766402,2000,18.4,3.2,7.3,0.124
LEG-001043,Teshwave,Yulash,Voonlar to Yulash cross-road,road,road,Ox freight wagon,False,False,81.76393,6000,14.7,5.57,28.4,0.116
LEG-001043,Teshwave,Yulash,Voonlar to Yulash cross-road,road,road,Horse freight wagon,False,False,81.76393,4000,20.4,4.01,23.09,0.141
LEG-001043,Teshwave,Yulash,Voonlar to Yulash cross-road,road,road,Mule cart,False,False,81.76393,2000,18.4,4.45,10.16,0.124
LEG-001044,Teshwave,Zhentil Keep,Zhentil Keep to Citadel of the Raven,trail,trail,Pack pony string,False,False,110.18879,1200,14.0,7.89,14.0,0.212
LEG-001044,Teshwave,Zhentil Keep,Zhentil Keep to Citadel of the Raven,trail,trail,Mule train,False,False,110.18879,2400,13.3,8.28,26.52,0.201
LEG-001044,Teshwave,Zhentil Keep,Zhentil Keep to Citadel of the Raven,trail,trail,Porter company,False,False,110.18879,1000,10.4,10.62,14.73,0.267
LEG-001045,Teziir,Elversult,The Chionthar Road,road,road,Ox freight wagon,False,False,127.485834,6000,19.9,6.42,32.73,0.086
LEG-001045,Teziir,Elversult,The Chionthar Road,road,road,Horse freight wagon,False,False,127.485834,4000,27.6,4.62,26.61,0.104
LEG-001045,Teziir,Elversult,The Chionthar Road,road,road,Mule cart,False,False,127.485834,2000,24.8,5.13,11.71,0.092
LEG-001046,Teziir,Marsember,The Dragonmere,sea,sea,Coasting cog,False,False,114.951686,100000,72.9,1.58,194.32,0.034
LEG-001046,Teziir,Marsember,The Dragonmere,sea,sea,Merchant caravel,False,False,114.951686,180000,86.9,1.32,323.86,0.031
LEG-001046,Teziir,Marsember,The Dragonmere,sea,sea,Deep-water galleon,False,False,114.951686,400000,78.7,1.46,618.94,0.027
LEG-001047,Teziir,Pros,Proskur via Elversult and Teziir to Westgate,road,road,Ox freight wagon,False,False,92.70262,6000,14.7,6.31,32.2,0.116
LEG-001047,Teziir,Pros,Proskur via Elversult and Teziir to Westgate,road,road,Horse freight wagon,False,False,92.70262,4000,20.4,4.54,26.17,0.141
LEG-001047,Teziir,Pros,Proskur via Elversult and Teziir to Westgate,road,road,Mule cart,False,False,92.70262,2000,18.4,5.05,11.52,0.124
LEG-001048,Teziir,Reddansyr,Proskur via Elversult and Teziir to Westgate,road,road,Ox freight wagon,False,False,41.872898,6000,14.7,2.85,14.54,0.116
LEG-001048,Teziir,Reddansyr,Proskur via Elversult and Teziir to Westgate,road,road,Horse freight wagon,False,False,41.872898,4000,20.4,2.05,11.82,0.141
LEG-001048,Teziir,Reddansyr,Proskur via Elversult and Teziir to Westgate,road,road,Mule cart,False,False,41.872898,2000,18.4,2.28,5.2,0.124
LEG-001049,Teziir,Suzail,caravan track,track,track,Camel caravan,True,False,134.918123,3000,14.5,9.31,45.27,0.224
LEG-001049,Teziir,Suzail,caravan track,track,track,Mule caravan,True,False,134.918123,2400,12.6,10.71,40.24,0.249
LEG-001049,Teziir,Suzail,caravan track,track,track,Ox caravan,True,False,134.918123,5000,8.8,15.3,68.75,0.204
LEG-001050,Teziir,Westgate,The Dragonmere,sea,sea,Coasting cog,False,False,112.929757,100000,72.9,1.55,190.9,0.034
LEG-001050,Teziir,Westgate,The Dragonmere,sea,sea,Merchant caravel,False,False,112.929757,180000,86.9,1.3,318.17,0.031
LEG-001050,Teziir,Westgate,The Dragonmere,sea,sea,Deep-water galleon,False,False,112.929757,400000,78.7,1.44,608.05,0.027
LEG-001051,The Mucklestones,Clymph Tower,Uthmere through the Great Dale to Kront,road,road,Ox freight wagon,False,False,90.644701,6000,14.7,6.17,31.48,0.116
LEG-001051,The Mucklestones,Clymph Tower,Uthmere through the Great Dale to Kront,road,road,Horse freight wagon,False,False,90.644701,4000,20.4,4.44,25.59,0.141
LEG-001051,The Mucklestones,Clymph Tower,Uthmere through the Great Dale to Kront,road,road,Mule cart,False,False,90.644701,2000,18.4,4.94,11.26,0.124
LEG-001052,The Mucklestones,Kront,Kront to Tammar,road,road,Ox freight wagon,False,False,142.275693,6000,14.7,9.69,49.41,0.116
LEG-001052,The Mucklestones,Kront,Kront to Tammar,road,road,Horse freight wagon,False,False,142.275693,4000,20.4,6.97,40.17,0.141
LEG-001052,The Mucklestones,Kront,Kront to Tammar,road,road,Mule cart,False,False,142.275693,2000,18.4,7.75,17.68,0.124
LEG-001053,The Mucklestones,Tammar,Kront to Tammar,road,road,Ox freight wagon,False,False,164.24797,6000,14.7,11.18,57.04,0.116
LEG-001053,The Mucklestones,Tammar,Kront to Tammar,road,road,Horse freight wagon,False,False,164.24797,4000,20.4,8.05,46.38,0.141
LEG-001053,The Mucklestones,Tammar,Kront to Tammar,road,road,Mule cart,False,False,164.24797,2000,18.4,8.95,20.41,0.124
LEG-001054,The Mucklestones,Tower of Threespires,Uthmere through the Great Dale to Kront,road,road,Ox freight wagon,False,False,95.093599,6000,14.7,6.47,33.03,0.116
LEG-001054,The Mucklestones,Tower of Threespires,Uthmere through the Great Dale to Kront,road,road,Horse freight wagon,False,False,95.093599,4000,20.4,4.66,26.85,0.141
LEG-001054,The Mucklestones,Tower of Threespires,Uthmere through the Great Dale to Kront,road,road,Mule cart,False,False,95.093599,2000,18.4,5.18,11.81,0.124
LEG-001055,The Twin Towers,Crimmor,Nashkel through Cloud Peaks to Crimmor,road,road,Ox freight wagon,False,False,30.549959,6000,14.7,2.08,10.61,0.116
LEG-001055,The Twin Towers,Crimmor,Nashkel through Cloud Peaks to Crimmor,road,road,Horse freight wagon,False,False,30.549959,4000,20.4,1.5,8.63,0.141
LEG-001055,The Twin Towers,Crimmor,Nashkel through Cloud Peaks to Crimmor,road,road,Mule cart,False,False,30.549959,2000,18.4,1.66,3.8,0.124
LEG-001056,The Twin Towers,Esmeltaran,Crimmor through Keczulla to Eshpurta,road,road,Ox freight wagon,False,False,242.741323,6000,14.7,16.53,84.3,0.116
LEG-001056,The Twin Towers,Esmeltaran,Crimmor through Keczulla to Eshpurta,road,road,Horse freight wagon,False,False,242.741323,4000,20.4,11.9,68.54,0.141
LEG-001056,The Twin Towers,Esmeltaran,Crimmor through Keczulla to Eshpurta,road,road,Mule cart,False,False,242.741323,2000,18.4,13.22,30.16,0.124
LEG-001057,The Twin Towers,Nashkel,Nashkel through Cloud Peaks to Crimmor,road,road,Ox freight wagon,False,False,71.083257,6000,14.7,4.84,24.69,0.116
LEG-001057,The Twin Towers,Nashkel,Nashkel through Cloud Peaks to Crimmor,road,road,Horse freight wagon,False,False,71.083257,4000,20.4,3.48,20.07,0.141
LEG-001057,The Twin Towers,Nashkel,Nashkel through Cloud Peaks to Crimmor,road,road,Mule cart,False,False,71.083257,2000,18.4,3.87,8.83,0.124
LEG-001058,The Twin Towers,Purskul,Crimmor through Keczulla to Eshpurta,road,road,Ox freight wagon,False,False,52.145202,6000,14.7,3.55,18.11,0.116
LEG-001058,The Twin Towers,Purskul,Crimmor through Keczulla to Eshpurta,road,road,Horse freight wagon,False,False,52.145202,4000,20.4,2.56,14.72,0.141
LEG-001058,The Twin Towers,Purskul,Crimmor through Keczulla to Eshpurta,road,road,Mule cart,False,False,52.145202,2000,18.4,2.84,6.48,0.124
LEG-001059,The Watchwall,Escalant,local market trail,trail,trail,Pack pony string,True,False,75.344807,1200,13.0,5.81,10.31,0.228
LEG-001059,The Watchwall,Escalant,local market trail,trail,trail,Mule train,True,False,75.344807,2400,12.3,6.1,19.53,0.216
LEG-001059,The Watchwall,Escalant,local market trail,trail,trail,Porter company,True,False,75.344807,1000,9.6,7.82,10.85,0.288
LEG-001060,Thentia,Bell in the Deep,local market trail,trail,trail,Pack pony string,True,False,54.007499,1200,13.0,4.16,7.39,0.228
LEG-001060,Thentia,Bell in the Deep,local market trail,trail,trail,Mule train,True,False,54.007499,2400,12.3,4.37,14.0,0.216
LEG-001060,Thentia,Bell in the Deep,local market trail,trail,trail,Porter company,True,False,54.007499,1000,9.6,5.61,7.78,0.288
LEG-001061,Thentia,Elmwood,Moonsea coasting run,sea,sea,Coasting cog,False,False,103.640002,100000,60.2,1.72,212.08,0.041
LEG-001061,Thentia,Elmwood,Moonsea coasting run,sea,sea,Merchant caravel,False,False,103.640002,180000,71.8,1.44,353.47,0.038
LEG-001061,Thentia,Elmwood,Moonsea coasting run,sea,sea,Deep-water galleon,False,False,103.640002,400000,65.0,1.59,675.51,0.033
LEG-001062,Thentia,Hillsfar,Moonsea coasting run,sea,sea,Coasting cog,False,False,114.268325,100000,60.2,1.9,233.83,0.041
LEG-001062,Thentia,Hillsfar,Moonsea coasting run,sea,sea,Merchant caravel,False,False,114.268325,180000,71.8,1.59,389.72,0.038
LEG-001062,Thentia,Hillsfar,Moonsea coasting run,sea,sea,Deep-water galleon,False,False,114.268325,400000,65.0,1.76,744.79,0.033
LEG-001063,Thentia,Hulburg,Melvaunt to Glister trail,trail,trail,Pack pony string,False,False,162.686245,1200,14.0,11.65,20.67,0.212
LEG-001063,Thentia,Hulburg,Melvaunt to Glister trail,trail,trail,Mule train,False,False,162.686245,2400,13.3,12.23,39.16,0.201
LEG-001063,Thentia,Hulburg,Melvaunt to Glister trail,trail,trail,Porter company,False,False,162.686245,1000,10.4,15.68,21.75,0.267
LEG-001064,Thentia,Melvaunt,The Moonsea Run,sea,sea,Coasting cog,False,False,37.081801,100000,66.5,0.56,68.65,0.037
LEG-001064,Thentia,Melvaunt,The Moonsea Run,sea,sea,Merchant caravel,False,False,37.081801,180000,79.4,0.47,114.42,0.034
LEG-001064,Thentia,Melvaunt,The Moonsea Run,sea,sea,Deep-water galleon,False,False,37.081801,400000,71.8,0.52,218.68,0.029
LEG-001065,Thentia,Mulmaster,The Moonsea Run,sea,sea,Coasting cog,False,False,128.447382,100000,66.5,1.93,237.81,0.037
LEG-001065,Thentia,Mulmaster,The Moonsea Run,sea,sea,Merchant caravel,False,False,128.447382,180000,79.4,1.62,396.35,0.034
LEG-001065,Thentia,Mulmaster,The Moonsea Run,sea,sea,Deep-water galleon,False,False,128.447382,400000,71.8,1.79,757.47,0.029
LEG-001066,Thentia,Phlan,caravan track,track,track,Camel caravan,True,False,84.868486,3000,17.6,4.82,23.45,0.184
LEG-001066,Thentia,Phlan,caravan track,track,track,Mule caravan,True,False,84.868486,2400,15.3,5.55,20.85,0.205
LEG-001066,Thentia,Phlan,caravan track,track,track,Ox caravan,True,False,84.868486,5000,10.7,7.92,35.61,0.168
LEG-001067,Theymarsh,Suldolphor,Mintar junction via Yeshpek to Tulmon and Suldolphor,trail,trail,Pack pony string,False,False,21.61481,1200,14.0,1.55,2.75,0.212
LEG-001067,Theymarsh,Suldolphor,Mintar junction via Yeshpek to Tulmon and Suldolphor,trail,trail,Mule train,False,False,21.61481,2400,13.3,1.63,5.2,0.201
LEG-001067,Theymarsh,Suldolphor,Mintar junction via Yeshpek to Tulmon and Suldolphor,trail,trail,Porter company,False,False,21.61481,1000,10.4,2.08,2.89,0.267
LEG-001068,Theymarsh,Yallasch,Theymarsh to Yallash trail,trail,trail,Pack pony string,False,False,85.46753,1200,14.0,6.12,10.86,0.212
LEG-001068,Theymarsh,Yallasch,Theymarsh to Yallash trail,trail,trail,Mule train,False,False,85.46753,2400,13.3,6.43,20.57,0.201
LEG-001068,Theymarsh,Yallasch,Theymarsh to Yallash trail,trail,trail,Porter company,False,False,85.46753,1000,10.4,8.24,11.43,0.267
LEG-001069,Thindar,Calimport,Sea of Swords coasting run,sea,sea,Coasting cog,False,False,549.020455,100000,60.2,9.12,1123.47,0.041
LEG-001069,Thindar,Calimport,Sea of Swords coasting run,sea,sea,Merchant caravel,False,False,549.020455,180000,71.8,7.64,1872.45,0.038
LEG-001069,Thindar,Calimport,Sea of Swords coasting run,sea,sea,Deep-water galleon,False,False,549.020455,400000,65.0,8.45,3578.46,0.033
LEG-001070,Thindar,Delselar,Halruaa-Chult Coastal Run,sea,sea,Sword Coast Coasters,False,False,138.180498,100000,66.5,2.08,255.83,0.037
LEG-001070,Thindar,Delselar,Halruaa-Chult Coastal Run,sea,sea,Merchant caravel,False,False,138.180498,180000,79.4,1.74,426.39,0.034
LEG-001070,Thindar,Delselar,Halruaa-Chult Coastal Run,sea,sea,Deep-water galleon,False,False,138.180498,400000,71.8,1.92,814.87,0.029
LEG-001071,Thindar,Samargol,Halruaa-Chult Coastal Run,sea,sea,Sword Coast Coasters,False,False,256.910879,100000,66.5,3.86,475.65,0.037
LEG-001071,Thindar,Samargol,Halruaa-Chult Coastal Run,sea,sea,Merchant caravel,False,False,256.910879,180000,79.4,3.24,792.75,0.034
LEG-001071,Thindar,Samargol,Halruaa-Chult Coastal Run,sea,sea,Deep-water galleon,False,False,256.910879,400000,71.8,3.58,1515.04,0.029
LEG-001072,Three Swords,Channathgate,Kormul through Rethmar and Channathgate to Eartheart,road,road,Ox freight wagon,False,False,231.373341,6000,14.7,15.75,80.35,0.116
LEG-001072,Three Swords,Channathgate,Kormul through Rethmar and Channathgate to Eartheart,road,road,Horse freight wagon,False,False,231.373341,4000,20.4,11.34,65.33,0.141
LEG-001072,Three Swords,Channathgate,Kormul through Rethmar and Channathgate to Eartheart,road,road,Mule cart,False,False,231.373341,2000,18.4,12.6,28.74,0.124
LEG-001073,Three Swords,Eartheart,Kormul through Rethmar and Channathgate to Eartheart,road,road,Ox freight wagon,False,False,183.659352,6000,14.7,12.5,63.78,0.116
LEG-001073,Three Swords,Eartheart,Kormul through Rethmar and Channathgate to Eartheart,road,road,Horse freight wagon,False,False,183.659352,4000,20.4,9.0,51.86,0.141
LEG-001073,Three Swords,Eartheart,Kormul through Rethmar and Channathgate to Eartheart,road,road,Mule cart,False,False,183.659352,2000,18.4,10.0,22.82,0.124
LEG-001074,Thruldar,Chavyondat,Ormpе through Vaelan and Assur toward Shoun,trail,trail,Pack pony string,False,False,185.694253,1200,14.0,13.3,23.59,0.212
LEG-001074,Thruldar,Chavyondat,Ormpе through Vaelan and Assur toward Shoun,trail,trail,Mule train,False,False,185.694253,2400,13.3,13.96,44.69,0.201
LEG-001074,Thruldar,Chavyondat,Ormpе through Vaelan and Assur toward Shoun,trail,trail,Porter company,False,False,185.694253,1000,10.4,17.9,24.83,0.267
LEG-001075,Thruldar,Shoun,Ormpе through Vaelan and Assur toward Shoun,trail,trail,Pack pony string,False,False,302.593362,1200,14.0,21.67,38.44,0.212
LEG-001075,Thruldar,Shoun,Ormpе through Vaelan and Assur toward Shoun,trail,trail,Mule train,False,False,302.593362,2400,13.3,22.75,72.83,0.201
LEG-001075,Thruldar,Shoun,Ormpе through Vaelan and Assur toward Shoun,trail,trail,Porter company,False,False,302.593362,1000,10.4,29.17,40.46,0.267
LEG-001076,Tilverton,Arabel,The Moonsea Ride,road,road,Ox freight wagon,False,False,102.255027,6000,18.1,5.64,28.75,0.094
LEG-001076,Tilverton,Arabel,The Moonsea Ride,road,road,Horse freight wagon,False,False,102.255027,4000,25.2,4.06,23.37,0.114
LEG-001076,Tilverton,Arabel,The Moonsea Ride,road,road,Mule cart,False,False,102.255027,2000,22.7,4.51,10.28,0.101
LEG-001077,Tilverton,Ashabenford,Tilverton via Ashabenford junction to Hillsfar,road,road,Ox freight wagon,False,False,250.799597,6000,14.7,17.08,87.1,0.116
LEG-001077,Tilverton,Ashabenford,Tilverton via Ashabenford junction to Hillsfar,road,road,Horse freight wagon,False,False,250.799597,4000,20.4,12.29,70.81,0.141
LEG-001077,Tilverton,Ashabenford,Tilverton via Ashabenford junction to Hillsfar,road,road,Mule cart,False,False,250.799597,2000,18.4,13.66,31.16,0.124
LEG-001078,Tilverton,Highmoon,caravan track,track,track,Camel caravan,True,False,176.685625,3000,14.5,12.19,59.29,0.224
LEG-001078,Tilverton,Highmoon,caravan track,track,track,Mule caravan,True,False,176.685625,2400,12.6,14.02,52.7,0.249
LEG-001078,Tilverton,Highmoon,caravan track,track,track,Ox caravan,True,False,176.685625,5000,8.8,20.03,90.03,0.204
LEG-001079,Tilverton,Marsember,caravan track,track,track,Camel caravan,True,False,197.098605,3000,17.6,11.2,54.47,0.184
LEG-001079,Tilverton,Marsember,caravan track,track,track,Mule caravan,True,False,197.098605,2400,15.3,12.88,48.42,0.205
LEG-001079,Tilverton,Marsember,caravan track,track,track,Ox caravan,True,False,197.098605,5000,10.7,18.4,82.71,0.168
LEG-001080,Tilverton,Shadowdale,The Moonsea Ride,road,road,Ox freight wagon,False,False,209.574852,6000,18.1,11.55,58.92,0.094
LEG-001080,Tilverton,Shadowdale,The Moonsea Ride,road,road,Horse freight wagon,False,False,209.574852,4000,25.2,8.32,47.9,0.114
LEG-001080,Tilverton,Shadowdale,The Moonsea Ride,road,road,Mule cart,False,False,209.574852,2000,22.7,9.24,21.08,0.101
LEG-001081,Tilverton,Well of Dragons,Sunset foothills via Farsea Marshes toward Tilverton,trail,trail,Pack pony string,False,False,347.024576,1200,14.0,24.85,44.08,0.212
LEG-001081,Tilverton,Well of Dragons,Sunset foothills via Farsea Marshes toward Tilverton,trail,trail,Mule train,False,False,347.024576,2400,13.3,26.09,83.52,0.201
LEG-001081,Tilverton,Well of Dragons,Sunset foothills via Farsea Marshes toward Tilverton,trail,trail,Porter company,False,False,347.024576,1000,10.4,33.45,46.4,0.267
LEG-001082,Torsch,Elbulder,Iljak junction through Elbulder to Torsh trail,trail,trail,Pack pony string,False,False,317.135461,1200,14.0,22.71,40.29,0.212
LEG-001082,Torsch,Elbulder,Iljak junction through Elbulder to Torsh trail,trail,trail,Mule train,False,False,317.135461,2400,13.3,23.84,76.33,0.201
LEG-001082,Torsch,Elbulder,Iljak junction through Elbulder to Torsh trail,trail,trail,Porter company,False,False,317.135461,1000,10.4,30.57,42.41,0.267
LEG-001083,Torsch,Hardcastle,Torsh via Hardcastle to Delzimmer approach,trail,trail,Pack pony string,False,False,255.95441,1200,14.0,18.33,32.51,0.212
LEG-001083,Torsch,Hardcastle,Torsh via Hardcastle to Delzimmer approach,trail,trail,Mule train,False,False,255.95441,2400,13.3,19.24,61.6,0.201
LEG-001083,Torsch,Hardcastle,Torsh via Hardcastle to Delzimmer approach,trail,trail,Porter company,False,False,255.95441,1000,10.4,24.67,34.22,0.267
LEG-001084,Torsch,Innarlith,Innarlith to Torsh trail,trail,trail,Pack pony string,False,False,324.476902,1200,14.0,23.24,41.22,0.212
LEG-001084,Torsch,Innarlith,Innarlith to Torsh trail,trail,trail,Mule train,False,False,324.476902,2400,13.3,24.4,78.1,0.201
LEG-001084,Torsch,Innarlith,Innarlith to Torsh trail,trail,trail,Porter company,False,False,324.476902,1000,10.4,31.28,43.39,0.267
LEG-001085,Tower of Threespires,Kront,Uthmere through the Great Dale to Kront,road,road,Ox freight wagon,False,False,127.437074,6000,14.7,8.68,44.26,0.116
LEG-001085,Tower of Threespires,Kront,Uthmere through the Great Dale to Kront,road,road,Horse freight wagon,False,False,127.437074,4000,20.4,6.25,35.98,0.141
LEG-001085,Tower of Threespires,Kront,Uthmere through the Great Dale to Kront,road,road,Mule cart,False,False,127.437074,2000,18.4,6.94,15.83,0.124
LEG-001086,Tower of Threespires,The Mucklestones,Uthmere through the Great Dale to Kront,road,road,Ox freight wagon,False,False,95.093599,6000,14.7,6.47,33.03,0.116
LEG-001086,Tower of Threespires,The Mucklestones,Uthmere through the Great Dale to Kront,road,road,Horse freight wagon,False,False,95.093599,4000,20.4,4.66,26.85,0.141
LEG-001086,Tower of Threespires,The Mucklestones,Uthmere through the Great Dale to Kront,road,road,Mule cart,False,False,95.093599,2000,18.4,5.18,11.81,0.124
LEG-001087,Trail's End,Heliogabalus,Valls to Praka trail,trail,trail,Pack pony string,False,False,17.790166,1200,14.0,1.27,2.26,0.212
LEG-001087,Trail's End,Heliogabalus,Valls to Praka trail,trail,trail,Mule train,False,False,17.790166,2400,13.3,1.34,4.28,0.201
LEG-001087,Trail's End,Heliogabalus,Valls to Praka trail,trail,trail,Porter company,False,False,17.790166,1000,10.4,1.71,2.38,0.267
LEG-001088,Trail's End,Praka,Trail's End to Ilmwatch road,road,road,Ox freight wagon,False,False,12.649111,6000,14.7,0.86,4.39,0.116
LEG-001088,Trail's End,Praka,Trail's End to Ilmwatch road,road,road,Horse freight wagon,False,False,12.649111,4000,20.4,0.62,3.57,0.141
LEG-001088,Trail's End,Praka,Trail's End to Ilmwatch road,road,road,Mule cart,False,False,12.649111,2000,18.4,0.69,1.57,0.124
LEG-001089,Trail's End,Uthmere,Trail's End to Ilmwatch road,road,road,Ox freight wagon,False,False,261.512762,6000,14.7,17.8,90.82,0.116
LEG-001089,Trail's End,Uthmere,Trail's End to Ilmwatch road,road,road,Horse freight wagon,False,False,261.512762,4000,20.4,12.82,73.84,0.141
LEG-001089,Trail's End,Uthmere,Trail's End to Ilmwatch road,road,road,Mule cart,False,False,261.512762,2000,18.4,14.24,32.49,0.124
LEG-001090,Trail's End,Valls,Valls to Praka trail,trail,trail,Pack pony string,False,False,206.314388,1200,14.0,14.77,26.21,0.212
LEG-001090,Trail's End,Valls,Valls to Praka trail,trail,trail,Mule train,False,False,206.314388,2400,13.3,15.51,49.66,0.201
LEG-001090,Trail's End,Valls,Valls to Praka trail,trail,trail,Porter company,False,False,206.314388,1000,10.4,19.89,27.59,0.267
LEG-001091,Triboar,Amphail,caravan track,track,track,Camel caravan,True,False,78.440105,3000,17.6,4.46,21.68,0.184
LEG-001091,Triboar,Amphail,caravan track,track,track,Mule caravan,True,False,78.440105,2400,15.3,5.13,19.27,0.205
LEG-001091,Triboar,Amphail,caravan track,track,track,Ox caravan,True,False,78.440105,5000,10.7,7.32,32.92,0.168
LEG-001092,Triboar,Goldenfields,caravan track,track,track,Camel caravan,True,False,88.940992,3000,17.6,5.05,24.58,0.184
LEG-001092,Triboar,Goldenfields,caravan track,track,track,Mule caravan,True,False,88.940992,2400,15.3,5.81,21.85,0.205
LEG-001092,Triboar,Goldenfields,caravan track,track,track,Ox caravan,True,False,88.940992,5000,10.7,8.3,37.32,0.168
LEG-001093,Triboar,Longsaddle,The Long Road,road,road,Ox freight wagon,False,False,137.300785,6000,19.0,7.22,36.85,0.089
LEG-001093,Triboar,Longsaddle,The Long Road,road,road,Horse freight wagon,False,False,137.300785,4000,26.4,5.2,29.96,0.109
LEG-001093,Triboar,Longsaddle,The Long Road,road,road,Mule cart,False,False,137.300785,2000,23.8,5.78,13.18,0.096
LEG-001094,Triboar,Phandalin,caravan track,track,track,Camel caravan,True,False,86.533288,3000,14.5,5.97,29.04,0.224
LEG-001094,Triboar,Phandalin,caravan track,track,track,Mule caravan,True,False,86.533288,2400,12.6,6.87,25.81,0.249
LEG-001094,Triboar,Phandalin,caravan track,track,track,Ox caravan,True,False,86.533288,5000,8.8,9.81,44.09,0.204
LEG-001095,Triboar,Red Larch,The Long Road,road,road,Ox freight wagon,False,False,51.216111,6000,19.0,2.69,13.74,0.089
LEG-001095,Triboar,Red Larch,The Long Road,road,road,Horse freight wagon,False,False,51.216111,4000,26.4,1.94,11.17,0.109
LEG-001095,Triboar,Red Larch,The Long Road,road,road,Mule cart,False,False,51.216111,2000,23.8,2.16,4.92,0.096
LEG-001096,Triboar,Stone Bridge,Long Road: Mirabar to Waterdeep,road,road,Ox freight wagon,False,False,80.724329,6000,14.7,5.5,28.04,0.116
LEG-001096,Triboar,Stone Bridge,Long Road: Mirabar to Waterdeep,road,road,Horse freight wagon,False,False,80.724329,4000,20.4,3.96,22.79,0.141
LEG-001096,Triboar,Stone Bridge,Long Road: Mirabar to Waterdeep,road,road,Mule cart,False,False,80.724329,2000,18.4,4.4,10.03,0.124
LEG-001097,Triboar,Yartar,The Evermoor Way,road,road,Ox freight wagon,False,False,66.172582,6000,16.4,4.03,20.56,0.104
LEG-001097,Triboar,Yartar,The Evermoor Way,road,road,Horse freight wagon,False,False,66.172582,4000,22.8,2.9,16.72,0.126
LEG-001097,Triboar,Yartar,The Evermoor Way,road,road,Mule cart,False,False,66.172582,2000,20.5,3.22,7.36,0.111
LEG-001098,Triel,Berdusk,caravan track,track,track,Camel caravan,True,False,150.332964,3000,17.6,8.54,41.54,0.184
LEG-001098,Triel,Berdusk,caravan track,track,track,Mule caravan,True,False,150.332964,2400,15.3,9.83,36.93,0.205
LEG-001098,Triel,Berdusk,caravan track,track,track,Ox caravan,True,False,150.332964,5000,10.7,14.04,63.09,0.168
LEG-001099,Triel,Boareskyr Bridge,The Dusk Road,road,road,Ox freight wagon,False,False,123.172164,6000,14.7,8.39,42.78,0.116
LEG-001099,Triel,Boareskyr Bridge,The Dusk Road,road,road,Horse freight wagon,False,False,123.172164,4000,20.4,6.04,34.78,0.141
LEG-001099,Triel,Boareskyr Bridge,The Dusk Road,road,road,Mule cart,False,False,123.172164,2000,18.4,6.71,15.3,0.124
LEG-001100,Triel,Elturel,Boareskyr Bridge through Soubar and Triel to Scornubel,road,road,Ox freight wagon,False,False,63.196424,6000,14.7,4.3,21.95,0.116
LEG-001100,Triel,Elturel,Boareskyr Bridge through Soubar and Triel to Scornubel,road,road,Horse freight wagon,False,False,63.196424,4000,20.4,3.1,17.84,0.141
LEG-001100,Triel,Elturel,Boareskyr Bridge through Soubar and Triel to Scornubel,road,road,Mule cart,False,False,63.196424,2000,18.4,3.44,7.85,0.124
LEG-001101,Triel,Hill's Edge,caravan track,track,track,Camel caravan,True,False,128.932385,3000,17.6,7.33,35.63,0.184
LEG-001101,Triel,Hill's Edge,caravan track,track,track,Mule caravan,True,False,128.932385,2400,15.3,8.43,31.67,0.205
LEG-001101,Triel,Hill's Edge,caravan track,track,track,Ox caravan,True,False,128.932385,5000,10.7,12.04,54.11,0.168
LEG-001102,Triel,Llorkh,The Dusk Road,road,road,Ox freight wagon,False,False,386.776887,6000,14.7,26.33,134.33,0.116
LEG-001102,Triel,Llorkh,The Dusk Road,road,road,Horse freight wagon,False,False,386.776887,4000,20.4,18.96,109.21,0.141
LEG-001102,Triel,Llorkh,The Dusk Road,road,road,Mule cart,False,False,386.776887,2000,18.4,21.07,48.05,0.124
LEG-001103,Triel,Scornubel,Boareskyr Bridge through Soubar and Triel to Scornubel,road,road,Ox freight wagon,False,False,48.717783,6000,14.7,3.32,16.92,0.116
LEG-001103,Triel,Scornubel,Boareskyr Bridge through Soubar and Triel to Scornubel,road,road,Horse freight wagon,False,False,48.717783,4000,20.4,2.39,13.76,0.141
LEG-001103,Triel,Scornubel,Boareskyr Bridge through Soubar and Triel to Scornubel,road,road,Mule cart,False,False,48.717783,2000,18.4,2.65,6.05,0.124
LEG-001104,Triel,Soubar,caravan track,track,track,Camel caravan,True,False,84.900236,3000,17.6,4.83,23.46,0.184
LEG-001104,Triel,Soubar,caravan track,track,track,Mule caravan,True,False,84.900236,2400,15.3,5.55,20.86,0.205
LEG-001104,Triel,Soubar,caravan track,track,track,Ox caravan,True,False,84.900236,5000,10.7,7.93,35.63,0.168
LEG-001105,Tsurlagol,Lyrabar,Sea of Fallen Stars coasting run,sea,sea,Coasting cog,False,False,104.022353,100000,60.2,1.73,212.86,0.041
LEG-001105,Tsurlagol,Lyrabar,Sea of Fallen Stars coasting run,sea,sea,Merchant caravel,False,False,104.022353,180000,71.8,1.45,354.77,0.038
LEG-001105,Tsurlagol,Lyrabar,Sea of Fallen Stars coasting run,sea,sea,Deep-water galleon,False,False,104.022353,400000,65.0,1.6,678.01,0.033
LEG-001106,Tsurlagol,Procampur,The Inner Sea Run,sea,sea,Coasting cog,False,False,45.701751,100000,76.0,0.6,74.04,0.032
LEG-001106,Tsurlagol,Procampur,The Inner Sea Run,sea,sea,Merchant caravel,False,False,45.701751,180000,90.7,0.5,123.39,0.03
LEG-001106,Tsurlagol,Procampur,The Inner Sea Run,sea,sea,Deep-water galleon,False,False,45.701751,400000,82.1,0.56,235.82,0.026
LEG-001107,Tsurlagol,Ravens Bluff,The Inner Sea Run,sea,sea,Coasting cog,False,False,89.102637,100000,76.0,1.17,144.35,0.032
LEG-001107,Tsurlagol,Ravens Bluff,The Inner Sea Run,sea,sea,Merchant caravel,False,False,89.102637,180000,90.7,0.98,240.58,0.03
LEG-001107,Tsurlagol,Ravens Bluff,The Inner Sea Run,sea,sea,Deep-water galleon,False,False,89.102637,400000,82.1,1.09,459.77,0.026
LEG-001108,Tsurlagol,Tantras,caravan track,track,track,Camel caravan,True,False,130.789678,3000,17.6,7.43,36.14,0.184
LEG-001108,Tsurlagol,Tantras,caravan track,track,track,Mule caravan,True,False,130.789678,2400,15.3,8.55,32.13,0.205
LEG-001108,Tsurlagol,Tantras,caravan track,track,track,Ox caravan,True,False,130.789678,5000,10.7,12.21,54.89,0.168
LEG-001109,Tulmon,Almraiven,Almraiven to western Lake of Steam trail,trail,trail,Pack pony string,False,False,181.449817,1200,14.0,12.99,23.05,0.212
LEG-001109,Tulmon,Almraiven,Almraiven to western Lake of Steam trail,trail,trail,Mule train,False,False,181.449817,2400,13.3,13.64,43.67,0.201
LEG-001109,Tulmon,Almraiven,Almraiven to western Lake of Steam trail,trail,trail,Porter company,False,False,181.449817,1000,10.4,17.49,24.26,0.267
LEG-001110,Tulmon,Suldolphor,Mintar junction via Yeshpek to Tulmon and Suldolphor,trail,trail,Pack pony string,False,False,64.765082,1200,14.0,4.64,8.23,0.212
LEG-001110,Tulmon,Suldolphor,Mintar junction via Yeshpek to Tulmon and Suldolphor,trail,trail,Mule train,False,False,64.765082,2400,13.3,4.87,15.59,0.201
LEG-001110,Tulmon,Suldolphor,Mintar junction via Yeshpek to Tulmon and Suldolphor,trail,trail,Porter company,False,False,64.765082,1000,10.4,6.24,8.66,0.267
LEG-001111,Tulmon,Yeshpek,Mintar junction via Yeshpek to Tulmon and Suldolphor,trail,trail,Pack pony string,False,False,48.03353,1200,14.0,3.44,6.1,0.212
LEG-001111,Tulmon,Yeshpek,Mintar junction via Yeshpek to Tulmon and Suldolphor,trail,trail,Mule train,False,False,48.03353,2400,13.3,3.61,11.56,0.201
LEG-001111,Tulmon,Yeshpek,Mintar junction via Yeshpek to Tulmon and Suldolphor,trail,trail,Porter company,False,False,48.03353,1000,10.4,4.63,6.42,0.267
LEG-001112,Two Stars,Mulsantir,Mulptan to Mulsantir,road,road,Ox freight wagon,False,False,60.351388,6000,14.7,4.11,20.96,0.116
LEG-001112,Two Stars,Mulsantir,Mulptan to Mulsantir,road,road,Horse freight wagon,False,False,60.351388,4000,20.4,2.96,17.04,0.141
LEG-001112,Two Stars,Mulsantir,Mulptan to Mulsantir,road,road,Mule cart,False,False,60.351388,2000,18.4,3.29,7.5,0.124
LEG-001113,Two Stars,Nethentir,Two Stars to Nethentir trail,trail,trail,Pack pony string,False,False,249.111956,1200,14.0,17.84,31.64,0.212
LEG-001113,Two Stars,Nethentir,Two Stars to Nethentir trail,trail,trail,Mule train,False,False,249.111956,2400,13.3,18.73,59.96,0.201
LEG-001113,Two Stars,Nethentir,Two Stars to Nethentir trail,trail,trail,Porter company,False,False,249.111956,1000,10.4,24.01,33.31,0.267
LEG-001114,Two Stars,Tammar,Two Stars to Tammar,road,road,Ox freight wagon,False,False,111.641587,6000,14.7,7.6,38.77,0.116
LEG-001114,Two Stars,Tammar,Two Stars to Tammar,road,road,Horse freight wagon,False,False,111.641587,4000,20.4,5.47,31.52,0.141
LEG-001114,Two Stars,Tammar,Two Stars to Tammar,road,road,Mule cart,False,False,111.641587,2000,18.4,6.08,13.87,0.124
LEG-001115,Tyraturos,Amruthar,Nethjet through Amruthar to Pyarados,road,road,Ox freight wagon,False,False,93.269248,6000,14.7,6.35,32.39,0.116
LEG-001115,Tyraturos,Amruthar,Nethjet through Amruthar to Pyarados,road,road,Horse freight wagon,False,False,93.269248,4000,20.4,4.57,26.33,0.141
LEG-001115,Tyraturos,Amruthar,Nethjet through Amruthar to Pyarados,road,road,Mule cart,False,False,93.269248,2000,18.4,5.08,11.59,0.124
LEG-001116,Tyraturos,Bezantur,Eltabbar through Tyraturos to Bezantur,road,road,Ox freight wagon,False,False,127.753373,6000,14.7,8.7,44.37,0.116
LEG-001116,Tyraturos,Bezantur,Eltabbar through Tyraturos to Bezantur,road,road,Horse freight wagon,False,False,127.753373,4000,20.4,6.26,36.07,0.141
LEG-001116,Tyraturos,Bezantur,Eltabbar through Tyraturos to Bezantur,road,road,Mule cart,False,False,127.753373,2000,18.4,6.96,15.87,0.124
LEG-001117,Tyraturos,Eltabbar,Eltabbar through Tyraturos to Bezantur,road,road,Ox freight wagon,False,False,117.243907,6000,14.7,7.98,40.72,0.116
LEG-001117,Tyraturos,Eltabbar,Eltabbar through Tyraturos to Bezantur,road,road,Horse freight wagon,False,False,117.243907,4000,20.4,5.75,33.1,0.141
LEG-001117,Tyraturos,Eltabbar,Eltabbar through Tyraturos to Bezantur,road,road,Mule cart,False,False,117.243907,2000,18.4,6.39,14.57,0.124
LEG-001118,Tyraturos,Pyarados,Nethjet through Amruthar to Pyarados,road,road,Ox freight wagon,False,False,103.249388,6000,14.7,7.03,35.86,0.116
LEG-001118,Tyraturos,Pyarados,Nethjet through Amruthar to Pyarados,road,road,Horse freight wagon,False,False,103.249388,4000,20.4,5.06,29.15,0.141
LEG-001118,Tyraturos,Pyarados,Nethjet through Amruthar to Pyarados,road,road,Mule cart,False,False,103.249388,2000,18.4,5.62,12.83,0.124
LEG-001119,Unthalass,Gheldaneth,Unthalass to Gheldaneth trail,trail,trail,Pack pony string,False,False,221.643087,1200,14.0,15.87,28.16,0.212
LEG-001119,Unthalass,Gheldaneth,Unthalass to Gheldaneth trail,trail,trail,Mule train,False,False,221.643087,2400,13.3,16.66,53.35,0.201
LEG-001119,Unthalass,Gheldaneth,Unthalass to Gheldaneth trail,trail,trail,Porter company,False,False,221.643087,1000,10.4,21.37,29.64,0.267
LEG-001120,Unthalass,Hardcastle,Hardcastle branch to Unthalass via Road of Dust,trail,trail,Pack pony string,False,False,495.346142,1200,14.0,35.47,62.92,0.212
LEG-001120,Unthalass,Hardcastle,Hardcastle branch to Unthalass via Road of Dust,trail,trail,Mule train,False,False,495.346142,2400,13.3,37.24,119.22,0.201
LEG-001120,Unthalass,Hardcastle,Hardcastle branch to Unthalass via Road of Dust,trail,trail,Porter company,False,False,495.346142,1000,10.4,47.75,66.23,0.267
LEG-001121,Urbreth,Almraiven,Sea of Swords coasting run,sea,sea,Coasting cog,False,False,188.159294,100000,60.2,3.13,385.03,0.041
LEG-001121,Urbreth,Almraiven,Sea of Swords coasting run,sea,sea,Merchant caravel,False,False,188.159294,180000,71.8,2.62,641.72,0.038
LEG-001121,Urbreth,Almraiven,Sea of Swords coasting run,sea,sea,Deep-water galleon,False,False,188.159294,400000,65.0,2.9,1226.4,0.033
LEG-001122,Urbreth,Calimport,Sea of Swords coasting run,sea,sea,Coasting cog,False,False,445.364401,100000,60.2,7.4,911.36,0.041
LEG-001122,Urbreth,Calimport,Sea of Swords coasting run,sea,sea,Merchant caravel,False,False,445.364401,180000,71.8,6.2,1518.93,0.038
LEG-001122,Urbreth,Calimport,Sea of Swords coasting run,sea,sea,Deep-water galleon,False,False,445.364401,400000,65.0,6.85,2902.84,0.033
LEG-001123,Urbreth,Delselar,Sea of Swords coasting run,sea,sea,Coasting cog,False,False,536.142761,100000,60.2,8.91,1097.12,0.041
LEG-001123,Urbreth,Delselar,Sea of Swords coasting run,sea,sea,Merchant caravel,False,False,536.142761,180000,71.8,7.47,1828.53,0.038
LEG-001123,Urbreth,Delselar,Sea of Swords coasting run,sea,sea,Deep-water galleon,False,False,536.142761,400000,65.0,8.25,3494.52,0.033
LEG-001124,Urbreth,Halagard,Sea of Swords coasting run,sea,sea,Coasting cog,False,False,649.492856,100000,60.2,10.79,1329.07,0.041
LEG-001124,Urbreth,Halagard,Sea of Swords coasting run,sea,sea,Merchant caravel,False,False,649.492856,180000,71.8,9.04,2215.11,0.038
LEG-001124,Urbreth,Halagard,Sea of Swords coasting run,sea,sea,Deep-water galleon,False,False,649.492856,400000,65.0,10.0,4233.33,0.033
LEG-001125,Urbreth,Lantan,Calimshan-Lantan Coastal Run,sea,sea,Sword Coast Coasters,False,False,961.27986,100000,66.5,14.45,1779.74,0.037
LEG-001125,Urbreth,Lantan,Calimshan-Lantan Coastal Run,sea,sea,Merchant caravel,False,False,961.27986,180000,79.4,12.11,2966.23,0.034
LEG-001125,Urbreth,Lantan,Calimshan-Lantan Coastal Run,sea,sea,Deep-water galleon,False,False,961.27986,400000,71.8,13.38,5668.8,0.029
LEG-001126,Urbreth,Suldolphor,Calimshan-Lantan Coastal Run,sea,sea,Sword Coast Coasters,False,False,239.117649,100000,66.5,3.59,442.71,0.037
LEG-001126,Urbreth,Suldolphor,Calimshan-Lantan Coastal Run,sea,sea,Merchant caravel,False,False,239.117649,180000,79.4,3.01,737.85,0.034
LEG-001126,Urbreth,Suldolphor,Calimshan-Lantan Coastal Run,sea,sea,Deep-water galleon,False,False,239.117649,400000,71.8,3.33,1410.11,0.029
LEG-001127,Urbreth,Tashluta,Sea of Swords coasting run,sea,sea,Coasting cog,False,False,315.589132,100000,60.2,5.24,645.8,0.041
LEG-001127,Urbreth,Tashluta,Sea of Swords coasting run,sea,sea,Merchant caravel,False,False,315.589132,180000,71.8,4.39,1076.33,0.038
LEG-001127,Urbreth,Tashluta,Sea of Swords coasting run,sea,sea,Deep-water galleon,False,False,315.589132,400000,65.0,4.86,2056.98,0.033
LEG-001128,Urmlaspyr,Archenbridge,caravan track,track,track,Camel caravan,True,False,131.360915,3000,14.5,9.07,44.08,0.224
LEG-001128,Urmlaspyr,Archenbridge,caravan track,track,track,Mule caravan,True,False,131.360915,2400,12.6,10.43,39.18,0.249
LEG-001128,Urmlaspyr,Archenbridge,caravan track,track,track,Ox caravan,True,False,131.360915,5000,8.8,14.89,66.94,0.204
LEG-001129,Urmlaspyr,Arrabar,Sea of Fallen Stars coasting run,sea,sea,Coasting cog,False,False,555.608648,100000,60.2,9.23,1136.95,0.041
LEG-001129,Urmlaspyr,Arrabar,Sea of Fallen Stars coasting run,sea,sea,Merchant caravel,False,False,555.608648,180000,71.8,7.74,1894.92,0.038
LEG-001129,Urmlaspyr,Arrabar,Sea of Fallen Stars coasting run,sea,sea,Deep-water galleon,False,False,555.608648,400000,65.0,8.55,3621.4,0.033
LEG-001130,Urmlaspyr,Daerlun,Proskur via Elversult and Teziir to Westgate,road,road,Ox freight wagon,False,False,33.870489,6000,14.7,2.31,11.76,0.116
LEG-001130,Urmlaspyr,Daerlun,Proskur via Elversult and Teziir to Westgate,road,road,Horse freight wagon,False,False,33.870489,4000,20.4,1.66,9.56,0.141
LEG-001130,Urmlaspyr,Daerlun,Proskur via Elversult and Teziir to Westgate,road,road,Mule cart,False,False,33.870489,2000,18.4,1.84,4.21,0.124
LEG-001131,Urmlaspyr,Marsember,The Inner Sea Run,sea,sea,Coasting cog,False,False,197.56318,100000,76.0,2.6,320.05,0.032
LEG-001131,Urmlaspyr,Marsember,The Inner Sea Run,sea,sea,Merchant caravel,False,False,197.56318,180000,90.7,2.18,533.42,0.03
LEG-001131,Urmlaspyr,Marsember,The Inner Sea Run,sea,sea,Deep-water galleon,False,False,197.56318,400000,82.1,2.41,1019.43,0.026
LEG-001132,Urmlaspyr,Saerloon,The Inner Sea Run,sea,sea,Coasting cog,False,False,129.812942,100000,76.0,1.71,210.3,0.032
LEG-001132,Urmlaspyr,Saerloon,The Inner Sea Run,sea,sea,Merchant caravel,False,False,129.812942,180000,90.7,1.43,350.49,0.03
LEG-001132,Urmlaspyr,Saerloon,The Inner Sea Run,sea,sea,Deep-water galleon,False,False,129.812942,400000,82.1,1.58,669.83,0.026
LEG-001133,Urmlaspyr,Westgate,The Dragonmere Ferry,ferry,ferry,Cargo ferry,False,False,52.022015,30000,27.0,1.93,62.27,0.08
LEG-001133,Urmlaspyr,Westgate,The Dragonmere Ferry,ferry,ferry,Fast packet,False,False,52.022015,8000,37.5,1.39,22.72,0.109
LEG-001134,Urmlaspyr,Wheloon,Daerlun to Selgaunt via Saerloon junction,road,road,Ox freight wagon,False,False,90.301748,6000,14.7,6.15,31.36,0.116
LEG-001134,Urmlaspyr,Wheloon,Daerlun to Selgaunt via Saerloon junction,road,road,Horse freight wagon,False,False,90.301748,4000,20.4,4.43,25.5,0.141
LEG-001134,Urmlaspyr,Wheloon,Daerlun to Selgaunt via Saerloon junction,road,road,Mule cart,False,False,90.301748,2000,18.4,4.92,11.22,0.124
LEG-001135,Uthmere,Dilpur,Ilmwatch south to Sarshel junction,road,road,Ox freight wagon,False,False,237.168227,6000,14.7,16.15,82.37,0.116
LEG-001135,Uthmere,Dilpur,Ilmwatch south to Sarshel junction,road,road,Horse freight wagon,False,False,237.168227,4000,20.4,11.63,66.97,0.141
LEG-001135,Uthmere,Dilpur,Ilmwatch south to Sarshel junction,road,road,Mule cart,False,False,237.168227,2000,18.4,12.92,29.46,0.124
LEG-001136,Uthmere,Ilmwatch,Trail's End to Ilmwatch road,road,road,Ox freight wagon,False,False,32.442256,6000,14.7,2.21,11.27,0.116
LEG-001136,Uthmere,Ilmwatch,Trail's End to Ilmwatch road,road,road,Horse freight wagon,False,False,32.442256,4000,20.4,1.59,9.16,0.141
LEG-001136,Uthmere,Ilmwatch,Trail's End to Ilmwatch road,road,road,Mule cart,False,False,32.442256,2000,18.4,1.77,4.03,0.124
LEG-001137,Uthmere,Mauberg's Oak,Uthmere through the Great Dale to Kront,road,road,Ox freight wagon,False,False,135.241083,6000,14.7,9.21,46.97,0.116
LEG-001137,Uthmere,Mauberg's Oak,Uthmere through the Great Dale to Kront,road,road,Horse freight wagon,False,False,135.241083,4000,20.4,6.63,38.19,0.141
LEG-001137,Uthmere,Mauberg's Oak,Uthmere through the Great Dale to Kront,road,road,Mule cart,False,False,135.241083,2000,18.4,7.37,16.8,0.124
LEG-001138,Uthmere,Trail's End,Trail's End to Ilmwatch road,road,road,Ox freight wagon,False,False,261.512762,6000,14.7,17.8,90.82,0.116
LEG-001138,Uthmere,Trail's End,Trail's End to Ilmwatch road,road,road,Horse freight wagon,False,False,261.512762,4000,20.4,12.82,73.84,0.141
LEG-001138,Uthmere,Trail's End,Trail's End to Ilmwatch road,road,road,Mule cart,False,False,261.512762,2000,18.4,14.24,32.49,0.124
LEG-001139,Vaelan,Assur,Ormpе through Vaelan and Assur toward Shoun,trail,trail,Pack pony string,False,False,36.925168,1200,14.0,2.64,4.69,0.212
LEG-001139,Vaelan,Assur,Ormpе through Vaelan and Assur toward Shoun,trail,trail,Mule train,False,False,36.925168,2400,13.3,2.78,8.89,0.201
LEG-001139,Vaelan,Assur,Ormpе through Vaelan and Assur toward Shoun,trail,trail,Porter company,False,False,36.925168,1000,10.4,3.56,4.94,0.267
LEG-001140,Vaelan,Ormpe,Ormpе through Vaelan and Assur toward Shoun,trail,trail,Pack pony string,False,False,72.920183,1200,14.0,5.22,9.26,0.212
LEG-001140,Vaelan,Ormpe,Ormpе through Vaelan and Assur toward Shoun,trail,trail,Mule train,False,False,72.920183,2400,13.3,5.48,17.55,0.201
LEG-001140,Vaelan,Ormpe,Ormpе through Vaelan and Assur toward Shoun,trail,trail,Porter company,False,False,72.920183,1000,10.4,7.03,9.75,0.267
LEG-001141,Valls,Bloodstone Village,Darmshall through Bloodstone Pass to Valls,trail,trail,Pack pony string,False,False,102.380622,1200,14.0,7.33,13.01,0.212
LEG-001141,Valls,Bloodstone Village,Darmshall through Bloodstone Pass to Valls,trail,trail,Mule train,False,False,102.380622,2400,13.3,7.7,24.64,0.201
LEG-001141,Valls,Bloodstone Village,Darmshall through Bloodstone Pass to Valls,trail,trail,Porter company,False,False,102.380622,1000,10.4,9.87,13.69,0.267
LEG-001142,Valls,Trail's End,Valls to Praka trail,trail,trail,Pack pony string,False,False,206.314388,1200,14.0,14.77,26.21,0.212
LEG-001142,Valls,Trail's End,Valls to Praka trail,trail,trail,Mule train,False,False,206.314388,2400,13.3,15.51,49.66,0.201
LEG-001142,Valls,Trail's End,Valls to Praka trail,trail,trail,Porter company,False,False,206.314388,1000,10.4,19.89,27.59,0.267
LEG-001143,Velen,Athkatla,Sea of Swords coasting run,sea,sea,Coasting cog,False,False,256.062649,100000,60.2,4.25,523.99,0.041
LEG-001143,Velen,Athkatla,Sea of Swords coasting run,sea,sea,Merchant caravel,False,False,256.062649,180000,71.8,3.57,873.31,0.038
LEG-001143,Velen,Athkatla,Sea of Swords coasting run,sea,sea,Deep-water galleon,False,False,256.062649,400000,65.0,3.94,1668.99,0.033
LEG-001144,Velen,Caer Corwell,Sea of Swords coasting run,sea,sea,Coasting cog,False,False,344.124294,100000,60.2,5.72,704.19,0.041
LEG-001144,Velen,Caer Corwell,Sea of Swords coasting run,sea,sea,Merchant caravel,False,False,344.124294,180000,71.8,4.79,1173.64,0.038
LEG-001144,Velen,Caer Corwell,Sea of Swords coasting run,sea,sea,Deep-water galleon,False,False,344.124294,400000,65.0,5.3,2242.97,0.033
LEG-001145,Velen,Irphong,local market ferry,ferry,ferry,Cargo ferry,True,False,100.410806,30000,17.6,5.72,184.91,0.123
LEG-001145,Velen,Irphong,local market ferry,ferry,ferry,Fast packet,True,False,100.410806,8000,24.4,4.12,67.48,0.168
LEG-001146,Velen,Lantan,Sea of Swords coasting run,sea,sea,Coasting cog,False,False,222.035763,100000,60.2,3.69,454.36,0.041
LEG-001146,Velen,Lantan,Sea of Swords coasting run,sea,sea,Merchant caravel,False,False,222.035763,180000,71.8,3.09,757.26,0.038
LEG-001146,Velen,Lantan,Sea of Swords coasting run,sea,sea,Deep-water galleon,False,False,222.035763,400000,65.0,3.42,1447.21,0.033
LEG-001147,Velen,Murann,Sea of Swords coasting run,sea,sea,Coasting cog,False,False,215.430383,100000,60.2,3.58,440.84,0.041
LEG-001147,Velen,Murann,Sea of Swords coasting run,sea,sea,Merchant caravel,False,False,215.430383,180000,71.8,3.0,734.73,0.038
LEG-001147,Velen,Murann,Sea of Swords coasting run,sea,sea,Deep-water galleon,False,False,215.430383,400000,65.0,3.32,1404.15,0.033
LEG-001148,Velen,Nimbral,The Nimbral Run,sea+air,sea,Coasting cog,False,True,471.51808,100000,57.0,8.27,1018.48,0.043
LEG-001148,Velen,Nimbral,The Nimbral Run,sea+air,sea,Merchant caravel,False,True,471.51808,180000,68.0,6.93,1697.47,0.04
LEG-001148,Velen,Nimbral,The Nimbral Run,sea+air,sea,Deep-water galleon,False,True,471.51808,400000,61.6,7.66,3244.04,0.034
LEG-001148,Velen,Nimbral,The Nimbral Run,sea+air,air,Gryphon flight,False,True,471.51808,600,99.0,4.76,57.34,0.405
LEG-001148,Velen,Nimbral,The Nimbral Run,sea+air,air,Hippogriff flight,False,True,471.51808,450,87.1,5.41,37.12,0.35
LEG-001148,Velen,Nimbral,The Nimbral Run,sea+air,air,Giant eagle flight,False,True,471.51808,300,116.8,4.04,32.59,0.461
LEG-001148,Velen,Nimbral,The Nimbral Run,sea+air,air,Pegasus courier,False,True,471.51808,200,130.7,3.61,27.16,0.576
LEG-001148,Velen,Nimbral,The Nimbral Run,sea+air,air,Halruaan skyship,False,True,471.51808,20000,81.2,5.81,1488.74,0.316
LEG-001149,Velen,Zazesspur,Sea of Swords coasting run,sea,sea,Coasting cog,False,False,340.047644,100000,60.2,5.65,695.84,0.041
LEG-001149,Velen,Zazesspur,Sea of Swords coasting run,sea,sea,Merchant caravel,False,False,340.047644,180000,71.8,4.73,1159.74,0.038
LEG-001149,Velen,Zazesspur,Sea of Swords coasting run,sea,sea,Deep-water galleon,False,False,340.047644,400000,65.0,5.23,2216.39,0.033
LEG-001150,Velprintalar,Airspur,Sea of Fallen Stars coasting run,sea,sea,Coasting cog,False,False,300.31292,100000,60.2,4.99,614.54,0.041
LEG-001150,Velprintalar,Airspur,Sea of Fallen Stars coasting run,sea,sea,Merchant caravel,False,False,300.31292,180000,71.8,4.18,1024.23,0.038
LEG-001150,Velprintalar,Airspur,Sea of Fallen Stars coasting run,sea,sea,Deep-water galleon,False,False,300.31292,400000,65.0,4.62,1957.41,0.033
LEG-001151,Velprintalar,Bezantur,The Inner Sea Run,sea,sea,Coasting cog,False,False,450.346467,100000,76.0,5.92,729.56,0.032
LEG-001151,Velprintalar,Bezantur,The Inner Sea Run,sea,sea,Merchant caravel,False,False,450.346467,180000,90.7,4.96,1215.94,0.03
LEG-001151,Velprintalar,Bezantur,The Inner Sea Run,sea,sea,Deep-water galleon,False,False,450.346467,400000,82.1,5.49,2323.79,0.026
LEG-001152,Velprintalar,Cimbar,Sea of Fallen Stars coasting run,sea,sea,Coasting cog,False,False,278.625519,100000,60.2,4.63,570.16,0.041
LEG-001152,Velprintalar,Cimbar,Sea of Fallen Stars coasting run,sea,sea,Merchant caravel,False,False,278.625519,180000,71.8,3.88,950.26,0.038
LEG-001152,Velprintalar,Cimbar,Sea of Fallen Stars coasting run,sea,sea,Deep-water galleon,False,False,278.625519,400000,65.0,4.29,1816.05,0.033
LEG-001153,Velprintalar,Furthinghome,local market trail,trail,trail,Pack pony string,True,False,68.938596,1200,13.0,5.32,9.43,0.228
LEG-001153,Velprintalar,Furthinghome,local market trail,trail,trail,Mule train,True,False,68.938596,2400,12.3,5.58,17.87,0.216
LEG-001153,Velprintalar,Furthinghome,local market trail,trail,trail,Porter company,True,False,68.938596,1000,9.6,7.16,9.93,0.288
LEG-001154,Velprintalar,Lyrabar,Sea of Fallen Stars coasting run,sea,sea,Coasting cog,False,False,294.768859,100000,60.2,4.9,603.19,0.041
LEG-001154,Velprintalar,Lyrabar,Sea of Fallen Stars coasting run,sea,sea,Merchant caravel,False,False,294.768859,180000,71.8,4.1,1005.32,0.038
LEG-001154,Velprintalar,Lyrabar,Sea of Fallen Stars coasting run,sea,sea,Deep-water galleon,False,False,294.768859,400000,65.0,4.54,1921.27,0.033
LEG-001155,Velprintalar,Messemprar,Sea of Fallen Stars coasting run,sea,sea,Coasting cog,False,False,470.079015,100000,60.2,7.81,961.93,0.041
LEG-001155,Velprintalar,Messemprar,Sea of Fallen Stars coasting run,sea,sea,Merchant caravel,False,False,470.079015,180000,71.8,6.55,1603.22,0.038
LEG-001155,Velprintalar,Messemprar,Sea of Fallen Stars coasting run,sea,sea,Deep-water galleon,False,False,470.079015,400000,65.0,7.23,3063.93,0.033
LEG-001156,Velprintalar,Relkath's Foot,local market trail,trail,trail,Pack pony string,True,False,65.212652,1200,13.0,5.03,8.92,0.228
LEG-001156,Velprintalar,Relkath's Foot,local market trail,trail,trail,Mule train,True,False,65.212652,2400,12.3,5.28,16.9,0.216
LEG-001156,Velprintalar,Relkath's Foot,local market trail,trail,trail,Porter company,True,False,65.212652,1000,9.6,6.77,9.39,0.288
LEG-001157,Velprintalar,Telflamm,Sea of Fallen Stars coasting run,sea,sea,Coasting cog,False,False,207.971585,100000,60.2,3.46,425.58,0.041
LEG-001157,Velprintalar,Telflamm,Sea of Fallen Stars coasting run,sea,sea,Merchant caravel,False,False,207.971585,180000,71.8,2.9,709.29,0.038
LEG-001157,Velprintalar,Telflamm,Sea of Fallen Stars coasting run,sea,sea,Deep-water galleon,False,False,207.971585,400000,65.0,3.2,1355.54,0.033
LEG-001158,Voonlar,Citadel of the Raven,Voonlar to Teshwave,road,road,Ox freight wagon,False,False,111.702968,6000,14.7,7.61,38.79,0.116
LEG-001158,Voonlar,Citadel of the Raven,Voonlar to Teshwave,road,road,Horse freight wagon,False,False,111.702968,4000,20.4,5.48,31.54,0.141
LEG-001158,Voonlar,Citadel of the Raven,Voonlar to Teshwave,road,road,Mule cart,False,False,111.702968,2000,18.4,6.08,13.88,0.124
LEG-001159,Voonlar,Mines of Tethyamar,Dagger Falls to Teshwave trail,trail,trail,Pack pony string,False,False,168.222834,1200,14.0,12.05,21.37,0.212
LEG-001159,Voonlar,Mines of Tethyamar,Dagger Falls to Teshwave trail,trail,trail,Mule train,False,False,168.222834,2400,13.3,12.65,40.49,0.201
LEG-001159,Voonlar,Mines of Tethyamar,Dagger Falls to Teshwave trail,trail,trail,Porter company,False,False,168.222834,1000,10.4,16.22,22.49,0.267
LEG-001160,Voonlar,Teshwave,Tilverton through Shadowdale toward Voonlar,road,road,Ox freight wagon,False,False,58.766402,6000,14.7,4.0,20.41,0.116
LEG-001160,Voonlar,Teshwave,Tilverton through Shadowdale toward Voonlar,road,road,Horse freight wagon,False,False,58.766402,4000,20.4,2.88,16.59,0.141
LEG-001160,Voonlar,Teshwave,Tilverton through Shadowdale toward Voonlar,road,road,Mule cart,False,False,58.766402,2000,18.4,3.2,7.3,0.124
LEG-001161,Voonlar,Yulash,Teshwave to Zhentil Keep,road,road,Ox freight wagon,False,False,116.819582,6000,14.7,7.95,40.57,0.116
LEG-001161,Voonlar,Yulash,Teshwave to Zhentil Keep,road,road,Horse freight wagon,False,False,116.819582,4000,20.4,5.73,32.98,0.141
LEG-001161,Voonlar,Yulash,Teshwave to Zhentil Keep,road,road,Mule cart,False,False,116.819582,2000,18.4,6.36,14.51,0.124
LEG-001162,Warlock's Crypt,Orlumbor,local market trail,trail,trail,Pack pony string,True,False,95.135535,1200,13.0,7.34,13.01,0.228
LEG-001162,Warlock's Crypt,Orlumbor,local market trail,trail,trail,Mule train,True,False,95.135535,2400,12.3,7.7,24.66,0.216
LEG-001162,Warlock's Crypt,Orlumbor,local market trail,trail,trail,Porter company,True,False,95.135535,1000,9.6,9.88,13.7,0.288
LEG-001163,Waterdeep,Amphail,The Long Road,road,road,Ox freight wagon,False,False,89.657842,6000,19.0,4.72,24.06,0.089
LEG-001163,Waterdeep,Amphail,The Long Road,road,road,Horse freight wagon,False,False,89.657842,4000,26.4,3.4,19.56,0.109
LEG-001163,Waterdeep,Amphail,The Long Road,road,road,Mule cart,False,False,89.657842,2000,23.8,3.77,8.61,0.096
LEG-001164,Waterdeep,Baldur's Gate,The Sword Coast Run,sea,sea,Coasting cog,False,False,466.667955,100000,76.0,6.14,756.0,0.032
LEG-001164,Waterdeep,Baldur's Gate,The Sword Coast Run,sea,sea,Merchant caravel,False,False,466.667955,180000,90.7,5.14,1260.0,0.03
LEG-001164,Waterdeep,Baldur's Gate,The Sword Coast Run,sea,sea,Deep-water galleon,False,False,466.667955,400000,82.1,5.69,2408.01,0.026
LEG-001165,Waterdeep,Caer Calidyrr,The Moonshae Crossing,sea+ferry,sea,Coasting cog,False,True,496.194085,100000,60.2,8.24,1015.37,0.041
LEG-001165,Waterdeep,Caer Calidyrr,The Moonshae Crossing,sea+ferry,sea,Merchant caravel,False,True,496.194085,180000,71.8,6.91,1692.28,0.038
LEG-001165,Waterdeep,Caer Calidyrr,The Moonshae Crossing,sea+ferry,sea,Deep-water galleon,False,True,496.194085,400000,65.0,7.64,3234.14,0.033
LEG-001165,Waterdeep,Caer Calidyrr,The Moonshae Crossing,sea+ferry,ferry,Cargo ferry,False,True,496.194085,30000,25.6,19.34,625.2,0.084
LEG-001165,Waterdeep,Caer Calidyrr,The Moonshae Crossing,sea+ferry,ferry,Fast packet,False,True,496.194085,8000,35.6,13.93,228.14,0.115
LEG-001166,Waterdeep,Daggerford,The Trade Way,road,road,Ox freight wagon,False,False,128.404415,6000,22.5,5.72,29.16,0.076
LEG-001166,Waterdeep,Daggerford,The Trade Way,road,road,Horse freight wagon,False,False,128.404415,4000,31.2,4.12,23.71,0.092
LEG-001166,Waterdeep,Daggerford,The Trade Way,road,road,Mule cart,False,False,128.404415,2000,28.1,4.57,10.43,0.081
LEG-001167,Waterdeep,Goldenfields,caravan track,track,track,Camel caravan,True,False,90.226825,3000,14.5,6.23,30.28,0.224
LEG-001167,Waterdeep,Goldenfields,caravan track,track,track,Mule caravan,True,False,90.226825,2400,12.6,7.16,26.91,0.249
LEG-001167,Waterdeep,Goldenfields,caravan track,track,track,Ox caravan,True,False,90.226825,5000,8.8,10.23,45.98,0.204
LEG-001168,Waterdeep,Leilon,The High Road,road,road,Ox freight wagon,False,False,232.216476,6000,21.6,10.75,54.84,0.079
LEG-001168,Waterdeep,Leilon,The High Road,road,road,Horse freight wagon,False,False,232.216476,4000,30.0,7.74,44.59,0.096
LEG-001168,Waterdeep,Leilon,The High Road,road,road,Mule cart,False,False,232.216476,2000,27.0,8.6,19.62,0.084
LEG-001169,Waterdeep,Mintarn,Sea of Swords coasting run,sea,sea,Coasting cog,False,False,369.250186,100000,60.2,6.13,755.6,0.041
LEG-001169,Waterdeep,Mintarn,Sea of Swords coasting run,sea,sea,Merchant caravel,False,False,369.250186,180000,71.8,5.14,1259.34,0.038
LEG-001169,Waterdeep,Mintarn,Sea of Swords coasting run,sea,sea,Deep-water galleon,False,False,369.250186,400000,65.0,5.68,2406.73,0.033
LEG-001170,Waterdeep,Neverwinter,The Sword Coast Run,sea,sea,Coasting cog,False,False,246.606671,100000,76.0,3.24,399.5,0.032
LEG-001170,Waterdeep,Neverwinter,The Sword Coast Run,sea,sea,Merchant caravel,False,False,246.606671,180000,90.7,2.72,665.84,0.03
LEG-001170,Waterdeep,Neverwinter,The Sword Coast Run,sea,sea,Deep-water galleon,False,False,246.606671,400000,82.1,3.0,1272.49,0.026
LEG-001171,Waterdeep,Orlumbor,The Nelanther Passage,sea,sea,Coasting cog,False,False,268.341424,100000,63.4,4.24,521.66,0.039
LEG-001171,Waterdeep,Orlumbor,The Nelanther Passage,sea,sea,Merchant caravel,False,False,268.341424,180000,75.6,3.55,869.43,0.036
LEG-001171,Waterdeep,Orlumbor,The Nelanther Passage,sea,sea,Deep-water galleon,False,False,268.341424,400000,68.4,3.92,1661.57,0.031
LEG-001172,Waterdeep,Red Larch,The Dessarin,river+road,river,Keelboat,False,True,109.158829,30000,44.1,2.48,102.92,0.063
LEG-001172,Waterdeep,Red Larch,The Dessarin,river+road,river,River barge,False,True,109.158829,80000,30.2,3.61,225.05,0.052
LEG-001172,Waterdeep,Red Larch,The Dessarin,river+road,river,Shallow-draft wherry,False,True,109.158829,12000,49.6,2.2,47.34,0.072
LEG-001172,Waterdeep,Red Larch,The Dessarin,river+road,road,Ox freight wagon,False,True,109.158829,6000,18.1,6.02,30.69,0.094
LEG-001172,Waterdeep,Red Larch,The Dessarin,river+road,road,Horse freight wagon,False,True,109.158829,4000,25.2,4.33,24.95,0.114
LEG-001172,Waterdeep,Red Larch,The Dessarin,river+road,road,Mule cart,False,True,109.158829,2000,22.7,4.81,10.98,0.101
LEG-001173,Waterdeep,Ruathym,Sea of Swords coasting run,sea,sea,Coasting cog,False,False,640.981256,100000,60.2,10.65,1311.65,0.041
LEG-001173,Waterdeep,Ruathym,Sea of Swords coasting run,sea,sea,Merchant caravel,False,False,640.981256,180000,71.8,8.92,2186.08,0.038
LEG-001173,Waterdeep,Ruathym,Sea of Swords coasting run,sea,sea,Deep-water galleon,False,False,640.981256,400000,65.0,9.86,4177.85,0.033
LEG-001174,Waterdeep,Secomber,The Delimbiyr Route,road,road,Ox freight wagon,False,False,248.063218,6000,14.7,16.89,86.15,0.116
LEG-001174,Waterdeep,Secomber,The Delimbiyr Route,road,road,Horse freight wagon,False,False,248.063218,4000,20.4,12.16,70.04,0.141
LEG-001174,Waterdeep,Secomber,The Delimbiyr Route,road,road,Mule cart,False,False,248.063218,2000,18.4,13.51,30.82,0.124
LEG-001175,Well of Dragons,Darkhold,Sunset foothills via Farsea Marshes toward Tilverton,trail,trail,Pack pony string,False,False,148.688458,1200,14.0,10.65,18.89,0.212
LEG-001175,Well of Dragons,Darkhold,Sunset foothills via Farsea Marshes toward Tilverton,trail,trail,Mule train,False,False,148.688458,2400,13.3,11.18,35.79,0.201
LEG-001175,Well of Dragons,Darkhold,Sunset foothills via Farsea Marshes toward Tilverton,trail,trail,Porter company,False,False,148.688458,1000,10.4,14.33,19.88,0.267
LEG-001176,Well of Dragons,Tilverton,Sunset foothills via Farsea Marshes toward Tilverton,trail,trail,Pack pony string,False,False,347.024576,1200,14.0,24.85,44.08,0.212
LEG-001176,Well of Dragons,Tilverton,Sunset foothills via Farsea Marshes toward Tilverton,trail,trail,Mule train,False,False,347.024576,2400,13.3,26.09,83.52,0.201
LEG-001176,Well of Dragons,Tilverton,Sunset foothills via Farsea Marshes toward Tilverton,trail,trail,Porter company,False,False,347.024576,1000,10.4,33.45,46.4,0.267
LEG-001177,Westgate,Alaghôn,The Vilhon Passage,sea,sea,Coasting cog,False,False,454.087789,100000,66.5,6.83,840.71,0.037
LEG-001177,Westgate,Alaghôn,The Vilhon Passage,sea,sea,Merchant caravel,False,False,454.087789,180000,79.4,5.72,1401.19,0.034
LEG-001177,Westgate,Alaghôn,The Vilhon Passage,sea,sea,Deep-water galleon,False,False,454.087789,400000,71.8,6.32,2677.82,0.029
LEG-001178,Westgate,Arrabar,Sea of Fallen Stars coasting run,sea,sea,Coasting cog,False,False,540.750959,100000,60.2,8.98,1106.55,0.041
LEG-001178,Westgate,Arrabar,Sea of Fallen Stars coasting run,sea,sea,Merchant caravel,False,False,540.750959,180000,71.8,7.53,1844.25,0.038
LEG-001178,Westgate,Arrabar,Sea of Fallen Stars coasting run,sea,sea,Deep-water galleon,False,False,540.750959,400000,65.0,8.32,3524.56,0.033
LEG-001179,Westgate,Daerlun,Daerlun to Selgaunt via Saerloon junction,road,road,Ox freight wagon,False,False,64.518214,6000,14.7,4.39,22.41,0.116
LEG-001179,Westgate,Daerlun,Daerlun to Selgaunt via Saerloon junction,road,road,Horse freight wagon,False,False,64.518214,4000,20.4,3.16,18.22,0.141
LEG-001179,Westgate,Daerlun,Daerlun to Selgaunt via Saerloon junction,road,road,Mule cart,False,False,64.518214,2000,18.4,3.51,8.02,0.124
LEG-001180,Westgate,Marsember,Sea of Fallen Stars coasting run,sea,sea,Coasting cog,False,False,174.66883,100000,60.2,2.9,357.43,0.041
LEG-001180,Westgate,Marsember,Sea of Fallen Stars coasting run,sea,sea,Merchant caravel,False,False,174.66883,180000,71.8,2.43,595.71,0.038
LEG-001180,Westgate,Marsember,Sea of Fallen Stars coasting run,sea,sea,Deep-water galleon,False,False,174.66883,400000,65.0,2.69,1138.47,0.033
LEG-001181,Westgate,Suzail,The Dawnpost,road,road,Ox freight wagon,False,False,276.446896,6000,19.9,13.91,70.96,0.086
LEG-001181,Westgate,Suzail,The Dawnpost,road,road,Horse freight wagon,False,False,276.446896,4000,27.6,10.02,57.69,0.104
LEG-001181,Westgate,Suzail,The Dawnpost,road,road,Mule cart,False,False,276.446896,2000,24.8,11.13,25.39,0.092
LEG-001182,Westgate,Teziir,The Dragonmere,sea,sea,Coasting cog,False,False,112.929757,100000,72.9,1.55,190.9,0.034
LEG-001182,Westgate,Teziir,The Dragonmere,sea,sea,Merchant caravel,False,False,112.929757,180000,86.9,1.3,318.17,0.031
LEG-001182,Westgate,Teziir,The Dragonmere,sea,sea,Deep-water galleon,False,False,112.929757,400000,78.7,1.44,608.05,0.027
LEG-001183,Westgate,Urmlaspyr,The Dragonmere Ferry,ferry,ferry,Cargo ferry,False,False,52.022015,30000,27.0,1.93,62.27,0.08
LEG-001183,Westgate,Urmlaspyr,The Dragonmere Ferry,ferry,ferry,Fast packet,False,False,52.022015,8000,37.5,1.39,22.72,0.109
LEG-001184,Westgate,Wheloon,Daerlun to Cormyr road junction,road,road,Ox freight wagon,False,False,128.856858,6000,14.7,8.77,44.75,0.116
LEG-001184,Westgate,Wheloon,Daerlun to Cormyr road junction,road,road,Horse freight wagon,False,False,128.856858,4000,20.4,6.32,36.38,0.141
LEG-001184,Westgate,Wheloon,Daerlun to Cormyr road junction,road,road,Mule cart,False,False,128.856858,2000,18.4,7.02,16.01,0.124
LEG-001185,Wheloon,Arabel,caravan track,track,track,Camel caravan,True,False,201.945438,3000,17.6,11.48,55.81,0.184
LEG-001185,Wheloon,Arabel,caravan track,track,track,Mule caravan,True,False,201.945438,2400,15.3,13.2,49.61,0.205
LEG-001185,Wheloon,Arabel,caravan track,track,track,Ox caravan,True,False,201.945438,5000,10.7,18.86,84.75,0.168
LEG-001186,Wheloon,Archenbridge,The Way of the Manticore,road,road,Ox freight wagon,False,False,63.630496,6000,17.3,3.68,18.78,0.098
LEG-001186,Wheloon,Archenbridge,The Way of the Manticore,road,road,Horse freight wagon,False,False,63.630496,4000,24.0,2.65,15.27,0.12
LEG-001186,Wheloon,Archenbridge,The Way of the Manticore,road,road,Mule cart,False,False,63.630496,2000,21.6,2.95,6.72,0.106
LEG-001187,Wheloon,Daerlun,Archenbridge to Daerlun,road,road,Ox freight wagon,False,False,58.791156,6000,14.7,4.0,20.42,0.116
LEG-001187,Wheloon,Daerlun,Archenbridge to Daerlun,road,road,Horse freight wagon,False,False,58.791156,4000,20.4,2.88,16.6,0.141
LEG-001187,Wheloon,Daerlun,Archenbridge to Daerlun,road,road,Mule cart,False,False,58.791156,2000,18.4,3.2,7.3,0.124
LEG-001188,Wheloon,Highmoon,caravan track,track,track,Camel caravan,True,False,108.420339,3000,14.5,7.48,36.38,0.224
LEG-001188,Wheloon,Highmoon,caravan track,track,track,Mule caravan,True,False,108.420339,2400,12.6,8.6,32.34,0.249
LEG-001188,Wheloon,Highmoon,caravan track,track,track,Ox caravan,True,False,108.420339,5000,8.8,12.29,55.25,0.204
LEG-001189,Wheloon,Marsember,The Starwater,river+barge,river,Keelboat,False,True,208.920751,30000,46.2,4.52,188.03,0.06
LEG-001189,Wheloon,Marsember,The Starwater,river+barge,river,River barge,False,True,208.920751,80000,31.7,6.59,411.16,0.049
LEG-001189,Wheloon,Marsember,The Starwater,river+barge,river,Shallow-draft wherry,False,True,208.920751,12000,51.9,4.02,86.49,0.069
LEG-001189,Wheloon,Marsember,The Starwater,river+barge,barge,Canal barge,False,True,208.920751,100000,24.0,8.7,399.99,0.038
LEG-001189,Wheloon,Marsember,The Starwater,river+barge,barge,Horse-drawn barge,False,True,208.920751,70000,30.8,6.78,323.07,0.044
LEG-001190,Wheloon,Saerloon,Daerlun to Selgaunt via Saerloon junction,road,road,Ox freight wagon,False,False,152.280834,6000,14.7,10.37,52.89,0.116
LEG-001190,Wheloon,Saerloon,Daerlun to Selgaunt via Saerloon junction,road,road,Horse freight wagon,False,False,152.280834,4000,20.4,7.46,43.0,0.141
LEG-001190,Wheloon,Saerloon,Daerlun to Selgaunt via Saerloon junction,road,road,Mule cart,False,False,152.280834,2000,18.4,8.29,18.92,0.124
LEG-001191,Wheloon,Selgaunt,Archenbridge to Ordulin,road,road,Ox freight wagon,False,False,205.736411,6000,14.7,14.01,71.45,0.116
LEG-001191,Wheloon,Selgaunt,Archenbridge to Ordulin,road,road,Horse freight wagon,False,False,205.736411,4000,20.4,10.09,58.09,0.141
LEG-001191,Wheloon,Selgaunt,Archenbridge to Ordulin,road,road,Mule cart,False,False,205.736411,2000,18.4,11.21,25.56,0.124
LEG-001192,Wheloon,Suzail,The Calantar's Way,road,road,Ox freight wagon,False,False,292.310891,6000,22.5,13.01,66.38,0.076
LEG-001192,Wheloon,Suzail,The Calantar's Way,road,road,Horse freight wagon,False,False,292.310891,4000,31.2,9.37,53.97,0.092
LEG-001192,Wheloon,Suzail,The Calantar's Way,road,road,Mule cart,False,False,292.310891,2000,28.1,10.41,23.74,0.081
LEG-001193,Wheloon,Urmlaspyr,Daerlun to Selgaunt via Saerloon junction,road,road,Ox freight wagon,False,False,90.301748,6000,14.7,6.15,31.36,0.116
LEG-001193,Wheloon,Urmlaspyr,Daerlun to Selgaunt via Saerloon junction,road,road,Horse freight wagon,False,False,90.301748,4000,20.4,4.43,25.5,0.141
LEG-001193,Wheloon,Urmlaspyr,Daerlun to Selgaunt via Saerloon junction,road,road,Mule cart,False,False,90.301748,2000,18.4,4.92,11.22,0.124
LEG-001194,Wheloon,Westgate,Daerlun to Cormyr road junction,road,road,Ox freight wagon,False,False,128.856858,6000,14.7,8.77,44.75,0.116
LEG-001194,Wheloon,Westgate,Daerlun to Cormyr road junction,road,road,Horse freight wagon,False,False,128.856858,4000,20.4,6.32,36.38,0.141
LEG-001194,Wheloon,Westgate,Daerlun to Cormyr road junction,road,road,Mule cart,False,False,128.856858,2000,18.4,7.02,16.01,0.124
LEG-001195,Whitehorn,Citadel of the Raven,Whitehorn to Ride trail,trail,trail,Pack pony string,False,False,102.865588,1200,14.0,7.37,13.07,0.212
LEG-001195,Whitehorn,Citadel of the Raven,Whitehorn to Ride trail,trail,trail,Mule train,False,False,102.865588,2400,13.3,7.73,24.76,0.201
LEG-001195,Whitehorn,Citadel of the Raven,Whitehorn to Ride trail,trail,trail,Porter company,False,False,102.865588,1000,10.4,9.92,13.75,0.267
LEG-001196,Winterkeep,Bezantur,The Winterkeep-Bezantur Circle,teleport,teleport,Licensed portal transfer,False,False,954.34007,2000,4750.0,0.2,964.39,1.011
LEG-001196,Winterkeep,Bezantur,The Winterkeep-Bezantur Circle,teleport,teleport,Priority circle transfer,False,False,954.34007,500,5462.5,0.17,325.48,1.364
LEG-001197,Winterkeep,Eltabbar,The Winterkeep Circle,teleport,teleport,Licensed portal transfer,False,False,754.653172,2000,5000.0,0.15,724.47,0.96
LEG-001197,Winterkeep,Eltabbar,The Winterkeep Circle,teleport,teleport,Priority circle transfer,False,False,754.653172,500,5750.0,0.13,244.51,1.296
LEG-001198,Winterkeep,Halarahh,The Halruaan Concordance,teleport,teleport,Licensed portal transfer,False,False,2711.581181,2000,4250.0,0.64,3062.49,1.129
LEG-001198,Winterkeep,Halarahh,The Halruaan Concordance,teleport,teleport,Priority circle transfer,False,False,2711.581181,500,4887.5,0.55,1033.59,1.525
LEG-001199,Winterkeep,Nimbral,The Nimbral Accord,teleport,teleport,Licensed portal transfer,False,False,3483.846257,2000,3750.0,0.93,4459.32,1.28
LEG-001199,Winterkeep,Nimbral,The Nimbral Accord,teleport,teleport,Priority circle transfer,False,False,3483.846257,500,4312.5,0.81,1505.02,1.728
LEG-001200,Winterkeep,Sshamath,The Sshamath Gate,teleport,teleport,Licensed portal transfer,False,False,2533.837457,2000,3250.0,0.78,3742.28,1.477
LEG-001200,Winterkeep,Sshamath,The Sshamath Gate,teleport,teleport,Priority circle transfer,False,False,2533.837457,500,3737.5,0.68,1263.02,1.994
LEG-001201,Xorhun,Gildenglade,Alaghon through Turmish to Hlondeth,road,road,Ox freight wagon,False,False,148.387511,6000,14.7,10.1,51.53,0.116
LEG-001201,Xorhun,Gildenglade,Alaghon through Turmish to Hlondeth,road,road,Horse freight wagon,False,False,148.387511,4000,20.4,7.27,41.9,0.141
LEG-001201,Xorhun,Gildenglade,Alaghon through Turmish to Hlondeth,road,road,Mule cart,False,False,148.387511,2000,18.4,8.08,18.43,0.124
LEG-001202,Xorhun,Hlondeth,Alaghon through Turmish to Hlondeth,road,road,Ox freight wagon,False,False,137.785996,6000,14.7,9.38,47.85,0.116
LEG-001202,Xorhun,Hlondeth,Alaghon through Turmish to Hlondeth,road,road,Horse freight wagon,False,False,137.785996,4000,20.4,6.75,38.9,0.141
LEG-001202,Xorhun,Hlondeth,Alaghon through Turmish to Hlondeth,road,road,Mule cart,False,False,137.785996,2000,18.4,7.5,17.12,0.124
LEG-001203,Yallasch,Theymarsh,Theymarsh to Yallash trail,trail,trail,Pack pony string,False,False,85.46753,1200,14.0,6.12,10.86,0.212
LEG-001203,Yallasch,Theymarsh,Theymarsh to Yallash trail,trail,trail,Mule train,False,False,85.46753,2400,13.3,6.43,20.57,0.201
LEG-001203,Yallasch,Theymarsh,Theymarsh to Yallash trail,trail,trail,Porter company,False,False,85.46753,1000,10.4,8.24,11.43,0.267
LEG-001204,Yartar,Amphail,caravan track,track,track,Camel caravan,True,False,137.372632,3000,17.6,7.81,37.96,0.184
LEG-001204,Yartar,Amphail,caravan track,track,track,Mule caravan,True,False,137.372632,2400,15.3,8.98,33.75,0.205
LEG-001204,Yartar,Amphail,caravan track,track,track,Ox caravan,True,False,137.372632,5000,10.7,12.83,57.65,0.168
LEG-001205,Yartar,Goldenfields,caravan track,track,track,Camel caravan,True,False,131.396233,3000,17.6,7.47,36.31,0.184
LEG-001205,Yartar,Goldenfields,caravan track,track,track,Mule caravan,True,False,131.396233,2400,15.3,8.59,32.28,0.205
LEG-001205,Yartar,Goldenfields,caravan track,track,track,Ox caravan,True,False,131.396233,5000,10.7,12.27,55.14,0.168
LEG-001206,Yartar,Grandfather Tree,Evermoor Way: Triboar to Everlund,road,road,Ox freight wagon,False,False,238.69558,6000,14.7,16.25,82.9,0.116
LEG-001206,Yartar,Grandfather Tree,Evermoor Way: Triboar to Everlund,road,road,Horse freight wagon,False,False,238.69558,4000,20.4,11.7,67.4,0.141
LEG-001206,Yartar,Grandfather Tree,Evermoor Way: Triboar to Everlund,road,road,Mule cart,False,False,238.69558,2000,18.4,13.0,29.65,0.124
LEG-001207,Yartar,Longsaddle,Long Road: Mirabar to Waterdeep,road,road,Ox freight wagon,False,False,183.024217,6000,14.7,12.46,63.56,0.116
LEG-001207,Yartar,Longsaddle,Long Road: Mirabar to Waterdeep,road,road,Horse freight wagon,False,False,183.024217,4000,20.4,8.97,51.68,0.141
LEG-001207,Yartar,Longsaddle,Long Road: Mirabar to Waterdeep,road,road,Mule cart,False,False,183.024217,2000,18.4,9.97,22.74,0.124
LEG-001208,Yartar,Nesmé,The Evermoor Way,road,road,Ox freight wagon,False,False,171.040258,6000,16.4,10.42,53.15,0.104
LEG-001208,Yartar,Nesmé,The Evermoor Way,road,road,Horse freight wagon,False,False,171.040258,4000,22.8,7.5,43.21,0.126
LEG-001208,Yartar,Nesmé,The Evermoor Way,road,road,Mule cart,False,False,171.040258,2000,20.5,8.34,19.01,0.111
LEG-001209,Yartar,Red Larch,The Dessarin,river+road,river,Keelboat,False,True,103.803372,30000,44.1,2.35,97.87,0.063
LEG-001209,Yartar,Red Larch,The Dessarin,river+road,river,River barge,False,True,103.803372,80000,30.2,3.43,214.01,0.052
LEG-001209,Yartar,Red Larch,The Dessarin,river+road,river,Shallow-draft wherry,False,True,103.803372,12000,49.6,2.09,45.02,0.072
LEG-001209,Yartar,Red Larch,The Dessarin,river+road,road,Ox freight wagon,False,True,103.803372,6000,18.1,5.72,29.18,0.094
LEG-001209,Yartar,Red Larch,The Dessarin,river+road,road,Horse freight wagon,False,True,103.803372,4000,25.2,4.12,23.73,0.114
LEG-001209,Yartar,Red Larch,The Dessarin,river+road,road,Mule cart,False,True,103.803372,2000,22.7,4.58,10.44,0.101
LEG-001210,Yartar,Stone Bridge,Evermoor Way: Triboar to Everlund,road,road,Ox freight wagon,False,False,84.600744,6000,14.7,5.76,29.38,0.116
LEG-001210,Yartar,Stone Bridge,Evermoor Way: Triboar to Everlund,road,road,Horse freight wagon,False,False,84.600744,4000,20.4,4.15,23.89,0.141
LEG-001210,Yartar,Stone Bridge,Evermoor Way: Triboar to Everlund,road,road,Mule cart,False,False,84.600744,2000,18.4,4.61,10.51,0.124
LEG-001211,Yartar,Triboar,The Evermoor Way,road,road,Ox freight wagon,False,False,66.172582,6000,16.4,4.03,20.56,0.104
LEG-001211,Yartar,Triboar,The Evermoor Way,road,road,Horse freight wagon,False,False,66.172582,4000,22.8,2.9,16.72,0.126
LEG-001211,Yartar,Triboar,The Evermoor Way,road,road,Mule cart,False,False,66.172582,2000,20.5,3.22,7.36,0.111
LEG-001212,Yeshpek,Mintar,Mintar junction via Yeshpek to Tulmon and Suldolphor,trail,trail,Pack pony string,False,False,179.74383,1200,14.0,12.87,22.83,0.212
LEG-001212,Yeshpek,Mintar,Mintar junction via Yeshpek to Tulmon and Suldolphor,trail,trail,Mule train,False,False,179.74383,2400,13.3,13.51,43.26,0.201
LEG-001212,Yeshpek,Mintar,Mintar junction via Yeshpek to Tulmon and Suldolphor,trail,trail,Porter company,False,False,179.74383,1000,10.4,17.33,24.03,0.267
LEG-001213,Yeshpek,Tulmon,Mintar junction via Yeshpek to Tulmon and Suldolphor,trail,trail,Pack pony string,False,False,48.03353,1200,14.0,3.44,6.1,0.212
LEG-001213,Yeshpek,Tulmon,Mintar junction via Yeshpek to Tulmon and Suldolphor,trail,trail,Mule train,False,False,48.03353,2400,13.3,3.61,11.56,0.201
LEG-001213,Yeshpek,Tulmon,Mintar junction via Yeshpek to Tulmon and Suldolphor,trail,trail,Porter company,False,False,48.03353,1000,10.4,4.63,6.42,0.267
LEG-001214,Yhaunn,Harrowdale Town,Sea of Fallen Stars coasting run,sea,sea,Coasting cog,False,False,144.886197,100000,60.2,2.41,296.48,0.041
LEG-001214,Yhaunn,Harrowdale Town,Sea of Fallen Stars coasting run,sea,sea,Merchant caravel,False,False,144.886197,180000,71.8,2.02,494.14,0.038
LEG-001214,Yhaunn,Harrowdale Town,Sea of Fallen Stars coasting run,sea,sea,Deep-water galleon,False,False,144.886197,400000,65.0,2.23,944.35,0.033
LEG-001215,Yhaunn,Ordulin,The Sembian Roads,road,road,Ox freight wagon,False,False,56.262599,6000,20.7,2.71,13.84,0.082
LEG-001215,Yhaunn,Ordulin,The Sembian Roads,road,road,Horse freight wagon,False,False,56.262599,4000,28.8,1.95,11.25,0.1
LEG-001215,Yhaunn,Ordulin,The Sembian Roads,road,road,Mule cart,False,False,56.262599,2000,25.9,2.17,4.95,0.088
LEG-001216,Yhaunn,Procampur,The Inner Sea Run,sea,sea,Coasting cog,False,False,166.456511,100000,76.0,2.19,269.66,0.032
LEG-001216,Yhaunn,Procampur,The Inner Sea Run,sea,sea,Merchant caravel,False,False,166.456511,180000,90.7,1.83,449.43,0.03
LEG-001216,Yhaunn,Procampur,The Inner Sea Run,sea,sea,Deep-water galleon,False,False,166.456511,400000,82.1,2.03,858.92,0.026
LEG-001217,Yhaunn,Ravens Bluff,Sea of Fallen Stars coasting run,sea,sea,Coasting cog,False,False,160.709054,100000,60.2,2.67,328.86,0.041
LEG-001217,Yhaunn,Ravens Bluff,Sea of Fallen Stars coasting run,sea,sea,Merchant caravel,False,False,160.709054,180000,71.8,2.24,548.1,0.038
LEG-001217,Yhaunn,Ravens Bluff,Sea of Fallen Stars coasting run,sea,sea,Deep-water galleon,False,False,160.709054,400000,65.0,2.47,1047.48,0.033
LEG-001218,Yhaunn,Saerloon,Ordulin to Selgaunt,road,road,Ox freight wagon,False,False,217.128894,6000,14.7,14.78,75.41,0.116
LEG-001218,Yhaunn,Saerloon,Ordulin to Selgaunt,road,road,Horse freight wagon,False,False,217.128894,4000,20.4,10.64,61.31,0.141
LEG-001218,Yhaunn,Saerloon,Ordulin to Selgaunt,road,road,Mule cart,False,False,217.128894,2000,18.4,11.83,26.98,0.124
LEG-001219,Yhaunn,Scardale,Moonsea Ride junction via Essembra to Scardale,road,road,Ox freight wagon,False,False,58.5235,6000,14.7,3.98,20.32,0.116
LEG-001219,Yhaunn,Scardale,Moonsea Ride junction via Essembra to Scardale,road,road,Horse freight wagon,False,False,58.5235,4000,20.4,2.87,16.52,0.141
LEG-001219,Yhaunn,Scardale,Moonsea Ride junction via Essembra to Scardale,road,road,Mule cart,False,False,58.5235,2000,18.4,3.19,7.27,0.124
LEG-001220,Yhaunn,Selgaunt,The Inner Sea Run,sea,sea,Coasting cog,False,False,138.152705,100000,76.0,1.82,223.81,0.032
LEG-001220,Yhaunn,Selgaunt,The Inner Sea Run,sea,sea,Merchant caravel,False,False,138.152705,180000,90.7,1.52,373.01,0.03
LEG-001220,Yhaunn,Selgaunt,The Inner Sea Run,sea,sea,Deep-water galleon,False,False,138.152705,400000,82.1,1.68,712.87,0.026
LEG-001221,Yhaunn,Tantras,Sea of Fallen Stars coasting run,sea,sea,Coasting cog,False,False,138.015724,100000,60.2,2.29,282.42,0.041
LEG-001221,Yhaunn,Tantras,Sea of Fallen Stars coasting run,sea,sea,Merchant caravel,False,False,138.015724,180000,71.8,1.92,470.71,0.038
LEG-001221,Yhaunn,Tantras,Sea of Fallen Stars coasting run,sea,sea,Deep-water galleon,False,False,138.015724,400000,65.0,2.12,899.57,0.033
LEG-001222,Yhep,Dalelost,Ankhapur to Yhep trail,trail,trail,Pack pony string,False,False,54.511742,1200,14.0,3.9,6.92,0.212
LEG-001222,Yhep,Dalelost,Ankhapur to Yhep trail,trail,trail,Mule train,False,False,54.511742,2400,13.3,4.1,13.12,0.201
LEG-001222,Yhep,Dalelost,Ankhapur to Yhep trail,trail,trail,Porter company,False,False,54.511742,1000,10.4,5.25,7.29,0.267
LEG-001223,Ylraphon,Calaunt,Calaunt to Tantras and Ravens Bluff trail branches,trail,trail,Pack pony string,False,False,48.711806,1200,14.0,3.49,6.19,0.212
LEG-001223,Ylraphon,Calaunt,Calaunt to Tantras and Ravens Bluff trail branches,trail,trail,Mule train,False,False,48.711806,2400,13.3,3.66,11.72,0.201
LEG-001223,Ylraphon,Calaunt,Calaunt to Tantras and Ravens Bluff trail branches,trail,trail,Porter company,False,False,48.711806,1000,10.4,4.7,6.51,0.267
LEG-001224,Ylraphon,Dragon Falls,Calaunt to Tantras and Ravens Bluff trail branches,trail,trail,Pack pony string,False,False,141.086018,1200,14.0,10.1,17.92,0.212
LEG-001224,Ylraphon,Dragon Falls,Calaunt to Tantras and Ravens Bluff trail branches,trail,trail,Mule train,False,False,141.086018,2400,13.3,10.61,33.96,0.201
LEG-001224,Ylraphon,Dragon Falls,Calaunt to Tantras and Ravens Bluff trail branches,trail,trail,Porter company,False,False,141.086018,1000,10.4,13.6,18.87,0.267
LEG-001225,Yulash,Teshwave,Voonlar to Yulash cross-road,road,road,Ox freight wagon,False,False,81.76393,6000,14.7,5.57,28.4,0.116
LEG-001225,Yulash,Teshwave,Voonlar to Yulash cross-road,road,road,Horse freight wagon,False,False,81.76393,4000,20.4,4.01,23.09,0.141
LEG-001225,Yulash,Teshwave,Voonlar to Yulash cross-road,road,road,Mule cart,False,False,81.76393,2000,18.4,4.45,10.16,0.124
LEG-001226,Yulash,Voonlar,Teshwave to Zhentil Keep,road,road,Ox freight wagon,False,False,116.819582,6000,14.7,7.95,40.57,0.116
LEG-001226,Yulash,Voonlar,Teshwave to Zhentil Keep,road,road,Horse freight wagon,False,False,116.819582,4000,20.4,5.73,32.98,0.141
LEG-001226,Yulash,Voonlar,Teshwave to Zhentil Keep,road,road,Mule cart,False,False,116.819582,2000,18.4,6.36,14.51,0.124
LEG-001227,Yulash,Zhentil Keep,Teshwave to Zhentil Keep,road,road,Ox freight wagon,False,False,21.633539,6000,14.7,1.47,7.51,0.116
LEG-001227,Yulash,Zhentil Keep,Teshwave to Zhentil Keep,road,road,Horse freight wagon,False,False,21.633539,4000,20.4,1.06,6.11,0.141
LEG-001227,Yulash,Zhentil Keep,Teshwave to Zhentil Keep,road,road,Mule cart,False,False,21.633539,2000,18.4,1.18,2.69,0.124
LEG-001228,Zazesspur,Athkatla,The Trade Way,road,road,Ox freight wagon,False,False,366.46506,6000,22.5,16.31,83.22,0.076
LEG-001228,Zazesspur,Athkatla,The Trade Way,road,road,Horse freight wagon,False,False,366.46506,4000,31.2,11.75,67.66,0.092
LEG-001228,Zazesspur,Athkatla,The Trade Way,road,road,Mule cart,False,False,366.46506,2000,28.1,13.05,29.77,0.081
LEG-001229,Zazesspur,Castle Tethyr,Trade Way: Mosstone to Zazesspur,road,road,Ox freight wagon,False,False,46.895842,6000,14.7,3.19,16.29,0.116
LEG-001229,Zazesspur,Castle Tethyr,Trade Way: Mosstone to Zazesspur,road,road,Horse freight wagon,False,False,46.895842,4000,20.4,2.3,13.24,0.141
LEG-001229,Zazesspur,Castle Tethyr,Trade Way: Mosstone to Zazesspur,road,road,Mule cart,False,False,46.895842,2000,18.4,2.55,5.83,0.124
LEG-001230,Zazesspur,Darromar,The Tethyrian Roads,road,road,Ox freight wagon,False,False,271.312019,6000,18.1,14.95,76.28,0.094
LEG-001230,Zazesspur,Darromar,The Tethyrian Roads,road,road,Horse freight wagon,False,False,271.312019,4000,25.2,10.77,62.01,0.114
LEG-001230,Zazesspur,Darromar,The Tethyrian Roads,road,road,Mule cart,False,False,271.312019,2000,22.7,11.96,27.29,0.101
LEG-001231,Zazesspur,Memnon,The Sword Coast Run,sea,sea,Coasting cog,False,False,146.608902,100000,76.0,1.93,237.51,0.032
LEG-001231,Zazesspur,Memnon,The Sword Coast Run,sea,sea,Merchant caravel,False,False,146.608902,180000,90.7,1.62,395.84,0.03
LEG-001231,Zazesspur,Memnon,The Sword Coast Run,sea,sea,Deep-water galleon,False,False,146.608902,400000,82.1,1.79,756.5,0.026
LEG-001232,Zazesspur,Murann,The Sword Coast Run,sea,sea,Coasting cog,False,False,209.390664,100000,76.0,2.75,339.21,0.032
LEG-001232,Zazesspur,Murann,The Sword Coast Run,sea,sea,Merchant caravel,False,False,209.390664,180000,90.7,2.31,565.35,0.03
LEG-001232,Zazesspur,Murann,The Sword Coast Run,sea,sea,Deep-water galleon,False,False,209.390664,400000,82.1,2.55,1080.46,0.026
LEG-001233,Zazesspur,Myratma,The Trade Way,road,road,Ox freight wagon,False,False,120.88168,6000,22.5,5.38,27.45,0.076
LEG-001233,Zazesspur,Myratma,The Trade Way,road,road,Horse freight wagon,False,False,120.88168,4000,31.2,3.87,22.32,0.092
LEG-001233,Zazesspur,Myratma,The Trade Way,road,road,Mule cart,False,False,120.88168,2000,28.1,4.3,9.82,0.081
LEG-001234,Zazesspur,Velen,Sea of Swords coasting run,sea,sea,Coasting cog,False,False,340.047644,100000,60.2,5.65,695.84,0.041
LEG-001234,Zazesspur,Velen,Sea of Swords coasting run,sea,sea,Merchant caravel,False,False,340.047644,180000,71.8,4.73,1159.74,0.038
LEG-001234,Zazesspur,Velen,Sea of Swords coasting run,sea,sea,Deep-water galleon,False,False,340.047644,400000,65.0,5.23,2216.39,0.033
LEG-001235,Zhentil Keep,Elmwood,The Moonsea Run,sea,sea,Coasting cog,False,False,230.29937,100000,66.5,3.46,426.38,0.037
LEG-001235,Zhentil Keep,Elmwood,The Moonsea Run,sea,sea,Merchant caravel,False,False,230.29937,180000,79.4,2.9,710.64,0.034
LEG-001235,Zhentil Keep,Elmwood,The Moonsea Run,sea,sea,Deep-water galleon,False,False,230.29937,400000,71.8,3.21,1358.11,0.029
LEG-001236,Zhentil Keep,Elventree,Yulash to Hillsfar,road,road,Ox freight wagon,False,False,139.832798,6000,14.7,9.52,48.56,0.116
LEG-001236,Zhentil Keep,Elventree,Yulash to Hillsfar,road,road,Horse freight wagon,False,False,139.832798,4000,20.4,6.85,39.48,0.141
LEG-001236,Zhentil Keep,Elventree,Yulash to Hillsfar,road,road,Mule cart,False,False,139.832798,2000,18.4,7.62,17.37,0.124
LEG-001237,Zhentil Keep,Hillsfar,The Moonsea Run,sea,sea,Coasting cog,False,False,78.365809,100000,66.5,1.18,145.09,0.037
LEG-001237,Zhentil Keep,Hillsfar,The Moonsea Run,sea,sea,Merchant caravel,False,False,78.365809,180000,79.4,0.99,241.81,0.034
LEG-001237,Zhentil Keep,Hillsfar,The Moonsea Run,sea,sea,Deep-water galleon,False,False,78.365809,400000,71.8,1.09,462.13,0.029
LEG-001238,Zhentil Keep,Melvaunt,Moonsea coasting run,sea,sea,Coasting cog,False,False,115.710025,100000,60.2,1.92,236.78,0.041
LEG-001238,Zhentil Keep,Melvaunt,Moonsea coasting run,sea,sea,Merchant caravel,False,False,115.710025,180000,71.8,1.61,394.63,0.038
LEG-001238,Zhentil Keep,Melvaunt,Moonsea coasting run,sea,sea,Deep-water galleon,False,False,115.710025,400000,65.0,1.78,754.19,0.033
LEG-001239,Zhentil Keep,Myth Drannor,caravan track,track,track,Camel caravan,True,False,120.455178,3000,14.5,8.31,40.42,0.224
LEG-001239,Zhentil Keep,Myth Drannor,caravan track,track,track,Mule caravan,True,False,120.455178,2400,12.6,9.56,35.93,0.249
LEG-001239,Zhentil Keep,Myth Drannor,caravan track,track,track,Ox caravan,True,False,120.455178,5000,8.8,13.66,61.38,0.204
LEG-001240,Zhentil Keep,Phlan,Moonsea coasting run,sea,sea,Coasting cog,False,False,74.109446,100000,60.2,1.23,151.65,0.041
LEG-001240,Zhentil Keep,Phlan,Moonsea coasting run,sea,sea,Merchant caravel,False,False,74.109446,180000,71.8,1.03,252.75,0.038
LEG-001240,Zhentil Keep,Phlan,Moonsea coasting run,sea,sea,Deep-water galleon,False,False,74.109446,400000,65.0,1.14,483.04,0.033
LEG-001241,Zhentil Keep,Teshwave,Zhentil Keep to Citadel of the Raven,trail,trail,Pack pony string,False,False,110.18879,1200,14.0,7.89,14.0,0.212
LEG-001241,Zhentil Keep,Teshwave,Zhentil Keep to Citadel of the Raven,trail,trail,Mule train,False,False,110.18879,2400,13.3,8.28,26.52,0.201
LEG-001241,Zhentil Keep,Teshwave,Zhentil Keep to Citadel of the Raven,trail,trail,Porter company,False,False,110.18879,1000,10.4,10.62,14.73,0.267
LEG-001242,Zhentil Keep,Yulash,Teshwave to Zhentil Keep,road,road,Ox freight wagon,False,False,21.633539,6000,14.7,1.47,7.51,0.116
LEG-001242,Zhentil Keep,Yulash,Teshwave to Zhentil Keep,road,road,Horse freight wagon,False,False,21.633539,4000,20.4,1.06,6.11,0.141
LEG-001242,Zhentil Keep,Yulash,Teshwave to Zhentil Keep,road,road,Mule cart,False,False,21.633539,2000,18.4,1.18,2.69,0.124
LEG-001243,Zindalankh,Khalab,Skuld via Maerlar toward Khalab,road,road,Ox freight wagon,False,False,87.391426,6000,14.7,5.95,30.35,0.116
LEG-001243,Zindalankh,Khalab,Skuld via Maerlar toward Khalab,road,road,Horse freight wagon,False,False,87.391426,4000,20.4,4.28,24.68,0.141
LEG-001243,Zindalankh,Khalab,Skuld via Maerlar toward Khalab,road,road,Mule cart,False,False,87.391426,2000,18.4,4.76,10.86,0.124
LEG-001244,Zindalankh,Phannaskul,Skuld via Maerlar toward Khalab,road,road,Ox freight wagon,False,False,286.15022,6000,14.7,19.48,99.38,0.116
LEG-001244,Zindalankh,Phannaskul,Skuld via Maerlar toward Khalab,road,road,Horse freight wagon,False,False,286.15022,4000,20.4,14.03,80.8,0.141
LEG-001244,Zindalankh,Phannaskul,Skuld via Maerlar toward Khalab,road,road,Mule cart,False,False,286.15022,2000,18.4,15.59,35.55,0.124
